url,local_path,http_status,content_type,bytes,discovered_via
https://cdn.jsdelivr.net/npm/@popperjs/core@2.11.8/dist/umd/popper.min.js,site/_external/cdn.jsdelivr.net/npm/@popperjs/core@2.11.8/dist/umd/popper.min.js,200,application/javascript,20122,browser:script dom:desktop dom:mobile
https://cdn.jsdelivr.net/npm/bootstrap@5.3.3/dist/css/bootstrap.min.css,site/_external/cdn.jsdelivr.net/npm/bootstrap@5.3.3/dist/css/bootstrap.min.css,200,text/css,232803,browser:stylesheet dom:desktop dom:mobile
https://cdn.jsdelivr.net/npm/bootstrap@5.3.3/dist/js/bootstrap.min.js,site/_external/cdn.jsdelivr.net/npm/bootstrap@5.3.3/dist/js/bootstrap.min.js,200,application/javascript,60635,browser:script dom:desktop dom:mobile
https://cdn.jsdelivr.net/npm/swiper@11/swiper-bundle.min.css,site/_external/cdn.jsdelivr.net/npm/swiper@11/swiper-bundle.min.css,200,text/css,18454,browser:stylesheet dom:desktop dom:mobile
https://cdn.jsdelivr.net/npm/swiper@11/swiper-bundle.min.js,site/_external/cdn.jsdelivr.net/npm/swiper@11/swiper-bundle.min.js,200,application/javascript,154597,browser:script dom:desktop dom:mobile
https://cdnjs.cloudflare.com/ajax/libs/font-awesome/5.15.4/webfonts/fa-brands-400.eot,site/_external/cdnjs.cloudflare.com/ajax/libs/font-awesome/5.15.4/webfonts/fa-brands-400.eot,200,application/octet-stream,134294,css:https://pandaexteriors.com/wp-content/cache/min/1/ajax/libs/font-awesome/5.15.4/css/all.min.css?ver=1781702328
https://cdnjs.cloudflare.com/ajax/libs/font-awesome/5.15.4/webfonts/fa-brands-400.eot?,site/_external/cdnjs.cloudflare.com/ajax/libs/font-awesome/5.15.4/webfonts/fa-brands-400.eot,200,application/octet-stream,134294,css:https://pandaexteriors.com/wp-content/cache/min/1/ajax/libs/font-awesome/5.15.4/css/all.min.css?ver=1781702328
https://cdnjs.cloudflare.com/ajax/libs/font-awesome/5.15.4/webfonts/fa-brands-400.svg,site/_external/cdnjs.cloudflare.com/ajax/libs/font-awesome/5.15.4/webfonts/fa-brands-400.svg,200,image/svg+xml,747927,css:https://pandaexteriors.com/wp-content/cache/min/1/ajax/libs/font-awesome/5.15.4/css/all.min.css?ver=1781702328
https://cdnjs.cloudflare.com/ajax/libs/font-awesome/5.15.4/webfonts/fa-brands-400.ttf,site/_external/cdnjs.cloudflare.com/ajax/libs/font-awesome/5.15.4/webfonts/fa-brands-400.ttf,200,application/octet-stream,133988,css:https://pandaexteriors.com/wp-content/cache/min/1/ajax/libs/font-awesome/5.15.4/css/all.min.css?ver=1781702328
https://cdnjs.cloudflare.com/ajax/libs/font-awesome/5.15.4/webfonts/fa-brands-400.woff,site/_external/cdnjs.cloudflare.com/ajax/libs/font-awesome/5.15.4/webfonts/fa-brands-400.woff,200,application/octet-stream,89988,css:https://pandaexteriors.com/wp-content/cache/min/1/ajax/libs/font-awesome/5.15.4/css/all.min.css?ver=1781702328
https://cdnjs.cloudflare.com/ajax/libs/font-awesome/5.15.4/webfonts/fa-brands-400.woff2,site/_external/cdnjs.cloudflare.com/ajax/libs/font-awesome/5.15.4/webfonts/fa-brands-400.woff2,200,application/octet-stream,76736,css:https://pandaexteriors.com/wp-content/cache/min/1/ajax/libs/font-awesome/5.15.4/css/all.min.css?ver=1781702328
https://cdnjs.cloudflare.com/ajax/libs/font-awesome/5.15.4/webfonts/fa-regular-400.eot,site/_external/cdnjs.cloudflare.com/ajax/libs/font-awesome/5.15.4/webfonts/fa-regular-400.eot,200,application/octet-stream,34034,css:https://pandaexteriors.com/wp-content/cache/min/1/ajax/libs/font-awesome/5.15.4/css/all.min.css?ver=1781702328
https://cdnjs.cloudflare.com/ajax/libs/font-awesome/5.15.4/webfonts/fa-regular-400.eot?,site/_external/cdnjs.cloudflare.com/ajax/libs/font-awesome/5.15.4/webfonts/fa-regular-400.eot,200,application/octet-stream,34034,css:https://pandaexteriors.com/wp-content/cache/min/1/ajax/libs/font-awesome/5.15.4/css/all.min.css?ver=1781702328
https://cdnjs.cloudflare.com/ajax/libs/font-awesome/5.15.4/webfonts/fa-regular-400.svg,site/_external/cdnjs.cloudflare.com/ajax/libs/font-awesome/5.15.4/webfonts/fa-regular-400.svg,200,image/svg+xml,144714,css:https://pandaexteriors.com/wp-content/cache/min/1/ajax/libs/font-awesome/5.15.4/css/all.min.css?ver=1781702328
https://cdnjs.cloudflare.com/ajax/libs/font-awesome/5.15.4/webfonts/fa-regular-400.ttf,site/_external/cdnjs.cloudflare.com/ajax/libs/font-awesome/5.15.4/webfonts/fa-regular-400.ttf,200,application/octet-stream,33736,css:https://pandaexteriors.com/wp-content/cache/min/1/ajax/libs/font-awesome/5.15.4/css/all.min.css?ver=1781702328
https://cdnjs.cloudflare.com/ajax/libs/font-awesome/5.15.4/webfonts/fa-regular-400.woff,site/_external/cdnjs.cloudflare.com/ajax/libs/font-awesome/5.15.4/webfonts/fa-regular-400.woff,200,application/octet-stream,16276,css:https://pandaexteriors.com/wp-content/cache/min/1/ajax/libs/font-awesome/5.15.4/css/all.min.css?ver=1781702328
https://cdnjs.cloudflare.com/ajax/libs/font-awesome/5.15.4/webfonts/fa-regular-400.woff2,site/_external/cdnjs.cloudflare.com/ajax/libs/font-awesome/5.15.4/webfonts/fa-regular-400.woff2,200,application/octet-stream,13224,css:https://pandaexteriors.com/wp-content/cache/min/1/ajax/libs/font-awesome/5.15.4/css/all.min.css?ver=1781702328
https://cdnjs.cloudflare.com/ajax/libs/font-awesome/5.15.4/webfonts/fa-solid-900.eot,site/_external/cdnjs.cloudflare.com/ajax/libs/font-awesome/5.15.4/webfonts/fa-solid-900.eot,200,application/octet-stream,203030,css:https://pandaexteriors.com/wp-content/cache/min/1/ajax/libs/font-awesome/5.15.4/css/all.min.css?ver=1781702328
https://cdnjs.cloudflare.com/ajax/libs/font-awesome/5.15.4/webfonts/fa-solid-900.eot?,site/_external/cdnjs.cloudflare.com/ajax/libs/font-awesome/5.15.4/webfonts/fa-solid-900.eot,200,application/octet-stream,203030,css:https://pandaexteriors.com/wp-content/cache/min/1/ajax/libs/font-awesome/5.15.4/css/all.min.css?ver=1781702328
https://cdnjs.cloudflare.com/ajax/libs/font-awesome/5.15.4/webfonts/fa-solid-900.svg,site/_external/cdnjs.cloudflare.com/ajax/libs/font-awesome/5.15.4/webfonts/fa-solid-900.svg,200,image/svg+xml,918991,css:https://pandaexteriors.com/wp-content/cache/min/1/ajax/libs/font-awesome/5.15.4/css/all.min.css?ver=1781702328
https://cdnjs.cloudflare.com/ajax/libs/font-awesome/5.15.4/webfonts/fa-solid-900.ttf,site/_external/cdnjs.cloudflare.com/ajax/libs/font-awesome/5.15.4/webfonts/fa-solid-900.ttf,200,application/octet-stream,202744,css:https://pandaexteriors.com/wp-content/cache/min/1/ajax/libs/font-awesome/5.15.4/css/all.min.css?ver=1781702328
https://cdnjs.cloudflare.com/ajax/libs/font-awesome/5.15.4/webfonts/fa-solid-900.woff,site/_external/cdnjs.cloudflare.com/ajax/libs/font-awesome/5.15.4/webfonts/fa-solid-900.woff,200,application/octet-stream,101648,css:https://pandaexteriors.com/wp-content/cache/min/1/ajax/libs/font-awesome/5.15.4/css/all.min.css?ver=1781702328
https://cdnjs.cloudflare.com/ajax/libs/font-awesome/5.15.4/webfonts/fa-solid-900.woff2,site/_external/cdnjs.cloudflare.com/ajax/libs/font-awesome/5.15.4/webfonts/fa-solid-900.woff2,200,application/octet-stream,78268,browser:font dom:desktop dom:mobile
https://cdnjs.cloudflare.com/ajax/libs/font-awesome/6.0.0-beta3/css/all.min.css,site/_external/cdnjs.cloudflare.com/ajax/libs/font-awesome/6.0.0-beta3/css/all.min.css,200,text/css,83981,browser:stylesheet dom:desktop dom:mobile
https://cdnjs.cloudflare.com/ajax/libs/font-awesome/6.0.0-beta3/webfonts/fa-brands-400.ttf,site/_external/cdnjs.cloudflare.com/ajax/libs/font-awesome/6.0.0-beta3/webfonts/fa-brands-400.ttf,200,application/octet-stream,181260,css:https://pandaexteriors.com/wp-content/cache/min/1/ajax/libs/font-awesome/6.0.0-beta3/css/all.min.css?ver=1781702180 css:https://cdnjs.cloudflare.com/ajax/libs/font-awesome/6.0.0-beta3/css/all.min.css
https://cdnjs.cloudflare.com/ajax/libs/font-awesome/6.0.0-beta3/webfonts/fa-brands-400.woff2,site/_external/cdnjs.cloudflare.com/ajax/libs/font-awesome/6.0.0-beta3/webfonts/fa-brands-400.woff2,200,application/octet-stream,105204,css:https://pandaexteriors.com/wp-content/cache/min/1/ajax/libs/font-awesome/6.0.0-beta3/css/all.min.css?ver=1781702180 css:https://cdnjs.cloudflare.com/ajax/libs/font-awesome/6.0.0-beta3/css/all.min.css
https://cdnjs.cloudflare.com/ajax/libs/font-awesome/6.0.0-beta3/webfonts/fa-regular-400.ttf,site/_external/cdnjs.cloudflare.com/ajax/libs/font-awesome/6.0.0-beta3/webfonts/fa-regular-400.ttf,200,application/octet-stream,60208,css:https://pandaexteriors.com/wp-content/cache/min/1/ajax/libs/font-awesome/6.0.0-beta3/css/all.min.css?ver=1781702180 css:https://cdnjs.cloudflare.com/ajax/libs/font-awesome/6.0.0-beta3/css/all.min.css
https://cdnjs.cloudflare.com/ajax/libs/font-awesome/6.0.0-beta3/webfonts/fa-regular-400.woff2,site/_external/cdnjs.cloudflare.com/ajax/libs/font-awesome/6.0.0-beta3/webfonts/fa-regular-400.woff2,200,application/octet-stream,23760,css:https://pandaexteriors.com/wp-content/cache/min/1/ajax/libs/font-awesome/6.0.0-beta3/css/all.min.css?ver=1781702180 css:https://cdnjs.cloudflare.com/ajax/libs/font-awesome/6.0.0-beta3/css/all.min.css
https://cdnjs.cloudflare.com/ajax/libs/font-awesome/6.0.0-beta3/webfonts/fa-solid-900.ttf,site/_external/cdnjs.cloudflare.com/ajax/libs/font-awesome/6.0.0-beta3/webfonts/fa-solid-900.ttf,200,application/octet-stream,298276,css:https://pandaexteriors.com/wp-content/cache/min/1/ajax/libs/font-awesome/6.0.0-beta3/css/all.min.css?ver=1781702180 css:https://cdnjs.cloudflare.com/ajax/libs/font-awesome/6.0.0-beta3/css/all.min.css
https://cdnjs.cloudflare.com/ajax/libs/font-awesome/6.0.0-beta3/webfonts/fa-solid-900.woff2,site/_external/cdnjs.cloudflare.com/ajax/libs/font-awesome/6.0.0-beta3/webfonts/fa-solid-900.woff2,200,application/octet-stream,125064,browser:font dom:desktop dom:mobile
https://cdnjs.cloudflare.com/ajax/libs/font-awesome/6.0.0-beta3/webfonts/fa-v4compatibility.ttf,site/_external/cdnjs.cloudflare.com/ajax/libs/font-awesome/6.0.0-beta3/webfonts/fa-v4compatibility.ttf,200,application/octet-stream,10552,css:https://pandaexteriors.com/wp-content/cache/min/1/ajax/libs/font-awesome/6.0.0-beta3/css/all.min.css?ver=1781702180 css:https://cdnjs.cloudflare.com/ajax/libs/font-awesome/6.0.0-beta3/css/all.min.css
https://cdnjs.cloudflare.com/ajax/libs/font-awesome/6.0.0-beta3/webfonts/fa-v4compatibility.woff2,site/_external/cdnjs.cloudflare.com/ajax/libs/font-awesome/6.0.0-beta3/webfonts/fa-v4compatibility.woff2,200,application/octet-stream,5016,css:https://pandaexteriors.com/wp-content/cache/min/1/ajax/libs/font-awesome/6.0.0-beta3/css/all.min.css?ver=1781702180 css:https://cdnjs.cloudflare.com/ajax/libs/font-awesome/6.0.0-beta3/css/all.min.css
https://cdnjs.cloudflare.com/ajax/libs/font-awesome/6.5.1/css/all.min.css,site/_external/cdnjs.cloudflare.com/ajax/libs/font-awesome/6.5.1/css/all.min.css,200,text/css,102641,browser:stylesheet
https://cdnjs.cloudflare.com/ajax/libs/font-awesome/6.5.1/webfonts/fa-brands-400.ttf,site/_external/cdnjs.cloudflare.com/ajax/libs/font-awesome/6.5.1/webfonts/fa-brands-400.ttf,200,application/octet-stream,207972,css:https://cdnjs.cloudflare.com/ajax/libs/font-awesome/6.5.1/css/all.min.css
https://cdnjs.cloudflare.com/ajax/libs/font-awesome/6.5.1/webfonts/fa-brands-400.woff2,site/_external/cdnjs.cloudflare.com/ajax/libs/font-awesome/6.5.1/webfonts/fa-brands-400.woff2,200,application/octet-stream,117372,browser:font css:https://cdnjs.cloudflare.com/ajax/libs/font-awesome/6.5.1/css/all.min.css
https://cdnjs.cloudflare.com/ajax/libs/font-awesome/6.5.1/webfonts/fa-regular-400.ttf,site/_external/cdnjs.cloudflare.com/ajax/libs/font-awesome/6.5.1/webfonts/fa-regular-400.ttf,200,application/octet-stream,68004,css:https://cdnjs.cloudflare.com/ajax/libs/font-awesome/6.5.1/css/all.min.css
https://cdnjs.cloudflare.com/ajax/libs/font-awesome/6.5.1/webfonts/fa-regular-400.woff2,site/_external/cdnjs.cloudflare.com/ajax/libs/font-awesome/6.5.1/webfonts/fa-regular-400.woff2,200,application/octet-stream,25452,css:https://cdnjs.cloudflare.com/ajax/libs/font-awesome/6.5.1/css/all.min.css
https://cdnjs.cloudflare.com/ajax/libs/font-awesome/6.5.1/webfonts/fa-solid-900.ttf,site/_external/cdnjs.cloudflare.com/ajax/libs/font-awesome/6.5.1/webfonts/fa-solid-900.ttf,200,application/octet-stream,419720,css:https://cdnjs.cloudflare.com/ajax/libs/font-awesome/6.5.1/css/all.min.css
https://cdnjs.cloudflare.com/ajax/libs/font-awesome/6.5.1/webfonts/fa-solid-900.woff2,site/_external/cdnjs.cloudflare.com/ajax/libs/font-awesome/6.5.1/webfonts/fa-solid-900.woff2,200,application/octet-stream,156496,browser:font css:https://cdnjs.cloudflare.com/ajax/libs/font-awesome/6.5.1/css/all.min.css
https://cdnjs.cloudflare.com/ajax/libs/font-awesome/6.5.1/webfonts/fa-v4compatibility.ttf,site/_external/cdnjs.cloudflare.com/ajax/libs/font-awesome/6.5.1/webfonts/fa-v4compatibility.ttf,200,application/octet-stream,10832,css:https://cdnjs.cloudflare.com/ajax/libs/font-awesome/6.5.1/css/all.min.css
https://cdnjs.cloudflare.com/ajax/libs/font-awesome/6.5.1/webfonts/fa-v4compatibility.woff2,site/_external/cdnjs.cloudflare.com/ajax/libs/font-awesome/6.5.1/webfonts/fa-v4compatibility.woff2,200,application/octet-stream,4792,css:https://cdnjs.cloudflare.com/ajax/libs/font-awesome/6.5.1/css/all.min.css
https://cdnjs.cloudflare.com/ajax/libs/jquery-validate/1.20.0/jquery.validate.min.js,site/_external/cdnjs.cloudflare.com/ajax/libs/jquery-validate/1.20.0/jquery.validate.min.js,200,application/javascript,25067,browser:script
https://code.jquery.com/jquery-3.6.0.min.js,site/_external/code.jquery.com/jquery-3.6.0.min.js,200,application/javascript,89501,browser:script dom:desktop dom:mobile
"https://fonts.googleapis.com/css?family=Roboto:300,400,700",site/_external/fonts.googleapis.com/css__q_07e295c83b.css,200,text/css,16161,browser:stylesheet
https://fonts.googleapis.com/css2?family=Inter:wght@400;500;600;700&family=Poppins:wght@500;600;700;800&display=swap,site/_external/fonts.googleapis.com/css2__q_0c7f7be83e.css,200,text/css,14688,browser:stylesheet
https://fonts.googleapis.com/css2?family=Montserrat:wght@300;400;500;600;700&display=swap,site/_external/fonts.googleapis.com/css2__q_c3af9428f3.css,200,text/css,9435,browser:stylesheet
https://fonts.googleapis.com/css2?family=Poppins:wght@500;600;700;800&display=swap,site/_external/fonts.googleapis.com/css2__q_760ffaeab5.css,200,text/css,4804,browser:stylesheet
"https://fonts.googleapis.com/css2?family=Roboto:ital,wght@0,100;0,200;0,300;0,400;0,500;0,600;0,700;0,800;0,900;1,100;1,200;1,300;1,400;1,500;1,600;1,700;1,800;1,900&display=swap",site/_external/fonts.googleapis.com/css2__q_586cdbba1e.css,200,text/css,100764,browser:stylesheet dom:desktop dom:mobile
https://fonts.gstatic.com/s/inter/v20/UcC73FwrK3iLTeHuS_nVMrMxCp50SjIa0ZL7SUc.woff2,site/_external/fonts.gstatic.com/s/inter/v20/UcC73FwrK3iLTeHuS_nVMrMxCp50SjIa0ZL7SUc.woff2,200,font/woff2,18748,css:https://fonts.googleapis.com/css2?family=Inter:wght@400;500;600;700&family=Poppins:wght@500;600;700;800&display=swap
https://fonts.gstatic.com/s/inter/v20/UcC73FwrK3iLTeHuS_nVMrMxCp50SjIa1pL7SUc.woff2,site/_external/fonts.gstatic.com/s/inter/v20/UcC73FwrK3iLTeHuS_nVMrMxCp50SjIa1pL7SUc.woff2,200,font/woff2,18996,css:https://fonts.googleapis.com/css2?family=Inter:wght@400;500;600;700&family=Poppins:wght@500;600;700;800&display=swap
https://fonts.gstatic.com/s/inter/v20/UcC73FwrK3iLTeHuS_nVMrMxCp50SjIa1ZL7.woff2,site/_external/fonts.gstatic.com/s/inter/v20/UcC73FwrK3iLTeHuS_nVMrMxCp50SjIa1ZL7.woff2,200,font/woff2,48256,browser:font css:https://fonts.googleapis.com/css2?family=Inter:wght@400;500;600;700&family=Poppins:wght@500;600;700;800&display=swap
https://fonts.gstatic.com/s/inter/v20/UcC73FwrK3iLTeHuS_nVMrMxCp50SjIa25L7SUc.woff2,site/_external/fonts.gstatic.com/s/inter/v20/UcC73FwrK3iLTeHuS_nVMrMxCp50SjIa25L7SUc.woff2,200,font/woff2,85068,css:https://fonts.googleapis.com/css2?family=Inter:wght@400;500;600;700&family=Poppins:wght@500;600;700;800&display=swap
https://fonts.gstatic.com/s/inter/v20/UcC73FwrK3iLTeHuS_nVMrMxCp50SjIa2JL7SUc.woff2,site/_external/fonts.gstatic.com/s/inter/v20/UcC73FwrK3iLTeHuS_nVMrMxCp50SjIa2JL7SUc.woff2,200,font/woff2,25960,css:https://fonts.googleapis.com/css2?family=Inter:wght@400;500;600;700&family=Poppins:wght@500;600;700;800&display=swap
https://fonts.gstatic.com/s/inter/v20/UcC73FwrK3iLTeHuS_nVMrMxCp50SjIa2pL7SUc.woff2,site/_external/fonts.gstatic.com/s/inter/v20/UcC73FwrK3iLTeHuS_nVMrMxCp50SjIa2pL7SUc.woff2,200,font/woff2,10252,css:https://fonts.googleapis.com/css2?family=Inter:wght@400;500;600;700&family=Poppins:wght@500;600;700;800&display=swap
https://fonts.gstatic.com/s/inter/v20/UcC73FwrK3iLTeHuS_nVMrMxCp50SjIa2ZL7SUc.woff2,site/_external/fonts.gstatic.com/s/inter/v20/UcC73FwrK3iLTeHuS_nVMrMxCp50SjIa2ZL7SUc.woff2,200,font/woff2,11232,css:https://fonts.googleapis.com/css2?family=Inter:wght@400;500;600;700&family=Poppins:wght@500;600;700;800&display=swap
https://fonts.gstatic.com/s/montserrat/v31/JTUSjIg1_i6t8kCHKm459W1hyzbi.woff2,site/_external/fonts.gstatic.com/s/montserrat/v31/JTUSjIg1_i6t8kCHKm459W1hyzbi.woff2,200,font/woff2,23828,css:https://fonts.googleapis.com/css2?family=Montserrat:wght@300;400;500;600;700&display=swap
https://fonts.gstatic.com/s/montserrat/v31/JTUSjIg1_i6t8kCHKm459Wdhyzbi.woff2,site/_external/fonts.gstatic.com/s/montserrat/v31/JTUSjIg1_i6t8kCHKm459Wdhyzbi.woff2,200,font/woff2,70688,css:https://fonts.googleapis.com/css2?family=Montserrat:wght@300;400;500;600;700&display=swap
https://fonts.gstatic.com/s/montserrat/v31/JTUSjIg1_i6t8kCHKm459Wlhyw.woff2,site/_external/fonts.gstatic.com/s/montserrat/v31/JTUSjIg1_i6t8kCHKm459Wlhyw.woff2,200,font/woff2,37956,browser:font css:https://fonts.googleapis.com/css2?family=Montserrat:wght@300;400;500;600;700&display=swap
https://fonts.gstatic.com/s/montserrat/v31/JTUSjIg1_i6t8kCHKm459WRhyzbi.woff2,site/_external/fonts.gstatic.com/s/montserrat/v31/JTUSjIg1_i6t8kCHKm459WRhyzbi.woff2,200,font/woff2,26368,css:https://fonts.googleapis.com/css2?family=Montserrat:wght@300;400;500;600;700&display=swap
https://fonts.gstatic.com/s/montserrat/v31/JTUSjIg1_i6t8kCHKm459WZhyzbi.woff2,site/_external/fonts.gstatic.com/s/montserrat/v31/JTUSjIg1_i6t8kCHKm459WZhyzbi.woff2,200,font/woff2,12928,css:https://fonts.googleapis.com/css2?family=Montserrat:wght@300;400;500;600;700&display=swap
https://fonts.gstatic.com/s/poppins/v24/pxiByp8kv8JHgFVrLCz7Z11lFc-K.woff2,site/_external/fonts.gstatic.com/s/poppins/v24/pxiByp8kv8JHgFVrLCz7Z11lFc-K.woff2,200,font/woff2,39252,css:https://fonts.googleapis.com/css2?family=Inter:wght@400;500;600;700&family=Poppins:wght@500;600;700;800&display=swap css:https://fonts.googleapis.com/css2?family=Poppins:wght@500;600;700;800&display=swap
https://fonts.gstatic.com/s/poppins/v24/pxiByp8kv8JHgFVrLCz7Z1JlFc-K.woff2,site/_external/fonts.gstatic.com/s/poppins/v24/pxiByp8kv8JHgFVrLCz7Z1JlFc-K.woff2,200,font/woff2,5432,css:https://fonts.googleapis.com/css2?family=Inter:wght@400;500;600;700&family=Poppins:wght@500;600;700;800&display=swap css:https://fonts.googleapis.com/css2?family=Poppins:wght@500;600;700;800&display=swap
https://fonts.gstatic.com/s/poppins/v24/pxiByp8kv8JHgFVrLCz7Z1xlFQ.woff2,site/_external/fonts.gstatic.com/s/poppins/v24/pxiByp8kv8JHgFVrLCz7Z1xlFQ.woff2,200,font/woff2,7816,browser:font css:https://fonts.googleapis.com/css2?family=Inter:wght@400;500;600;700&family=Poppins:wght@500;600;700;800&display=swap css:https://fonts.googleapis.com/css2?family=Poppins:wght@500;600;700;800&display=swap
https://fonts.gstatic.com/s/poppins/v24/pxiByp8kv8JHgFVrLDD4Z11lFc-K.woff2,site/_external/fonts.gstatic.com/s/poppins/v24/pxiByp8kv8JHgFVrLDD4Z11lFc-K.woff2,200,font/woff2,38940,css:https://fonts.googleapis.com/css2?family=Inter:wght@400;500;600;700&family=Poppins:wght@500;600;700;800&display=swap css:https://fonts.googleapis.com/css2?family=Poppins:wght@500;600;700;800&display=swap
https://fonts.gstatic.com/s/poppins/v24/pxiByp8kv8JHgFVrLDD4Z1JlFc-K.woff2,site/_external/fonts.gstatic.com/s/poppins/v24/pxiByp8kv8JHgFVrLDD4Z1JlFc-K.woff2,200,font/woff2,5492,css:https://fonts.googleapis.com/css2?family=Inter:wght@400;500;600;700&family=Poppins:wght@500;600;700;800&display=swap css:https://fonts.googleapis.com/css2?family=Poppins:wght@500;600;700;800&display=swap
https://fonts.gstatic.com/s/poppins/v24/pxiByp8kv8JHgFVrLDD4Z1xlFQ.woff2,site/_external/fonts.gstatic.com/s/poppins/v24/pxiByp8kv8JHgFVrLDD4Z1xlFQ.woff2,200,font/woff2,7824,browser:font css:https://fonts.googleapis.com/css2?family=Inter:wght@400;500;600;700&family=Poppins:wght@500;600;700;800&display=swap css:https://fonts.googleapis.com/css2?family=Poppins:wght@500;600;700;800&display=swap
https://fonts.gstatic.com/s/poppins/v24/pxiByp8kv8JHgFVrLEj6Z11lFc-K.woff2,site/_external/fonts.gstatic.com/s/poppins/v24/pxiByp8kv8JHgFVrLEj6Z11lFc-K.woff2,200,font/woff2,39292,css:https://fonts.googleapis.com/css2?family=Inter:wght@400;500;600;700&family=Poppins:wght@500;600;700;800&display=swap css:https://fonts.googleapis.com/css2?family=Poppins:wght@500;600;700;800&display=swap
https://fonts.gstatic.com/s/poppins/v24/pxiByp8kv8JHgFVrLEj6Z1JlFc-K.woff2,site/_external/fonts.gstatic.com/s/poppins/v24/pxiByp8kv8JHgFVrLEj6Z1JlFc-K.woff2,200,font/woff2,5524,css:https://fonts.googleapis.com/css2?family=Inter:wght@400;500;600;700&family=Poppins:wght@500;600;700;800&display=swap css:https://fonts.googleapis.com/css2?family=Poppins:wght@500;600;700;800&display=swap
https://fonts.gstatic.com/s/poppins/v24/pxiByp8kv8JHgFVrLEj6Z1xlFQ.woff2,site/_external/fonts.gstatic.com/s/poppins/v24/pxiByp8kv8JHgFVrLEj6Z1xlFQ.woff2,200,font/woff2,8000,browser:font css:https://fonts.googleapis.com/css2?family=Inter:wght@400;500;600;700&family=Poppins:wght@500;600;700;800&display=swap css:https://fonts.googleapis.com/css2?family=Poppins:wght@500;600;700;800&display=swap
https://fonts.gstatic.com/s/poppins/v24/pxiByp8kv8JHgFVrLGT9Z11lFc-K.woff2,site/_external/fonts.gstatic.com/s/poppins/v24/pxiByp8kv8JHgFVrLGT9Z11lFc-K.woff2,200,font/woff2,39084,css:https://fonts.googleapis.com/css2?family=Inter:wght@400;500;600;700&family=Poppins:wght@500;600;700;800&display=swap css:https://fonts.googleapis.com/css2?family=Poppins:wght@500;600;700;800&display=swap
https://fonts.gstatic.com/s/poppins/v24/pxiByp8kv8JHgFVrLGT9Z1JlFc-K.woff2,site/_external/fonts.gstatic.com/s/poppins/v24/pxiByp8kv8JHgFVrLGT9Z1JlFc-K.woff2,200,font/woff2,5484,css:https://fonts.googleapis.com/css2?family=Inter:wght@400;500;600;700&family=Poppins:wght@500;600;700;800&display=swap css:https://fonts.googleapis.com/css2?family=Poppins:wght@500;600;700;800&display=swap
https://fonts.gstatic.com/s/poppins/v24/pxiByp8kv8JHgFVrLGT9Z1xlFQ.woff2,site/_external/fonts.gstatic.com/s/poppins/v24/pxiByp8kv8JHgFVrLGT9Z1xlFQ.woff2,200,font/woff2,7748,browser:font css:https://fonts.googleapis.com/css2?family=Inter:wght@400;500;600;700&family=Poppins:wght@500;600;700;800&display=swap css:https://fonts.googleapis.com/css2?family=Poppins:wght@500;600;700;800&display=swap
https://fonts.gstatic.com/s/roboto/v48/KFO7CnqEu92Fr1ME7kSn66aGLdTylUAMa3yUBA.woff2,site/_external/fonts.gstatic.com/s/roboto/v48/KFO7CnqEu92Fr1ME7kSn66aGLdTylUAMa3yUBA.woff2,200,font/woff2,40128,browser:font
https://fonts.gstatic.com/s/roboto/v48/KFO7CnqEu92Fr1ME7kSn66aGLdTylUAMa3yUBHMdazQ.woff2,site/_external/fonts.gstatic.com/s/roboto/v48/KFO7CnqEu92Fr1ME7kSn66aGLdTylUAMa3yUBHMdazQ.woff2,200,font/woff2,34668,browser:font
https://fonts.gstatic.com/s/roboto/v51/KFO5CnqEu92Fr1Mu53ZEC9_Vu3r1gIhOszmkaHkaWzU.woff2,site/_external/fonts.gstatic.com/s/roboto/v51/KFO5CnqEu92Fr1Mu53ZEC9_Vu3r1gIhOszmkaHkaWzU.woff2,200,font/woff2,22440,"css:https://fonts.googleapis.com/css2?family=Roboto:ital,wght@0,100;0,200;0,300;0,400;0,500;0,600;0,700;0,800;0,900;1,100;1,200;1,300;1,400;1,500;1,600;1,700;1,800;1,900&display=swap"
https://fonts.gstatic.com/s/roboto/v51/KFO5CnqEu92Fr1Mu53ZEC9_Vu3r1gIhOszmkAnkaWzU.woff2,site/_external/fonts.gstatic.com/s/roboto/v51/KFO5CnqEu92Fr1Mu53ZEC9_Vu3r1gIhOszmkAnkaWzU.woff2,200,font/woff2,25464,"css:https://fonts.googleapis.com/css2?family=Roboto:ital,wght@0,100;0,200;0,300;0,400;0,500;0,600;0,700;0,800;0,900;1,100;1,200;1,300;1,400;1,500;1,600;1,700;1,800;1,900&display=swap"
https://fonts.gstatic.com/s/roboto/v51/KFO5CnqEu92Fr1Mu53ZEC9_Vu3r1gIhOszmkBnka.woff2,site/_external/fonts.gstatic.com/s/roboto/v51/KFO5CnqEu92Fr1Mu53ZEC9_Vu3r1gIhOszmkBnka.woff2,200,font/woff2,47208,"css:https://fonts.googleapis.com/css2?family=Roboto:ital,wght@0,100;0,200;0,300;0,400;0,500;0,600;0,700;0,800;0,900;1,100;1,200;1,300;1,400;1,500;1,600;1,700;1,800;1,900&display=swap"
https://fonts.gstatic.com/s/roboto/v51/KFO5CnqEu92Fr1Mu53ZEC9_Vu3r1gIhOszmkBXkaWzU.woff2,site/_external/fonts.gstatic.com/s/roboto/v51/KFO5CnqEu92Fr1Mu53ZEC9_Vu3r1gIhOszmkBXkaWzU.woff2,200,font/woff2,18780,"css:https://fonts.googleapis.com/css2?family=Roboto:ital,wght@0,100;0,200;0,300;0,400;0,500;0,600;0,700;0,800;0,900;1,100;1,200;1,300;1,400;1,500;1,600;1,700;1,800;1,900&display=swap"
https://fonts.gstatic.com/s/roboto/v51/KFO5CnqEu92Fr1Mu53ZEC9_Vu3r1gIhOszmkC3kaWzU.woff2,site/_external/fonts.gstatic.com/s/roboto/v51/KFO5CnqEu92Fr1Mu53ZEC9_Vu3r1gIhOszmkC3kaWzU.woff2,200,font/woff2,40480,"css:https://fonts.googleapis.com/css2?family=Roboto:ital,wght@0,100;0,200;0,300;0,400;0,500;0,600;0,700;0,800;0,900;1,100;1,200;1,300;1,400;1,500;1,600;1,700;1,800;1,900&display=swap"
https://fonts.gstatic.com/s/roboto/v51/KFO5CnqEu92Fr1Mu53ZEC9_Vu3r1gIhOszmkCHkaWzU.woff2,site/_external/fonts.gstatic.com/s/roboto/v51/KFO5CnqEu92Fr1Mu53ZEC9_Vu3r1gIhOszmkCHkaWzU.woff2,200,font/woff2,31820,"css:https://fonts.googleapis.com/css2?family=Roboto:ital,wght@0,100;0,200;0,300;0,400;0,500;0,600;0,700;0,800;0,900;1,100;1,200;1,300;1,400;1,500;1,600;1,700;1,800;1,900&display=swap"
https://fonts.gstatic.com/s/roboto/v51/KFO5CnqEu92Fr1Mu53ZEC9_Vu3r1gIhOszmkCnkaWzU.woff2,site/_external/fonts.gstatic.com/s/roboto/v51/KFO5CnqEu92Fr1Mu53ZEC9_Vu3r1gIhOszmkCnkaWzU.woff2,200,font/woff2,4452,"css:https://fonts.googleapis.com/css2?family=Roboto:ital,wght@0,100;0,200;0,300;0,400;0,500;0,600;0,700;0,800;0,900;1,100;1,200;1,300;1,400;1,500;1,600;1,700;1,800;1,900&display=swap"
https://fonts.gstatic.com/s/roboto/v51/KFO5CnqEu92Fr1Mu53ZEC9_Vu3r1gIhOszmkCXkaWzU.woff2,site/_external/fonts.gstatic.com/s/roboto/v51/KFO5CnqEu92Fr1Mu53ZEC9_Vu3r1gIhOszmkCXkaWzU.woff2,200,font/woff2,15344,"css:https://fonts.googleapis.com/css2?family=Roboto:ital,wght@0,100;0,200;0,300;0,400;0,500;0,600;0,700;0,800;0,900;1,100;1,200;1,300;1,400;1,500;1,600;1,700;1,800;1,900&display=swap"
https://fonts.gstatic.com/s/roboto/v51/KFO5CnqEu92Fr1Mu53ZEC9_Vu3r1gIhOszmkenkaWzU.woff2,site/_external/fonts.gstatic.com/s/roboto/v51/KFO5CnqEu92Fr1Mu53ZEC9_Vu3r1gIhOszmkenkaWzU.woff2,200,font/woff2,45184,"css:https://fonts.googleapis.com/css2?family=Roboto:ital,wght@0,100;0,200;0,300;0,400;0,500;0,600;0,700;0,800;0,900;1,100;1,200;1,300;1,400;1,500;1,600;1,700;1,800;1,900&display=swap"
https://fonts.gstatic.com/s/roboto/v51/KFO7CnqEu92Fr1ME7kSn66aGLdTylUAMa3-UBGEe.woff2,site/_external/fonts.gstatic.com/s/roboto/v51/KFO7CnqEu92Fr1ME7kSn66aGLdTylUAMa3-UBGEe.woff2,200,font/woff2,17624,"css:https://fonts.googleapis.com/css?family=Roboto:300,400,700 css:https://fonts.googleapis.com/css2?family=Roboto:ital,wght@0,100;0,200;0,300;0,400;0,500;0,600;0,700;0,800;0,900;1,100;1,200;1,300;1,400;1,500;1,600;1,700;1,800;1,900&display=swap"
https://fonts.gstatic.com/s/roboto/v51/KFO7CnqEu92Fr1ME7kSn66aGLdTylUAMa3CUBGEe.woff2,site/_external/fonts.gstatic.com/s/roboto/v51/KFO7CnqEu92Fr1ME7kSn66aGLdTylUAMa3CUBGEe.woff2,200,font/woff2,4348,"css:https://fonts.googleapis.com/css?family=Roboto:300,400,700 css:https://fonts.googleapis.com/css2?family=Roboto:ital,wght@0,100;0,200;0,300;0,400;0,500;0,600;0,700;0,800;0,900;1,100;1,200;1,300;1,400;1,500;1,600;1,700;1,800;1,900&display=swap"
https://fonts.gstatic.com/s/roboto/v51/KFO7CnqEu92Fr1ME7kSn66aGLdTylUAMa3GUBGEe.woff2,site/_external/fonts.gstatic.com/s/roboto/v51/KFO7CnqEu92Fr1ME7kSn66aGLdTylUAMa3GUBGEe.woff2,200,font/woff2,36652,"css:https://fonts.googleapis.com/css?family=Roboto:300,400,700 css:https://fonts.googleapis.com/css2?family=Roboto:ital,wght@0,100;0,200;0,300;0,400;0,500;0,600;0,700;0,800;0,900;1,100;1,200;1,300;1,400;1,500;1,600;1,700;1,800;1,900&display=swap"
https://fonts.gstatic.com/s/roboto/v51/KFO7CnqEu92Fr1ME7kSn66aGLdTylUAMa3iUBGEe.woff2,site/_external/fonts.gstatic.com/s/roboto/v51/KFO7CnqEu92Fr1ME7kSn66aGLdTylUAMa3iUBGEe.woff2,200,font/woff2,23664,"css:https://fonts.googleapis.com/css?family=Roboto:300,400,700 css:https://fonts.googleapis.com/css2?family=Roboto:ital,wght@0,100;0,200;0,300;0,400;0,500;0,600;0,700;0,800;0,900;1,100;1,200;1,300;1,400;1,500;1,600;1,700;1,800;1,900&display=swap"
https://fonts.gstatic.com/s/roboto/v51/KFO7CnqEu92Fr1ME7kSn66aGLdTylUAMa3KUBGEe.woff2,site/_external/fonts.gstatic.com/s/roboto/v51/KFO7CnqEu92Fr1ME7kSn66aGLdTylUAMa3KUBGEe.woff2,200,font/woff2,29392,"css:https://fonts.googleapis.com/css?family=Roboto:300,400,700 css:https://fonts.googleapis.com/css2?family=Roboto:ital,wght@0,100;0,200;0,300;0,400;0,500;0,600;0,700;0,800;0,900;1,100;1,200;1,300;1,400;1,500;1,600;1,700;1,800;1,900&display=swap"
https://fonts.gstatic.com/s/roboto/v51/KFO7CnqEu92Fr1ME7kSn66aGLdTylUAMa3OUBGEe.woff2,site/_external/fonts.gstatic.com/s/roboto/v51/KFO7CnqEu92Fr1ME7kSn66aGLdTylUAMa3OUBGEe.woff2,200,font/woff2,14340,"css:https://fonts.googleapis.com/css?family=Roboto:300,400,700 css:https://fonts.googleapis.com/css2?family=Roboto:ital,wght@0,100;0,200;0,300;0,400;0,500;0,600;0,700;0,800;0,900;1,100;1,200;1,300;1,400;1,500;1,600;1,700;1,800;1,900&display=swap"
https://fonts.gstatic.com/s/roboto/v51/KFO7CnqEu92Fr1ME7kSn66aGLdTylUAMa3yUBA.woff2,site/_external/fonts.gstatic.com/s/roboto/v51/KFO7CnqEu92Fr1ME7kSn66aGLdTylUAMa3yUBA.woff2,200,font/woff2,43136,"browser:font css:https://fonts.googleapis.com/css?family=Roboto:300,400,700"
https://fonts.gstatic.com/s/roboto/v51/KFO7CnqEu92Fr1ME7kSn66aGLdTylUAMawCUBGEe.woff2,site/_external/fonts.gstatic.com/s/roboto/v51/KFO7CnqEu92Fr1ME7kSn66aGLdTylUAMawCUBGEe.woff2,200,font/woff2,41348,"css:https://fonts.googleapis.com/css?family=Roboto:300,400,700 css:https://fonts.googleapis.com/css2?family=Roboto:ital,wght@0,100;0,200;0,300;0,400;0,500;0,600;0,700;0,800;0,900;1,100;1,200;1,300;1,400;1,500;1,600;1,700;1,800;1,900&display=swap"
https://fonts.gstatic.com/s/roboto/v51/KFO7CnqEu92Fr1ME7kSn66aGLdTylUAMaxKUBGEe.woff2,site/_external/fonts.gstatic.com/s/roboto/v51/KFO7CnqEu92Fr1ME7kSn66aGLdTylUAMaxKUBGEe.woff2,200,font/woff2,20556,"css:https://fonts.googleapis.com/css?family=Roboto:300,400,700 css:https://fonts.googleapis.com/css2?family=Roboto:ital,wght@0,100;0,200;0,300;0,400;0,500;0,600;0,700;0,800;0,900;1,100;1,200;1,300;1,400;1,500;1,600;1,700;1,800;1,900&display=swap"
https://pandaexteriors.com/,site/index.html,200,text/html,430588,browser:other
https://pandaexteriors.com/blog/10-questions-to-ask-before-signing-a-roof-replacement-contract/,site/blog/10-questions-to-ask-before-signing-a-roof-replacement-contract/index.html,200,text/html,207936,browser:other
https://pandaexteriors.com/blog/15-questions-to-ask-before-you-hire-a-roofer/,site/blog/15-questions-to-ask-before-you-hire-a-roofer/index.html,200,text/html,197542,browser:other
https://pandaexteriors.com/blog/5-benefits-of-hiring-a-professional-for-roof-replacement/,site/blog/5-benefits-of-hiring-a-professional-for-roof-replacement/index.html,200,text/html,193370,browser:other
https://pandaexteriors.com/blog/5-benefits-of-replacing-your-roof-before-the-holidays/,site/blog/5-benefits-of-replacing-your-roof-before-the-holidays/index.html,200,text/html,202316,browser:other
https://pandaexteriors.com/blog/5-signs-its-time-to-replace-your-roof-before-it-costs-you-more/,site/blog/5-signs-its-time-to-replace-your-roof-before-it-costs-you-more/index.html,200,text/html,201741,browser:other
https://pandaexteriors.com/blog/actual-cash-value-vs-replacement-cost-how-your-roof-insurance-payout-is-calculated/,site/blog/actual-cash-value-vs-replacement-cost-how-your-roof-insurance-payout-is-calculated/index.html,200,text/html,207031,browser:other
https://pandaexteriors.com/blog/adding-solar-to-your-mid-atlantic-home-what-to-know/,site/blog/adding-solar-to-your-mid-atlantic-home-what-to-know/index.html,200,text/html,198832,browser:other
https://pandaexteriors.com/blog/are-skylights-for-you-and-your-roof/,site/blog/are-skylights-for-you-and-your-roof/index.html,200,text/html,192066,browser:other
https://pandaexteriors.com/blog/beat-summer-energy-bills-cut-your-costs-by-90/,site/blog/beat-summer-energy-bills-cut-your-costs-by-90/index.html,200,text/html,200900,browser:other
https://pandaexteriors.com/blog/beat-the-next-noreaster-why-scheduling-your-roof-replacement-before-deep-winter-saves-you-money/,site/blog/beat-the-next-noreaster-why-scheduling-your-roof-replacement-before-deep-winter-saves-you-money/index.html,200,text/html,207993,browser:other
https://pandaexteriors.com/blog/before-school-starts-august-is-the-perfect-time-for-solar-roof-installation/,site/blog/before-school-starts-august-is-the-perfect-time-for-solar-roof-installation/index.html,200,text/html,213270,browser:other
https://pandaexteriors.com/blog/best-exterior-upgrades-before-peak-summer-heat-roofing-and-siding-improvements-that-help-protect-your-home/,site/blog/best-exterior-upgrades-before-peak-summer-heat-roofing-and-siding-improvements-that-help-protect-your-home/index.html,200,text/html,234771,browser:other
https://pandaexteriors.com/blog/best-time-to-go-solar-why-spring-is-a-smart-season-to-pair-roofing-and-solar-upgrades/,site/blog/best-time-to-go-solar-why-spring-is-a-smart-season-to-pair-roofing-and-solar-upgrades/index.html,200,text/html,198580,browser:other
https://pandaexteriors.com/blog/can-you-repair-a-roof-in-freezing-weather-what-homeowners-need-to-know/,site/blog/can-you-repair-a-roof-in-freezing-weather-what-homeowners-need-to-know/index.html,200,text/html,208956,browser:other
https://pandaexteriors.com/blog/can-you-replace-a-roof-in-the-winter-yes-but-heres-the-catch/,site/blog/can-you-replace-a-roof-in-the-winter-yes-but-heres-the-catch/index.html,200,text/html,203287,browser:other
https://pandaexteriors.com/blog/commercial-roofing-industry-and-the-future/,site/blog/commercial-roofing-industry-and-the-future/index.html,200,text/html,199261,browser:other
https://pandaexteriors.com/blog/denied-or-lowballed-how-panda-exteriors-helps-you-re-open-your-winter-roof-insurance-claim/,site/blog/denied-or-lowballed-how-panda-exteriors-helps-you-re-open-your-winter-roof-insurance-claim/index.html,200,text/html,208093,browser:other
https://pandaexteriors.com/blog/do-you-need-a-new-roof/,site/blog/do-you-need-a-new-roof/index.html,200,text/html,189366,browser:other
https://pandaexteriors.com/blog/does-homeowners-insurance-cover-roof-leaks-what-homeowners-need-to-know/,site/blog/does-homeowners-insurance-cover-roof-leaks-what-homeowners-need-to-know/index.html,200,text/html,205245,browser:other
https://pandaexteriors.com/blog/does-your-roof-help-or-hurt-your-curb-appeal/,site/blog/does-your-roof-help-or-hurt-your-curb-appeal/index.html,200,text/html,191502,browser:other
https://pandaexteriors.com/blog/freeze-thaw-damage-the-hidden-problem-after-cold-snaps/,site/blog/freeze-thaw-damage-the-hidden-problem-after-cold-snaps/index.html,200,text/html,204983,browser:other
https://pandaexteriors.com/blog/from-emergency-tarp-to-full-replacement-turning-winter-roof-damage-into-a-long-term-upgrade/,site/blog/from-emergency-tarp-to-full-replacement-turning-winter-roof-damage-into-a-long-term-upgrade/index.html,200,text/html,211774,browser:other
https://pandaexteriors.com/blog/gaf-solar-shingles-maintenance/,site/blog/gaf-solar-shingles-maintenance/index.html,200,text/html,212568,browser:other
https://pandaexteriors.com/blog/gaf-timberline-solar-shingles-installation/,site/blog/gaf-timberline-solar-shingles-installation/index.html,200,text/html,204708,browser:other
https://pandaexteriors.com/blog/gutters-after-winter-cleaning-realignment-and-downspout-flow-tests/,site/blog/gutters-after-winter-cleaning-realignment-and-downspout-flow-tests/index.html,200,text/html,210118,browser:other
https://pandaexteriors.com/blog/gutters-after-winter-signs-its-time-for-repair-or-replacement/,site/blog/gutters-after-winter-signs-its-time-for-repair-or-replacement/index.html,200,text/html,200607,browser:other
https://pandaexteriors.com/blog/home-exteriors-replacement-tips/,site/blog/home-exteriors-replacement-tips/index.html,200,text/html,191667,browser:other
https://pandaexteriors.com/blog/how-a-new-roof-can-lower-your-heating-bills-this-winter/,site/blog/how-a-new-roof-can-lower-your-heating-bills-this-winter/index.html,200,text/html,205497,browser:other
https://pandaexteriors.com/blog/how-did-solar-energy-become-so-cheap/,site/blog/how-did-solar-energy-become-so-cheap/index.html,200,text/html,193758,browser:other
https://pandaexteriors.com/blog/how-hot-weather-affects-solar-roof-output/,site/blog/how-hot-weather-affects-solar-roof-output/index.html,200,text/html,204855,browser:other
https://pandaexteriors.com/blog/how-long-do-you-have-to-file-a-roof-insurance-claim-after-a-storm/,site/blog/how-long-do-you-have-to-file-a-roof-insurance-claim-after-a-storm/index.html,200,text/html,208487,browser:other
https://pandaexteriors.com/blog/how-long-does-a-roof-really-last/,site/blog/how-long-does-a-roof-really-last/index.html,200,text/html,206622,browser:other
https://pandaexteriors.com/blog/how-summer-heat-damages-your-roof-shingle-curling-granule-loss-and-ventilation-warning-signs/,site/blog/how-summer-heat-damages-your-roof-shingle-curling-granule-loss-and-ventilation-warning-signs/index.html,200,text/html,219564,browser:other
https://pandaexteriors.com/blog/how-to-budget-for-a-new-roof-without-the-sticker-shock/,site/blog/how-to-budget-for-a-new-roof-without-the-sticker-shock/index.html,200,text/html,204434,browser:other
https://pandaexteriors.com/blog/how-to-choose-the-right-roofing-contractor/,site/blog/how-to-choose-the-right-roofing-contractor/index.html,200,text/html,200714,browser:other
https://pandaexteriors.com/blog/how-to-clean-solar-panels-and-shingles/,site/blog/how-to-clean-solar-panels-and-shingles/index.html,200,text/html,215165,browser:other
https://pandaexteriors.com/blog/how-we-were-able-to-rank-50-nationwide-as-the-fastest-growing-company-by-inc-5000/,site/blog/how-we-were-able-to-rank-50-nationwide-as-the-fastest-growing-company-by-inc-5000/index.html,200,text/html,195021,browser:other
https://pandaexteriors.com/blog/ice-dams-101-what-they-are-and-how-to-stop-them/,site/blog/ice-dams-101-what-they-are-and-how-to-stop-them/index.html,200,text/html,199490,browser:other
https://pandaexteriors.com/blog/insurance-paid-roof-replacements-a-simple-guide-for-wind-hail-and-ice-damage-claims/,site/blog/insurance-paid-roof-replacements-a-simple-guide-for-wind-hail-and-ice-damage-claims/index.html,200,text/html,210155,browser:other
https://pandaexteriors.com/blog/insurance-roofing-in-spring-the-homeowners-field-guide-to-wind-and-hail-claims/,site/blog/insurance-roofing-in-spring-the-homeowners-field-guide-to-wind-and-hail-claims/index.html,200,text/html,206367,browser:other
https://pandaexteriors.com/blog/is-it-safe-to-install-a-new-roof-in-the-winter-myths-vs-facts/,site/blog/is-it-safe-to-install-a-new-roof-in-the-winter-myths-vs-facts/index.html,200,text/html,194486,browser:other
https://pandaexteriors.com/blog/is-your-attic-costing-you-money-this-spring-how-insulation-affects-roof-health-and-energy-bills/,site/blog/is-your-attic-costing-you-money-this-spring-how-insulation-affects-roof-health-and-energy-bills/index.html,200,text/html,198604,browser:other
https://pandaexteriors.com/blog/is-your-roof-ready-for-snow-how-to-prepare-before-the-first-flake-falls/,site/blog/is-your-roof-ready-for-snow-how-to-prepare-before-the-first-flake-falls/index.html,200,text/html,199387,browser:other
https://pandaexteriors.com/blog/is-your-siding-fading-from-sun-exposure-when-summer-uv-damage-means-its-time-to-replace/,site/blog/is-your-siding-fading-from-sun-exposure-when-summer-uv-damage-means-its-time-to-replace/index.html,200,text/html,227398,browser:other
https://pandaexteriors.com/blog/offer/10-off-roof-replacement/,site/blog/offer/10-off-roof-replacement/index.html,200,text/html,170332,browser:other
https://pandaexteriors.com/blog/offer/1500-off-solar-project/,site/blog/offer/1500-off-solar-project/index.html,200,text/html,169339,browser:other
https://pandaexteriors.com/blog/offer/find-out-about-our-no-interest-financial-options/,site/blog/offer/find-out-about-our-no-interest-financial-options/index.html,200,text/html,174022,browser:other
https://pandaexteriors.com/blog/offer/our-installation-work-is-completed-by-certified-professionals/,site/blog/offer/our-installation-work-is-completed-by-certified-professionals/index.html,200,text/html,176613,browser:other
https://pandaexteriors.com/blog/offer/professional-remodels-backed-by-a-100-satisfaction-guarantee/Professional%20Remodels%20Backed%20By%20a%20100%%20Satisfaction%20Guarantee!,,400,text/html,150,dom:desktop dom:mobile
https://pandaexteriors.com/blog/often-overlooked-roofing-issues-and-items/,site/blog/often-overlooked-roofing-issues-and-items/index.html,200,text/html,192829,browser:other
https://pandaexteriors.com/blog/quarterly-inspection/,site/blog/quarterly-inspection/index.html,200,text/html,192265,browser:other
https://pandaexteriors.com/blog/repair-or-replace-how-to-decide-after-a-winter-storm-beats-up-your-roof/,site/blog/repair-or-replace-how-to-decide-after-a-winter-storm-beats-up-your-roof/index.html,200,text/html,209155,browser:other
https://pandaexteriors.com/blog/repair-vs-replace-after-a-storm-the-spring-decision-matrix-insurers-use-and-how-to-tell-what-your-roof-actually-needs/,site/blog/repair-vs-replace-after-a-storm-the-spring-decision-matrix-insurers-use-and-how-to-tell-what-your-roof-actually-needs/index.html,200,text/html,207015,browser:other
https://pandaexteriors.com/blog/replacing-a-roof-in-2024/,site/blog/replacing-a-roof-in-2024/index.html,200,text/html,193697,browser:other
https://pandaexteriors.com/blog/replacing-your-roof-with-gaf-timberline-solar-shingles/,site/blog/replacing-your-roof-with-gaf-timberline-solar-shingles/index.html,200,text/html,203024,browser:other
https://pandaexteriors.com/blog/roof-flashing-repair/,site/blog/roof-flashing-repair/index.html,200,text/html,192511,browser:other
https://pandaexteriors.com/blog/roof-insurance-deductibles-explained-what-will-you-pay-after-storm-damage/,site/blog/roof-insurance-deductibles-explained-what-will-you-pay-after-storm-damage/index.html,200,text/html,207034,browser:other
https://pandaexteriors.com/blog/roof-leak-season-is-here-why-spring-rain-exposes-hidden-winter-damage/,site/blog/roof-leak-season-is-here-why-spring-rain-exposes-hidden-winter-damage/index.html,200,text/html,198656,browser:other
https://pandaexteriors.com/blog/roof-repair-or-replace/,site/blog/roof-repair-or-replace/index.html,200,text/html,202707,browser:other
https://pandaexteriors.com/blog/roof-replacement-timeline/,site/blog/roof-replacement-timeline/index.html,200,text/html,202436,browser:other
https://pandaexteriors.com/blog/seasonal-roof-maintenance-tips-for-every-time-of-year/,site/blog/seasonal-roof-maintenance-tips-for-every-time-of-year/index.html,200,text/html,192664,browser:other
https://pandaexteriors.com/blog/shielding-new-jersey-homes-the-essential-role-of-quality-roof-replacement-in-extreme-weather-preparedness/,site/blog/shielding-new-jersey-homes-the-essential-role-of-quality-roof-replacement-in-extreme-weather-preparedness/index.html,200,text/html,194061,browser:other
https://pandaexteriors.com/blog/should-you-repair-or-replace-your-roof-after-a-spring-storm/,site/blog/should-you-repair-or-replace-your-roof-after-a-spring-storm/index.html,200,text/html,197974,browser:other
https://pandaexteriors.com/blog/siding-and-exterior-cleaning-the-safe-way-to-remove-algae-mildew-and-pollen/,site/blog/siding-and-exterior-cleaning-the-safe-way-to-remove-algae-mildew-and-pollen/index.html,200,text/html,215820,browser:other
https://pandaexteriors.com/blog/signs-you-need-attic-insulation/,site/blog/signs-you-need-attic-insulation/index.html,200,text/html,193062,browser:other
https://pandaexteriors.com/blog/solar-financing-gaf-solar-shingles/,site/blog/solar-financing-gaf-solar-shingles/index.html,200,text/html,204826,browser:other
https://pandaexteriors.com/blog/solar-roof-inspection-summer-maintenance-for-maximum-performance/,site/blog/solar-roof-inspection-summer-maintenance-for-maximum-performance/index.html,200,text/html,207234,browser:other
https://pandaexteriors.com/blog/solar-shingles-vs-traditional-solar-panels/,site/blog/solar-shingles-vs-traditional-solar-panels/index.html,200,text/html,207987,browser:other
https://pandaexteriors.com/blog/spring-exterior-refresh-when-to-replace-siding-roofing-and-gutters-together/,site/blog/spring-exterior-refresh-when-to-replace-siding-roofing-and-gutters-together/index.html,200,text/html,198427,browser:other
https://pandaexteriors.com/blog/spring-is-a-great-season-for-roof-inspections/,site/blog/spring-is-a-great-season-for-roof-inspections/index.html,200,text/html,192395,browser:other
https://pandaexteriors.com/blog/spring-leak-map-how-to-spot-the-failure-points-before-they-become-interior-damage/,site/blog/spring-leak-map-how-to-spot-the-failure-points-before-they-become-interior-damage/index.html,200,text/html,212356,browser:other
https://pandaexteriors.com/blog/spring-rain-leak-season-why-roof-leaks-show-up-in-march-and-april/,site/blog/spring-rain-leak-season-why-roof-leaks-show-up-in-march-and-april/index.html,200,text/html,213039,browser:other
https://pandaexteriors.com/blog/spring-roof-inspection-checklist-9-problems-homeowners-miss-after-winter/,site/blog/spring-roof-inspection-checklist-9-problems-homeowners-miss-after-winter/index.html,200,text/html,201857,browser:other
https://pandaexteriors.com/blog/storm-just-hit-what-to-do-in-the-first-24-hours-if-you-suspect-roof-damage/,site/blog/storm-just-hit-what-to-do-in-the-first-24-hours-if-you-suspect-roof-damage/index.html,200,text/html,208175,browser:other
https://pandaexteriors.com/blog/storm-proofing-how-gaf-solar-shingles-handle-severe-weather/,site/blog/storm-proofing-how-gaf-solar-shingles-handle-severe-weather/index.html,200,text/html,207907,browser:other
https://pandaexteriors.com/blog/the-components-of-a-roof-replacement/,site/blog/the-components-of-a-roof-replacement/index.html,200,text/html,192511,browser:other
https://pandaexteriors.com/blog/the-end-of-winter-roof-survival-checklist/,site/blog/the-end-of-winter-roof-survival-checklist/index.html,200,text/html,204233,browser:other
https://pandaexteriors.com/blog/the-greatness-of-gutters/,site/blog/the-greatness-of-gutters/index.html,200,text/html,191584,browser:other
https://pandaexteriors.com/blog/the-role-of-solar-panels-in-reducing-peak-electricity-demand/,site/blog/the-role-of-solar-panels-in-reducing-peak-electricity-demand/index.html,200,text/html,198761,browser:other
https://pandaexteriors.com/blog/the-top-5-benefits-of-solar-panels-for-homeowners/,site/blog/the-top-5-benefits-of-solar-panels-for-homeowners/index.html,200,text/html,195027,browser:other
https://pandaexteriors.com/blog/understanding-roof-warranties-whats-covered-and-whats-not/,site/blog/understanding-roof-warranties-whats-covered-and-whats-not/index.html,200,text/html,206646,browser:other
https://pandaexteriors.com/blog/what-are-ice-dams-and-how-can-they-damage-my-roof-this-february/,site/blog/what-are-ice-dams-and-how-can-they-damage-my-roof-this-february/index.html,200,text/html,193518,browser:other
https://pandaexteriors.com/blog/what-cold-weather-does-to-a-failing-roof-and-how-to-avoid-it/,site/blog/what-cold-weather-does-to-a-failing-roof-and-how-to-avoid-it/index.html,200,text/html,202307,browser:other
https://pandaexteriors.com/blog/what-is-a-roofing-insurance-supplement-and-why-might-your-claim-need-one/,site/blog/what-is-a-roofing-insurance-supplement-and-why-might-your-claim-need-one/index.html,200,text/html,207362,browser:other
https://pandaexteriors.com/blog/what-questions-should-i-ask-a-roofing-contractor/,site/blog/what-questions-should-i-ask-a-roofing-contractor/index.html,200,text/html,193478,browser:other
https://pandaexteriors.com/blog/when-the-sun-shines-we-shine-together-your-reasons-to-go-solar-part-1-3/,site/blog/when-the-sun-shines-we-shine-together-your-reasons-to-go-solar-part-1-3/index.html,200,text/html,194250,browser:other
https://pandaexteriors.com/blog/when-the-sun-shines-we-shine-together-your-reasons-to-go-solar-part-2-3/,site/blog/when-the-sun-shines-we-shine-together-your-reasons-to-go-solar-part-2-3/index.html,200,text/html,200179,browser:other
https://pandaexteriors.com/blog/when-the-sun-shines-we-shine-together-your-reasons-to-go-solar-part-3-3/,site/blog/when-the-sun-shines-we-shine-together-your-reasons-to-go-solar-part-3-3/index.html,200,text/html,195610,browser:other
https://pandaexteriors.com/blog/why-fall-2024-is-the-best-time-to-combine-roof-upgrades-with-solar-installation-in-the-mid-atlantic/,site/blog/why-fall-2024-is-the-best-time-to-combine-roof-upgrades-with-solar-installation-in-the-mid-atlantic/index.html,200,text/html,198546,browser:other
https://pandaexteriors.com/blog/why-fall-is-the-best-season-to-replace-your-roof/,site/blog/why-fall-is-the-best-season-to-replace-your-roof/index.html,200,text/html,198944,browser:other
https://pandaexteriors.com/blog/why-your-upstairs-gets-so-hot-in-summer-the-connection-between-roofing-ventilation-and-exterior-materials/,site/blog/why-your-upstairs-gets-so-hot-in-summer-the-connection-between-roofing-ventilation-and-exterior-materials/index.html,200,text/html,219267,browser:other
https://pandaexteriors.com/blog/wind-and-hail-prep-what-to-fix-now-before-the-next-storm/,site/blog/wind-and-hail-prep-what-to-fix-now-before-the-next-storm/index.html,200,text/html,212805,browser:other
https://pandaexteriors.com/blog/winter-proof-your-home-roof-gutters-and-attic-upgrades-that-stop-ice-dams-and-heat-loss/,site/blog/winter-proof-your-home-roof-gutters-and-attic-upgrades-that-stop-ice-dams-and-heat-loss/index.html,200,text/html,213621,browser:other
https://pandaexteriors.com/blog/winter-ready-roofs-why-every-roof-needs-a-tune-up-before-first-freeze/,site/blog/winter-ready-roofs-why-every-roof-needs-a-tune-up-before-first-freeze/index.html,200,text/html,208258,browser:other
https://pandaexteriors.com/blog/winter-roof-repair-checklist-9-small-issues-to-fix-before-they-turn-into-big-leaks/,site/blog/winter-roof-repair-checklist-9-small-issues-to-fix-before-they-turn-into-big-leaks/index.html,200,text/html,205870,browser:other
https://pandaexteriors.com/blog/winter-roof-replacement/,site/blog/winter-roof-replacement/index.html,200,text/html,189482,browser:other
https://pandaexteriors.com/blog/yes-you-can-replace-your-roof-in-winter-pros-cons-and-how-panda-exteriors-makes-it-work/,site/blog/yes-you-can-replace-your-roof-in-winter-pros-cons-and-how-panda-exteriors-makes-it-work/index.html,200,text/html,210040,browser:other
https://pandaexteriors.com/commerical-roofing/,site/commerical-roofing/index.html,200,text/html,353940,browser:other
https://pandaexteriors.com/commerical-roofing/roof-replacement/,site/commerical-roofing/roof-replacement/index.html,200,text/html,177021,browser:other
https://pandaexteriors.com/commerical-roofing/roof-types/,site/commerical-roofing/roof-types/index.html,200,text/html,180455,browser:other
https://pandaexteriors.com/contact-us/,site/contact-us/index.html,200,text/html,165273,browser:other
https://pandaexteriors.com/gallery/,site/gallery/index.html,200,text/html,305698,browser:other
https://pandaexteriors.com/gutters/,site/gutters/index.html,200,text/html,345162,browser:other
https://pandaexteriors.com/gutters/gutter-guards/,site/gutters/gutter-guards/index.html,200,text/html,175403,browser:other
https://pandaexteriors.com/main-sitemap.xsl,site/main-sitemap.xsl,200,text/xml,7728,inventory:sitemap-stylesheet
https://pandaexteriors.com/past-projects/,site/past-projects/index.html,200,text/html,272956,browser:other
https://pandaexteriors.com/powerwash/,,404,text/html,104080,browser:other dom:mobile
https://pandaexteriors.com/privacy-policy,site/privacy-policy/index.html,200,text/html,152339,browser:other
https://pandaexteriors.com/privacy-policy/,site/privacy-policy/index.html,200,text/html,152339,browser:other
https://pandaexteriors.com/roofing/,site/roofing/index.html,200,text/html,363043,browser:other
https://pandaexteriors.com/roofing/replacement/,site/roofing/replacement/index.html,200,text/html,175679,browser:other
https://pandaexteriors.com/roofing/types/,site/roofing/types/index.html,200,text/html,335879,browser:other
https://pandaexteriors.com/service-areas/,site/service-areas/index.html,200,text/html,194047,browser:other
https://pandaexteriors.com/siding/,site/siding/index.html,200,text/html,347845,browser:other
https://pandaexteriors.com/site.webmanifest,,404,text/html,104081,inventory:manifest
https://pandaexteriors.com/solar/,site/solar/index.html,200,text/html,359005,browser:other
https://pandaexteriors.com/solar/gaf-solar-roof/,site/solar/gaf-solar-roof/index.html,200,text/html,166894,browser:other
https://pandaexteriors.com/solar/solar-panel-installations/,site/solar/solar-panel-installations/index.html,200,text/html,166466,browser:other
https://pandaexteriors.com/window-replacement/,,404,text/html,104080,browser:other dom:mobile
https://pandaexteriors.com/wp-content/cache/background-css/1/pandaexteriors.com/wp-content/cache/min/1/wp-content/plugins/oxygen/subplugins/breakdance-elements/dependencies-files/lightgallery@2/css/lightgallery-bundle.min.css?ver=1781702180&wpr_t=1790661386,site/wp-content/cache/background-css/1/pandaexteriors.com/wp-content/cache/min/1/wp-content/plugins/oxygen/subplugins/breakdance-elements/dependencies-files/lightgallery@2/css/lightgallery-bundle.min__q_869217f834.css,200,text/css,31146,browser:stylesheet dom:desktop dom:mobile
https://pandaexteriors.com/wp-content/cache/background-css/1/pandaexteriors.com/wp-content/cache/min/1/wp-content/plugins/oxygen/subplugins/breakdance-elements/dependencies-files/lightgallery@2/css/lightgallery-bundle.min.css?ver=1781702180&wpr_t=1790661937,site/wp-content/cache/background-css/1/pandaexteriors.com/wp-content/cache/min/1/wp-content/plugins/oxygen/subplugins/breakdance-elements/dependencies-files/lightgallery@2/css/lightgallery-bundle.min__q_94d8478531.css,200,text/css,31146,browser:stylesheet dom:desktop dom:mobile
https://pandaexteriors.com/wp-content/cache/background-css/1/pandaexteriors.com/wp-content/cache/min/1/wp-content/plugins/oxygen/subplugins/breakdance-elements/dependencies-files/lightgallery@2/css/lightgallery-bundle.min.css?ver=1781702180&wpr_t=1790661941,site/wp-content/cache/background-css/1/pandaexteriors.com/wp-content/cache/min/1/wp-content/plugins/oxygen/subplugins/breakdance-elements/dependencies-files/lightgallery@2/css/lightgallery-bundle.min__q_124bfb73b0.css,200,text/css,31146,browser:stylesheet dom:desktop dom:mobile
https://pandaexteriors.com/wp-content/cache/background-css/1/pandaexteriors.com/wp-content/cache/min/1/wp-content/plugins/oxygen/subplugins/breakdance-elements/dependencies-files/lightgallery@2/css/lightgallery-bundle.min.css?ver=1781702180&wpr_t=1790686600,site/wp-content/cache/background-css/1/pandaexteriors.com/wp-content/cache/min/1/wp-content/plugins/oxygen/subplugins/breakdance-elements/dependencies-files/lightgallery@2/css/lightgallery-bundle.min__q_37b49e532a.css,200,text/css,31146,browser:stylesheet dom:desktop dom:mobile
https://pandaexteriors.com/wp-content/cache/background-css/1/pandaexteriors.com/wp-content/cache/min/1/wp-content/plugins/oxygen/subplugins/breakdance-elements/dependencies-files/lightgallery@2/css/lightgallery-bundle.min.css?ver=1781702180&wpr_t=1790690907,site/wp-content/cache/background-css/1/pandaexteriors.com/wp-content/cache/min/1/wp-content/plugins/oxygen/subplugins/breakdance-elements/dependencies-files/lightgallery@2/css/lightgallery-bundle.min__q_d4c0d1e541.css,200,text/css,31146,browser:stylesheet dom:desktop dom:mobile
https://pandaexteriors.com/wp-content/cache/background-css/1/pandaexteriors.com/wp-content/cache/min/1/wp-content/plugins/oxygen/subplugins/breakdance-elements/dependencies-files/lightgallery@2/css/lightgallery-bundle.min.css?ver=1781702180&wpr_t=1790690912,site/wp-content/cache/background-css/1/pandaexteriors.com/wp-content/cache/min/1/wp-content/plugins/oxygen/subplugins/breakdance-elements/dependencies-files/lightgallery@2/css/lightgallery-bundle.min__q_f0305eaf5b.css,200,text/css,31146,browser:stylesheet dom:desktop dom:mobile
https://pandaexteriors.com/wp-content/cache/background-css/1/pandaexteriors.com/wp-content/cache/min/1/wp-content/plugins/oxygen/subplugins/breakdance-elements/dependencies-files/lightgallery@2/css/lightgallery-bundle.min.css?ver=1781702180&wpr_t=1790690914,site/wp-content/cache/background-css/1/pandaexteriors.com/wp-content/cache/min/1/wp-content/plugins/oxygen/subplugins/breakdance-elements/dependencies-files/lightgallery@2/css/lightgallery-bundle.min__q_62c27f921b.css,200,text/css,31146,browser:stylesheet dom:desktop dom:mobile
https://pandaexteriors.com/wp-content/cache/background-css/1/pandaexteriors.com/wp-content/cache/min/1/wp-content/uploads/oxygen/css/oxy-selectors.css?ver=1781702180&wpr_t=1790646717,site/wp-content/cache/background-css/1/pandaexteriors.com/wp-content/cache/min/1/wp-content/uploads/oxygen/css/oxy-selectors__q_0b77649e4c.css,200,text/css,71297,browser:stylesheet dom:desktop dom:mobile
https://pandaexteriors.com/wp-content/cache/background-css/1/pandaexteriors.com/wp-content/cache/min/1/wp-content/uploads/oxygen/css/oxy-selectors.css?ver=1781702180&wpr_t=1790651191,site/wp-content/cache/background-css/1/pandaexteriors.com/wp-content/cache/min/1/wp-content/uploads/oxygen/css/oxy-selectors__q_0ffe203bc1.css,200,text/css,71297,browser:stylesheet dom:desktop dom:mobile
https://pandaexteriors.com/wp-content/cache/background-css/1/pandaexteriors.com/wp-content/cache/min/1/wp-content/uploads/oxygen/css/oxy-selectors.css?ver=1781702180&wpr_t=1790652968,site/wp-content/cache/background-css/1/pandaexteriors.com/wp-content/cache/min/1/wp-content/uploads/oxygen/css/oxy-selectors__q_56e04ec535.css,200,text/css,71297,browser:stylesheet dom:desktop dom:mobile
https://pandaexteriors.com/wp-content/cache/background-css/1/pandaexteriors.com/wp-content/cache/min/1/wp-content/uploads/oxygen/css/oxy-selectors.css?ver=1781702180&wpr_t=1790653243,site/wp-content/cache/background-css/1/pandaexteriors.com/wp-content/cache/min/1/wp-content/uploads/oxygen/css/oxy-selectors__q_35a8802d04.css,200,text/css,71297,browser:stylesheet dom:desktop dom:mobile
https://pandaexteriors.com/wp-content/cache/background-css/1/pandaexteriors.com/wp-content/cache/min/1/wp-content/uploads/oxygen/css/oxy-selectors.css?ver=1781702180&wpr_t=1790653274,site/wp-content/cache/background-css/1/pandaexteriors.com/wp-content/cache/min/1/wp-content/uploads/oxygen/css/oxy-selectors__q_16790edd32.css,200,text/css,71297,browser:stylesheet dom:desktop dom:mobile
https://pandaexteriors.com/wp-content/cache/background-css/1/pandaexteriors.com/wp-content/cache/min/1/wp-content/uploads/oxygen/css/oxy-selectors.css?ver=1781702180&wpr_t=1790653276,site/wp-content/cache/background-css/1/pandaexteriors.com/wp-content/cache/min/1/wp-content/uploads/oxygen/css/oxy-selectors__q_a5ba85ac8b.css,200,text/css,71297,browser:stylesheet dom:desktop dom:mobile
https://pandaexteriors.com/wp-content/cache/background-css/1/pandaexteriors.com/wp-content/cache/min/1/wp-content/uploads/oxygen/css/oxy-selectors.css?ver=1781702180&wpr_t=1790653278,site/wp-content/cache/background-css/1/pandaexteriors.com/wp-content/cache/min/1/wp-content/uploads/oxygen/css/oxy-selectors__q_81dcb4aa6a.css,200,text/css,71297,browser:stylesheet dom:desktop dom:mobile
https://pandaexteriors.com/wp-content/cache/background-css/1/pandaexteriors.com/wp-content/cache/min/1/wp-content/uploads/oxygen/css/oxy-selectors.css?ver=1781702180&wpr_t=1790655580,site/wp-content/cache/background-css/1/pandaexteriors.com/wp-content/cache/min/1/wp-content/uploads/oxygen/css/oxy-selectors__q_6f59fb3cf9.css,200,text/css,71297,browser:stylesheet dom:desktop dom:mobile
https://pandaexteriors.com/wp-content/cache/background-css/1/pandaexteriors.com/wp-content/cache/min/1/wp-content/uploads/oxygen/css/oxy-selectors.css?ver=1781702180&wpr_t=1790655582,site/wp-content/cache/background-css/1/pandaexteriors.com/wp-content/cache/min/1/wp-content/uploads/oxygen/css/oxy-selectors__q_0f23a9eb1f.css,200,text/css,71297,browser:stylesheet dom:desktop dom:mobile
https://pandaexteriors.com/wp-content/cache/background-css/1/pandaexteriors.com/wp-content/cache/min/1/wp-content/uploads/oxygen/css/oxy-selectors.css?ver=1781702180&wpr_t=1790655584,site/wp-content/cache/background-css/1/pandaexteriors.com/wp-content/cache/min/1/wp-content/uploads/oxygen/css/oxy-selectors__q_aacddd080f.css,200,text/css,71297,browser:stylesheet dom:desktop dom:mobile
https://pandaexteriors.com/wp-content/cache/background-css/1/pandaexteriors.com/wp-content/cache/min/1/wp-content/uploads/oxygen/css/oxy-selectors.css?ver=1781702180&wpr_t=1790655586,site/wp-content/cache/background-css/1/pandaexteriors.com/wp-content/cache/min/1/wp-content/uploads/oxygen/css/oxy-selectors__q_73b53701ea.css,200,text/css,71297,browser:stylesheet dom:desktop dom:mobile
https://pandaexteriors.com/wp-content/cache/background-css/1/pandaexteriors.com/wp-content/cache/min/1/wp-content/uploads/oxygen/css/oxy-selectors.css?ver=1781702180&wpr_t=1790656617,site/wp-content/cache/background-css/1/pandaexteriors.com/wp-content/cache/min/1/wp-content/uploads/oxygen/css/oxy-selectors__q_8207c0399f.css,200,text/css,71297,browser:stylesheet dom:desktop dom:mobile
https://pandaexteriors.com/wp-content/cache/background-css/1/pandaexteriors.com/wp-content/cache/min/1/wp-content/uploads/oxygen/css/oxy-selectors.css?ver=1781702180&wpr_t=1790656619,site/wp-content/cache/background-css/1/pandaexteriors.com/wp-content/cache/min/1/wp-content/uploads/oxygen/css/oxy-selectors__q_466c1ae11a.css,200,text/css,71297,browser:stylesheet dom:desktop dom:mobile
https://pandaexteriors.com/wp-content/cache/background-css/1/pandaexteriors.com/wp-content/cache/min/1/wp-content/uploads/oxygen/css/oxy-selectors.css?ver=1781702180&wpr_t=1790656622,site/wp-content/cache/background-css/1/pandaexteriors.com/wp-content/cache/min/1/wp-content/uploads/oxygen/css/oxy-selectors__q_59f2c8ff45.css,200,text/css,71297,browser:stylesheet dom:desktop dom:mobile
https://pandaexteriors.com/wp-content/cache/background-css/1/pandaexteriors.com/wp-content/cache/min/1/wp-content/uploads/oxygen/css/oxy-selectors.css?ver=1781702180&wpr_t=1790656623,site/wp-content/cache/background-css/1/pandaexteriors.com/wp-content/cache/min/1/wp-content/uploads/oxygen/css/oxy-selectors__q_386e956196.css,200,text/css,71297,browser:stylesheet dom:desktop dom:mobile
https://pandaexteriors.com/wp-content/cache/background-css/1/pandaexteriors.com/wp-content/cache/min/1/wp-content/uploads/oxygen/css/oxy-selectors.css?ver=1781702180&wpr_t=1790656625,site/wp-content/cache/background-css/1/pandaexteriors.com/wp-content/cache/min/1/wp-content/uploads/oxygen/css/oxy-selectors__q_b86c1b99a1.css,200,text/css,71297,browser:stylesheet dom:desktop dom:mobile
https://pandaexteriors.com/wp-content/cache/background-css/1/pandaexteriors.com/wp-content/cache/min/1/wp-content/uploads/oxygen/css/oxy-selectors.css?ver=1781702180&wpr_t=1790656736,site/wp-content/cache/background-css/1/pandaexteriors.com/wp-content/cache/min/1/wp-content/uploads/oxygen/css/oxy-selectors__q_f1512aad48.css,200,text/css,71297,browser:stylesheet dom:desktop dom:mobile
https://pandaexteriors.com/wp-content/cache/background-css/1/pandaexteriors.com/wp-content/cache/min/1/wp-content/uploads/oxygen/css/oxy-selectors.css?ver=1781702180&wpr_t=1790657153,site/wp-content/cache/background-css/1/pandaexteriors.com/wp-content/cache/min/1/wp-content/uploads/oxygen/css/oxy-selectors__q_6fba6931bd.css,200,text/css,71297,browser:stylesheet dom:desktop dom:mobile
https://pandaexteriors.com/wp-content/cache/background-css/1/pandaexteriors.com/wp-content/cache/min/1/wp-content/uploads/oxygen/css/oxy-selectors.css?ver=1781702180&wpr_t=1790659802,site/wp-content/cache/background-css/1/pandaexteriors.com/wp-content/cache/min/1/wp-content/uploads/oxygen/css/oxy-selectors__q_5b9a3c34d1.css,200,text/css,71297,browser:stylesheet dom:desktop dom:mobile
https://pandaexteriors.com/wp-content/cache/background-css/1/pandaexteriors.com/wp-content/cache/min/1/wp-content/uploads/oxygen/css/oxy-selectors.css?ver=1781702180&wpr_t=1790659804,site/wp-content/cache/background-css/1/pandaexteriors.com/wp-content/cache/min/1/wp-content/uploads/oxygen/css/oxy-selectors__q_adbef521b5.css,200,text/css,71297,browser:stylesheet dom:desktop dom:mobile
https://pandaexteriors.com/wp-content/cache/background-css/1/pandaexteriors.com/wp-content/cache/min/1/wp-content/uploads/oxygen/css/oxy-selectors.css?ver=1781702180&wpr_t=1790659806,site/wp-content/cache/background-css/1/pandaexteriors.com/wp-content/cache/min/1/wp-content/uploads/oxygen/css/oxy-selectors__q_b33a29ee7c.css,200,text/css,71297,browser:stylesheet dom:desktop dom:mobile
https://pandaexteriors.com/wp-content/cache/background-css/1/pandaexteriors.com/wp-content/cache/min/1/wp-content/uploads/oxygen/css/oxy-selectors.css?ver=1781702180&wpr_t=1790659808,site/wp-content/cache/background-css/1/pandaexteriors.com/wp-content/cache/min/1/wp-content/uploads/oxygen/css/oxy-selectors__q_4404d3752b.css,200,text/css,71297,browser:stylesheet dom:desktop dom:mobile
https://pandaexteriors.com/wp-content/cache/background-css/1/pandaexteriors.com/wp-content/cache/min/1/wp-content/uploads/oxygen/css/oxy-selectors.css?ver=1781702180&wpr_t=1790659864,site/wp-content/cache/background-css/1/pandaexteriors.com/wp-content/cache/min/1/wp-content/uploads/oxygen/css/oxy-selectors__q_dd91e701a9.css,200,text/css,71297,browser:stylesheet dom:desktop dom:mobile
https://pandaexteriors.com/wp-content/cache/background-css/1/pandaexteriors.com/wp-content/cache/min/1/wp-content/uploads/oxygen/css/oxy-selectors.css?ver=1781702180&wpr_t=1790659866,site/wp-content/cache/background-css/1/pandaexteriors.com/wp-content/cache/min/1/wp-content/uploads/oxygen/css/oxy-selectors__q_8acd0a5f2c.css,200,text/css,71297,browser:stylesheet dom:desktop dom:mobile
https://pandaexteriors.com/wp-content/cache/background-css/1/pandaexteriors.com/wp-content/cache/min/1/wp-content/uploads/oxygen/css/oxy-selectors.css?ver=1781702180&wpr_t=1790659869,site/wp-content/cache/background-css/1/pandaexteriors.com/wp-content/cache/min/1/wp-content/uploads/oxygen/css/oxy-selectors__q_57ac6ddb82.css,200,text/css,71297,browser:stylesheet dom:desktop dom:mobile
https://pandaexteriors.com/wp-content/cache/background-css/1/pandaexteriors.com/wp-content/cache/min/1/wp-content/uploads/oxygen/css/oxy-selectors.css?ver=1781702180&wpr_t=1790659949,site/wp-content/cache/background-css/1/pandaexteriors.com/wp-content/cache/min/1/wp-content/uploads/oxygen/css/oxy-selectors__q_d2683dc64f.css,200,text/css,71297,browser:stylesheet dom:desktop dom:mobile
https://pandaexteriors.com/wp-content/cache/background-css/1/pandaexteriors.com/wp-content/cache/min/1/wp-content/uploads/oxygen/css/oxy-selectors.css?ver=1781702180&wpr_t=1790661375,site/wp-content/cache/background-css/1/pandaexteriors.com/wp-content/cache/min/1/wp-content/uploads/oxygen/css/oxy-selectors__q_9b4511a744.css,200,text/css,71297,browser:stylesheet dom:desktop dom:mobile
https://pandaexteriors.com/wp-content/cache/background-css/1/pandaexteriors.com/wp-content/cache/min/1/wp-content/uploads/oxygen/css/oxy-selectors.css?ver=1781702180&wpr_t=1790661386,site/wp-content/cache/background-css/1/pandaexteriors.com/wp-content/cache/min/1/wp-content/uploads/oxygen/css/oxy-selectors__q_869217f834.css,200,text/css,71297,browser:stylesheet dom:desktop dom:mobile
https://pandaexteriors.com/wp-content/cache/background-css/1/pandaexteriors.com/wp-content/cache/min/1/wp-content/uploads/oxygen/css/oxy-selectors.css?ver=1781702180&wpr_t=1790661926,site/wp-content/cache/background-css/1/pandaexteriors.com/wp-content/cache/min/1/wp-content/uploads/oxygen/css/oxy-selectors__q_e4bc0a0f59.css,200,text/css,71297,browser:stylesheet dom:desktop dom:mobile
https://pandaexteriors.com/wp-content/cache/background-css/1/pandaexteriors.com/wp-content/cache/min/1/wp-content/uploads/oxygen/css/oxy-selectors.css?ver=1781702180&wpr_t=1790661927,site/wp-content/cache/background-css/1/pandaexteriors.com/wp-content/cache/min/1/wp-content/uploads/oxygen/css/oxy-selectors__q_017988e140.css,200,text/css,71297,browser:stylesheet dom:desktop dom:mobile
https://pandaexteriors.com/wp-content/cache/background-css/1/pandaexteriors.com/wp-content/cache/min/1/wp-content/uploads/oxygen/css/oxy-selectors.css?ver=1781702180&wpr_t=1790661933,site/wp-content/cache/background-css/1/pandaexteriors.com/wp-content/cache/min/1/wp-content/uploads/oxygen/css/oxy-selectors__q_501976d4fe.css,200,text/css,71297,browser:stylesheet dom:desktop dom:mobile
https://pandaexteriors.com/wp-content/cache/background-css/1/pandaexteriors.com/wp-content/cache/min/1/wp-content/uploads/oxygen/css/oxy-selectors.css?ver=1781702180&wpr_t=1790661937,site/wp-content/cache/background-css/1/pandaexteriors.com/wp-content/cache/min/1/wp-content/uploads/oxygen/css/oxy-selectors__q_94d8478531.css,200,text/css,71297,browser:stylesheet dom:desktop dom:mobile
https://pandaexteriors.com/wp-content/cache/background-css/1/pandaexteriors.com/wp-content/cache/min/1/wp-content/uploads/oxygen/css/oxy-selectors.css?ver=1781702180&wpr_t=1790661938,site/wp-content/cache/background-css/1/pandaexteriors.com/wp-content/cache/min/1/wp-content/uploads/oxygen/css/oxy-selectors__q_25d67725ac.css,200,text/css,71297,browser:stylesheet dom:desktop dom:mobile
https://pandaexteriors.com/wp-content/cache/background-css/1/pandaexteriors.com/wp-content/cache/min/1/wp-content/uploads/oxygen/css/oxy-selectors.css?ver=1781702180&wpr_t=1790661941,site/wp-content/cache/background-css/1/pandaexteriors.com/wp-content/cache/min/1/wp-content/uploads/oxygen/css/oxy-selectors__q_124bfb73b0.css,200,text/css,71297,browser:stylesheet dom:desktop dom:mobile
https://pandaexteriors.com/wp-content/cache/background-css/1/pandaexteriors.com/wp-content/cache/min/1/wp-content/uploads/oxygen/css/oxy-selectors.css?ver=1781702180&wpr_t=1790664445,site/wp-content/cache/background-css/1/pandaexteriors.com/wp-content/cache/min/1/wp-content/uploads/oxygen/css/oxy-selectors__q_1a11730e6d.css,200,text/css,71297,browser:stylesheet dom:desktop dom:mobile
https://pandaexteriors.com/wp-content/cache/background-css/1/pandaexteriors.com/wp-content/cache/min/1/wp-content/uploads/oxygen/css/oxy-selectors.css?ver=1781702180&wpr_t=1790664446,site/wp-content/cache/background-css/1/pandaexteriors.com/wp-content/cache/min/1/wp-content/uploads/oxygen/css/oxy-selectors__q_12d82e290e.css,200,text/css,71297,browser:stylesheet dom:desktop dom:mobile
https://pandaexteriors.com/wp-content/cache/background-css/1/pandaexteriors.com/wp-content/cache/min/1/wp-content/uploads/oxygen/css/oxy-selectors.css?ver=1781702180&wpr_t=1790664452,site/wp-content/cache/background-css/1/pandaexteriors.com/wp-content/cache/min/1/wp-content/uploads/oxygen/css/oxy-selectors__q_7dc0ee1c06.css,200,text/css,71297,browser:stylesheet dom:desktop dom:mobile
https://pandaexteriors.com/wp-content/cache/background-css/1/pandaexteriors.com/wp-content/cache/min/1/wp-content/uploads/oxygen/css/oxy-selectors.css?ver=1781702180&wpr_t=1790664456,site/wp-content/cache/background-css/1/pandaexteriors.com/wp-content/cache/min/1/wp-content/uploads/oxygen/css/oxy-selectors__q_0bd75daec8.css,200,text/css,71297,browser:stylesheet dom:desktop dom:mobile
https://pandaexteriors.com/wp-content/cache/background-css/1/pandaexteriors.com/wp-content/cache/min/1/wp-content/uploads/oxygen/css/oxy-selectors.css?ver=1781702180&wpr_t=1790665138,site/wp-content/cache/background-css/1/pandaexteriors.com/wp-content/cache/min/1/wp-content/uploads/oxygen/css/oxy-selectors__q_ec1b869f3a.css,200,text/css,71297,browser:stylesheet dom:desktop dom:mobile
https://pandaexteriors.com/wp-content/cache/background-css/1/pandaexteriors.com/wp-content/cache/min/1/wp-content/uploads/oxygen/css/oxy-selectors.css?ver=1781702180&wpr_t=1790665873,site/wp-content/cache/background-css/1/pandaexteriors.com/wp-content/cache/min/1/wp-content/uploads/oxygen/css/oxy-selectors__q_9db42a324b.css,200,text/css,71297,browser:stylesheet dom:desktop dom:mobile
https://pandaexteriors.com/wp-content/cache/background-css/1/pandaexteriors.com/wp-content/cache/min/1/wp-content/uploads/oxygen/css/oxy-selectors.css?ver=1781702180&wpr_t=1790669005,site/wp-content/cache/background-css/1/pandaexteriors.com/wp-content/cache/min/1/wp-content/uploads/oxygen/css/oxy-selectors__q_c2a4e72d95.css,200,text/css,71297,browser:stylesheet dom:desktop dom:mobile
https://pandaexteriors.com/wp-content/cache/background-css/1/pandaexteriors.com/wp-content/cache/min/1/wp-content/uploads/oxygen/css/oxy-selectors.css?ver=1781702180&wpr_t=1790671757,site/wp-content/cache/background-css/1/pandaexteriors.com/wp-content/cache/min/1/wp-content/uploads/oxygen/css/oxy-selectors__q_8d619ca9c3.css,200,text/css,71297,browser:stylesheet dom:desktop dom:mobile
https://pandaexteriors.com/wp-content/cache/background-css/1/pandaexteriors.com/wp-content/cache/min/1/wp-content/uploads/oxygen/css/oxy-selectors.css?ver=1781702180&wpr_t=1790674918,site/wp-content/cache/background-css/1/pandaexteriors.com/wp-content/cache/min/1/wp-content/uploads/oxygen/css/oxy-selectors__q_23ee744d05.css,200,text/css,71297,browser:stylesheet dom:desktop dom:mobile
https://pandaexteriors.com/wp-content/cache/background-css/1/pandaexteriors.com/wp-content/cache/min/1/wp-content/uploads/oxygen/css/oxy-selectors.css?ver=1781702180&wpr_t=1790675176,site/wp-content/cache/background-css/1/pandaexteriors.com/wp-content/cache/min/1/wp-content/uploads/oxygen/css/oxy-selectors__q_d0c72a857f.css,200,text/css,71297,browser:stylesheet dom:desktop dom:mobile
https://pandaexteriors.com/wp-content/cache/background-css/1/pandaexteriors.com/wp-content/cache/min/1/wp-content/uploads/oxygen/css/oxy-selectors.css?ver=1781702180&wpr_t=1790675178,site/wp-content/cache/background-css/1/pandaexteriors.com/wp-content/cache/min/1/wp-content/uploads/oxygen/css/oxy-selectors__q_b08667e3f6.css,200,text/css,71297,browser:stylesheet dom:desktop dom:mobile
https://pandaexteriors.com/wp-content/cache/background-css/1/pandaexteriors.com/wp-content/cache/min/1/wp-content/uploads/oxygen/css/oxy-selectors.css?ver=1781702180&wpr_t=1790675180,site/wp-content/cache/background-css/1/pandaexteriors.com/wp-content/cache/min/1/wp-content/uploads/oxygen/css/oxy-selectors__q_0954e35d88.css,200,text/css,71297,browser:stylesheet dom:desktop dom:mobile
https://pandaexteriors.com/wp-content/cache/background-css/1/pandaexteriors.com/wp-content/cache/min/1/wp-content/uploads/oxygen/css/oxy-selectors.css?ver=1781702180&wpr_t=1790676669,site/wp-content/cache/background-css/1/pandaexteriors.com/wp-content/cache/min/1/wp-content/uploads/oxygen/css/oxy-selectors__q_adbb979ad8.css,200,text/css,71297,browser:stylesheet dom:desktop dom:mobile
https://pandaexteriors.com/wp-content/cache/background-css/1/pandaexteriors.com/wp-content/cache/min/1/wp-content/uploads/oxygen/css/oxy-selectors.css?ver=1781702180&wpr_t=1790676686,site/wp-content/cache/background-css/1/pandaexteriors.com/wp-content/cache/min/1/wp-content/uploads/oxygen/css/oxy-selectors__q_af30350875.css,200,text/css,71297,browser:stylesheet dom:desktop dom:mobile
https://pandaexteriors.com/wp-content/cache/background-css/1/pandaexteriors.com/wp-content/cache/min/1/wp-content/uploads/oxygen/css/oxy-selectors.css?ver=1781702180&wpr_t=1790676688,site/wp-content/cache/background-css/1/pandaexteriors.com/wp-content/cache/min/1/wp-content/uploads/oxygen/css/oxy-selectors__q_c24a41602e.css,200,text/css,71297,browser:stylesheet dom:desktop dom:mobile
https://pandaexteriors.com/wp-content/cache/background-css/1/pandaexteriors.com/wp-content/cache/min/1/wp-content/uploads/oxygen/css/oxy-selectors.css?ver=1781702180&wpr_t=1790676995,site/wp-content/cache/background-css/1/pandaexteriors.com/wp-content/cache/min/1/wp-content/uploads/oxygen/css/oxy-selectors__q_baf503d897.css,200,text/css,71297,browser:stylesheet dom:desktop dom:mobile
https://pandaexteriors.com/wp-content/cache/background-css/1/pandaexteriors.com/wp-content/cache/min/1/wp-content/uploads/oxygen/css/oxy-selectors.css?ver=1781702180&wpr_t=1790676996,site/wp-content/cache/background-css/1/pandaexteriors.com/wp-content/cache/min/1/wp-content/uploads/oxygen/css/oxy-selectors__q_20d5d5051a.css,200,text/css,71297,browser:stylesheet dom:desktop dom:mobile
https://pandaexteriors.com/wp-content/cache/background-css/1/pandaexteriors.com/wp-content/cache/min/1/wp-content/uploads/oxygen/css/oxy-selectors.css?ver=1781702180&wpr_t=1790679625,site/wp-content/cache/background-css/1/pandaexteriors.com/wp-content/cache/min/1/wp-content/uploads/oxygen/css/oxy-selectors__q_446634375e.css,200,text/css,71297,browser:stylesheet dom:desktop dom:mobile
https://pandaexteriors.com/wp-content/cache/background-css/1/pandaexteriors.com/wp-content/cache/min/1/wp-content/uploads/oxygen/css/oxy-selectors.css?ver=1781702180&wpr_t=1790680731,site/wp-content/cache/background-css/1/pandaexteriors.com/wp-content/cache/min/1/wp-content/uploads/oxygen/css/oxy-selectors__q_ff3d263005.css,200,text/css,71297,browser:stylesheet dom:desktop dom:mobile
https://pandaexteriors.com/wp-content/cache/background-css/1/pandaexteriors.com/wp-content/cache/min/1/wp-content/uploads/oxygen/css/oxy-selectors.css?ver=1781702180&wpr_t=1790680745,site/wp-content/cache/background-css/1/pandaexteriors.com/wp-content/cache/min/1/wp-content/uploads/oxygen/css/oxy-selectors__q_7b690f0760.css,200,text/css,71297,browser:stylesheet dom:desktop dom:mobile
https://pandaexteriors.com/wp-content/cache/background-css/1/pandaexteriors.com/wp-content/cache/min/1/wp-content/uploads/oxygen/css/oxy-selectors.css?ver=1781702180&wpr_t=1790681321,site/wp-content/cache/background-css/1/pandaexteriors.com/wp-content/cache/min/1/wp-content/uploads/oxygen/css/oxy-selectors__q_400040c07a.css,200,text/css,71297,browser:stylesheet dom:desktop dom:mobile
https://pandaexteriors.com/wp-content/cache/background-css/1/pandaexteriors.com/wp-content/cache/min/1/wp-content/uploads/oxygen/css/oxy-selectors.css?ver=1781702180&wpr_t=1790682107,site/wp-content/cache/background-css/1/pandaexteriors.com/wp-content/cache/min/1/wp-content/uploads/oxygen/css/oxy-selectors__q_14f68bde89.css,200,text/css,71297,browser:stylesheet dom:desktop dom:mobile
https://pandaexteriors.com/wp-content/cache/background-css/1/pandaexteriors.com/wp-content/cache/min/1/wp-content/uploads/oxygen/css/oxy-selectors.css?ver=1781702180&wpr_t=1790682540,site/wp-content/cache/background-css/1/pandaexteriors.com/wp-content/cache/min/1/wp-content/uploads/oxygen/css/oxy-selectors__q_e9a32112a5.css,200,text/css,71297,browser:stylesheet dom:desktop dom:mobile
https://pandaexteriors.com/wp-content/cache/background-css/1/pandaexteriors.com/wp-content/cache/min/1/wp-content/uploads/oxygen/css/oxy-selectors.css?ver=1781702180&wpr_t=1790683260,site/wp-content/cache/background-css/1/pandaexteriors.com/wp-content/cache/min/1/wp-content/uploads/oxygen/css/oxy-selectors__q_645536862e.css,200,text/css,71297,browser:stylesheet dom:desktop dom:mobile
https://pandaexteriors.com/wp-content/cache/background-css/1/pandaexteriors.com/wp-content/cache/min/1/wp-content/uploads/oxygen/css/oxy-selectors.css?ver=1781702180&wpr_t=1790685030,site/wp-content/cache/background-css/1/pandaexteriors.com/wp-content/cache/min/1/wp-content/uploads/oxygen/css/oxy-selectors__q_41774d8ebd.css,200,text/css,71297,browser:stylesheet dom:desktop dom:mobile
https://pandaexteriors.com/wp-content/cache/background-css/1/pandaexteriors.com/wp-content/cache/min/1/wp-content/uploads/oxygen/css/oxy-selectors.css?ver=1781702180&wpr_t=1790685033,site/wp-content/cache/background-css/1/pandaexteriors.com/wp-content/cache/min/1/wp-content/uploads/oxygen/css/oxy-selectors__q_af6bcef7dd.css,200,text/css,71297,browser:stylesheet dom:desktop dom:mobile
https://pandaexteriors.com/wp-content/cache/background-css/1/pandaexteriors.com/wp-content/cache/min/1/wp-content/uploads/oxygen/css/oxy-selectors.css?ver=1781702180&wpr_t=1790685034,site/wp-content/cache/background-css/1/pandaexteriors.com/wp-content/cache/min/1/wp-content/uploads/oxygen/css/oxy-selectors__q_a1cabb8d52.css,200,text/css,71297,browser:stylesheet dom:desktop dom:mobile
https://pandaexteriors.com/wp-content/cache/background-css/1/pandaexteriors.com/wp-content/cache/min/1/wp-content/uploads/oxygen/css/oxy-selectors.css?ver=1781702180&wpr_t=1790685409,site/wp-content/cache/background-css/1/pandaexteriors.com/wp-content/cache/min/1/wp-content/uploads/oxygen/css/oxy-selectors__q_1b5a31b3b6.css,200,text/css,71297,browser:stylesheet dom:desktop dom:mobile
https://pandaexteriors.com/wp-content/cache/background-css/1/pandaexteriors.com/wp-content/cache/min/1/wp-content/uploads/oxygen/css/oxy-selectors.css?ver=1781702180&wpr_t=1790686470,site/wp-content/cache/background-css/1/pandaexteriors.com/wp-content/cache/min/1/wp-content/uploads/oxygen/css/oxy-selectors__q_bd218803b6.css,200,text/css,71297,browser:stylesheet dom:desktop dom:mobile
https://pandaexteriors.com/wp-content/cache/background-css/1/pandaexteriors.com/wp-content/cache/min/1/wp-content/uploads/oxygen/css/oxy-selectors.css?ver=1781702180&wpr_t=1790686526,site/wp-content/cache/background-css/1/pandaexteriors.com/wp-content/cache/min/1/wp-content/uploads/oxygen/css/oxy-selectors__q_f6d08a4213.css,200,text/css,71297,browser:stylesheet dom:desktop dom:mobile
https://pandaexteriors.com/wp-content/cache/background-css/1/pandaexteriors.com/wp-content/cache/min/1/wp-content/uploads/oxygen/css/oxy-selectors.css?ver=1781702180&wpr_t=1790686600,site/wp-content/cache/background-css/1/pandaexteriors.com/wp-content/cache/min/1/wp-content/uploads/oxygen/css/oxy-selectors__q_37b49e532a.css,200,text/css,71297,browser:stylesheet dom:desktop dom:mobile
https://pandaexteriors.com/wp-content/cache/background-css/1/pandaexteriors.com/wp-content/cache/min/1/wp-content/uploads/oxygen/css/oxy-selectors.css?ver=1781702180&wpr_t=1790686650,site/wp-content/cache/background-css/1/pandaexteriors.com/wp-content/cache/min/1/wp-content/uploads/oxygen/css/oxy-selectors__q_678b0bf5da.css,200,text/css,71297,browser:stylesheet dom:desktop dom:mobile
https://pandaexteriors.com/wp-content/cache/background-css/1/pandaexteriors.com/wp-content/cache/min/1/wp-content/uploads/oxygen/css/oxy-selectors.css?ver=1781702180&wpr_t=1790686696,site/wp-content/cache/background-css/1/pandaexteriors.com/wp-content/cache/min/1/wp-content/uploads/oxygen/css/oxy-selectors__q_085cf9574f.css,200,text/css,71297,browser:stylesheet dom:desktop dom:mobile
https://pandaexteriors.com/wp-content/cache/background-css/1/pandaexteriors.com/wp-content/cache/min/1/wp-content/uploads/oxygen/css/oxy-selectors.css?ver=1781702180&wpr_t=1790686792,site/wp-content/cache/background-css/1/pandaexteriors.com/wp-content/cache/min/1/wp-content/uploads/oxygen/css/oxy-selectors__q_35a07cc1f0.css,200,text/css,71297,browser:stylesheet dom:desktop dom:mobile
https://pandaexteriors.com/wp-content/cache/background-css/1/pandaexteriors.com/wp-content/cache/min/1/wp-content/uploads/oxygen/css/oxy-selectors.css?ver=1781702180&wpr_t=1790686864,site/wp-content/cache/background-css/1/pandaexteriors.com/wp-content/cache/min/1/wp-content/uploads/oxygen/css/oxy-selectors__q_fba0ea746a.css,200,text/css,71297,browser:stylesheet dom:desktop dom:mobile
https://pandaexteriors.com/wp-content/cache/background-css/1/pandaexteriors.com/wp-content/cache/min/1/wp-content/uploads/oxygen/css/oxy-selectors.css?ver=1781702180&wpr_t=1790686982,site/wp-content/cache/background-css/1/pandaexteriors.com/wp-content/cache/min/1/wp-content/uploads/oxygen/css/oxy-selectors__q_a299bceef0.css,200,text/css,71297,browser:stylesheet dom:desktop dom:mobile
https://pandaexteriors.com/wp-content/cache/background-css/1/pandaexteriors.com/wp-content/cache/min/1/wp-content/uploads/oxygen/css/oxy-selectors.css?ver=1781702180&wpr_t=1790686984,site/wp-content/cache/background-css/1/pandaexteriors.com/wp-content/cache/min/1/wp-content/uploads/oxygen/css/oxy-selectors__q_54a0d85d69.css,200,text/css,71297,browser:stylesheet dom:desktop dom:mobile
https://pandaexteriors.com/wp-content/cache/background-css/1/pandaexteriors.com/wp-content/cache/min/1/wp-content/uploads/oxygen/css/oxy-selectors.css?ver=1781702180&wpr_t=1790687048,site/wp-content/cache/background-css/1/pandaexteriors.com/wp-content/cache/min/1/wp-content/uploads/oxygen/css/oxy-selectors__q_85d2c49756.css,200,text/css,71297,browser:stylesheet dom:desktop dom:mobile
https://pandaexteriors.com/wp-content/cache/background-css/1/pandaexteriors.com/wp-content/cache/min/1/wp-content/uploads/oxygen/css/oxy-selectors.css?ver=1781702180&wpr_t=1790690098,site/wp-content/cache/background-css/1/pandaexteriors.com/wp-content/cache/min/1/wp-content/uploads/oxygen/css/oxy-selectors__q_a7f3400a43.css,200,text/css,71297,browser:stylesheet dom:desktop dom:mobile
https://pandaexteriors.com/wp-content/cache/background-css/1/pandaexteriors.com/wp-content/cache/min/1/wp-content/uploads/oxygen/css/oxy-selectors.css?ver=1781702180&wpr_t=1790690849,site/wp-content/cache/background-css/1/pandaexteriors.com/wp-content/cache/min/1/wp-content/uploads/oxygen/css/oxy-selectors__q_6969dd5ec2.css,200,text/css,71297,browser:stylesheet dom:desktop dom:mobile
https://pandaexteriors.com/wp-content/cache/background-css/1/pandaexteriors.com/wp-content/cache/min/1/wp-content/uploads/oxygen/css/oxy-selectors.css?ver=1781702180&wpr_t=1790690850,site/wp-content/cache/background-css/1/pandaexteriors.com/wp-content/cache/min/1/wp-content/uploads/oxygen/css/oxy-selectors__q_b4d17b488c.css,200,text/css,71297,browser:stylesheet dom:desktop dom:mobile
https://pandaexteriors.com/wp-content/cache/background-css/1/pandaexteriors.com/wp-content/cache/min/1/wp-content/uploads/oxygen/css/oxy-selectors.css?ver=1781702180&wpr_t=1790690851,site/wp-content/cache/background-css/1/pandaexteriors.com/wp-content/cache/min/1/wp-content/uploads/oxygen/css/oxy-selectors__q_21a7888065.css,200,text/css,71297,browser:stylesheet dom:desktop dom:mobile
https://pandaexteriors.com/wp-content/cache/background-css/1/pandaexteriors.com/wp-content/cache/min/1/wp-content/uploads/oxygen/css/oxy-selectors.css?ver=1781702180&wpr_t=1790690853,site/wp-content/cache/background-css/1/pandaexteriors.com/wp-content/cache/min/1/wp-content/uploads/oxygen/css/oxy-selectors__q_215255ef7e.css,200,text/css,71297,browser:stylesheet dom:desktop dom:mobile
https://pandaexteriors.com/wp-content/cache/background-css/1/pandaexteriors.com/wp-content/cache/min/1/wp-content/uploads/oxygen/css/oxy-selectors.css?ver=1781702180&wpr_t=1790690854,site/wp-content/cache/background-css/1/pandaexteriors.com/wp-content/cache/min/1/wp-content/uploads/oxygen/css/oxy-selectors__q_aaa7d28f65.css,200,text/css,71297,browser:stylesheet dom:desktop dom:mobile
https://pandaexteriors.com/wp-content/cache/background-css/1/pandaexteriors.com/wp-content/cache/min/1/wp-content/uploads/oxygen/css/oxy-selectors.css?ver=1781702180&wpr_t=1790690855,site/wp-content/cache/background-css/1/pandaexteriors.com/wp-content/cache/min/1/wp-content/uploads/oxygen/css/oxy-selectors__q_c3017da81c.css,200,text/css,71297,browser:stylesheet dom:desktop dom:mobile
https://pandaexteriors.com/wp-content/cache/background-css/1/pandaexteriors.com/wp-content/cache/min/1/wp-content/uploads/oxygen/css/oxy-selectors.css?ver=1781702180&wpr_t=1790690857,site/wp-content/cache/background-css/1/pandaexteriors.com/wp-content/cache/min/1/wp-content/uploads/oxygen/css/oxy-selectors__q_22fb6622be.css,200,text/css,71297,browser:stylesheet dom:desktop dom:mobile
https://pandaexteriors.com/wp-content/cache/background-css/1/pandaexteriors.com/wp-content/cache/min/1/wp-content/uploads/oxygen/css/oxy-selectors.css?ver=1781702180&wpr_t=1790690858,site/wp-content/cache/background-css/1/pandaexteriors.com/wp-content/cache/min/1/wp-content/uploads/oxygen/css/oxy-selectors__q_aec1889b0d.css,200,text/css,71297,browser:stylesheet dom:desktop dom:mobile
https://pandaexteriors.com/wp-content/cache/background-css/1/pandaexteriors.com/wp-content/cache/min/1/wp-content/uploads/oxygen/css/oxy-selectors.css?ver=1781702180&wpr_t=1790690859,site/wp-content/cache/background-css/1/pandaexteriors.com/wp-content/cache/min/1/wp-content/uploads/oxygen/css/oxy-selectors__q_5552198691.css,200,text/css,71297,browser:stylesheet dom:desktop dom:mobile
https://pandaexteriors.com/wp-content/cache/background-css/1/pandaexteriors.com/wp-content/cache/min/1/wp-content/uploads/oxygen/css/oxy-selectors.css?ver=1781702180&wpr_t=1790690860,site/wp-content/cache/background-css/1/pandaexteriors.com/wp-content/cache/min/1/wp-content/uploads/oxygen/css/oxy-selectors__q_0e482d8325.css,200,text/css,71297,browser:stylesheet dom:desktop dom:mobile
https://pandaexteriors.com/wp-content/cache/background-css/1/pandaexteriors.com/wp-content/cache/min/1/wp-content/uploads/oxygen/css/oxy-selectors.css?ver=1781702180&wpr_t=1790690862,site/wp-content/cache/background-css/1/pandaexteriors.com/wp-content/cache/min/1/wp-content/uploads/oxygen/css/oxy-selectors__q_b27252a214.css,200,text/css,71297,browser:stylesheet dom:desktop dom:mobile
https://pandaexteriors.com/wp-content/cache/background-css/1/pandaexteriors.com/wp-content/cache/min/1/wp-content/uploads/oxygen/css/oxy-selectors.css?ver=1781702180&wpr_t=1790690864,site/wp-content/cache/background-css/1/pandaexteriors.com/wp-content/cache/min/1/wp-content/uploads/oxygen/css/oxy-selectors__q_cddf32f974.css,200,text/css,71297,browser:stylesheet dom:desktop dom:mobile
https://pandaexteriors.com/wp-content/cache/background-css/1/pandaexteriors.com/wp-content/cache/min/1/wp-content/uploads/oxygen/css/oxy-selectors.css?ver=1781702180&wpr_t=1790690865,site/wp-content/cache/background-css/1/pandaexteriors.com/wp-content/cache/min/1/wp-content/uploads/oxygen/css/oxy-selectors__q_0c572ef112.css,200,text/css,71297,browser:stylesheet dom:desktop dom:mobile
https://pandaexteriors.com/wp-content/cache/background-css/1/pandaexteriors.com/wp-content/cache/min/1/wp-content/uploads/oxygen/css/oxy-selectors.css?ver=1781702180&wpr_t=1790690867,site/wp-content/cache/background-css/1/pandaexteriors.com/wp-content/cache/min/1/wp-content/uploads/oxygen/css/oxy-selectors__q_38d26e623e.css,200,text/css,71297,browser:stylesheet dom:desktop dom:mobile
https://pandaexteriors.com/wp-content/cache/background-css/1/pandaexteriors.com/wp-content/cache/min/1/wp-content/uploads/oxygen/css/oxy-selectors.css?ver=1781702180&wpr_t=1790690870,site/wp-content/cache/background-css/1/pandaexteriors.com/wp-content/cache/min/1/wp-content/uploads/oxygen/css/oxy-selectors__q_510d49bbfb.css,200,text/css,71297,browser:stylesheet dom:desktop dom:mobile
https://pandaexteriors.com/wp-content/cache/background-css/1/pandaexteriors.com/wp-content/cache/min/1/wp-content/uploads/oxygen/css/oxy-selectors.css?ver=1781702180&wpr_t=1790690871,site/wp-content/cache/background-css/1/pandaexteriors.com/wp-content/cache/min/1/wp-content/uploads/oxygen/css/oxy-selectors__q_b3ee6e01a8.css,200,text/css,71297,browser:stylesheet dom:desktop dom:mobile
https://pandaexteriors.com/wp-content/cache/background-css/1/pandaexteriors.com/wp-content/cache/min/1/wp-content/uploads/oxygen/css/oxy-selectors.css?ver=1781702180&wpr_t=1790690874,site/wp-content/cache/background-css/1/pandaexteriors.com/wp-content/cache/min/1/wp-content/uploads/oxygen/css/oxy-selectors__q_65b25c0d72.css,200,text/css,71297,browser:stylesheet dom:desktop dom:mobile
https://pandaexteriors.com/wp-content/cache/background-css/1/pandaexteriors.com/wp-content/cache/min/1/wp-content/uploads/oxygen/css/oxy-selectors.css?ver=1781702180&wpr_t=1790690875,site/wp-content/cache/background-css/1/pandaexteriors.com/wp-content/cache/min/1/wp-content/uploads/oxygen/css/oxy-selectors__q_658581ed8c.css,200,text/css,71297,browser:stylesheet dom:desktop dom:mobile
https://pandaexteriors.com/wp-content/cache/background-css/1/pandaexteriors.com/wp-content/cache/min/1/wp-content/uploads/oxygen/css/oxy-selectors.css?ver=1781702180&wpr_t=1790690877,site/wp-content/cache/background-css/1/pandaexteriors.com/wp-content/cache/min/1/wp-content/uploads/oxygen/css/oxy-selectors__q_65da01f485.css,200,text/css,71297,browser:stylesheet dom:desktop dom:mobile
https://pandaexteriors.com/wp-content/cache/background-css/1/pandaexteriors.com/wp-content/cache/min/1/wp-content/uploads/oxygen/css/oxy-selectors.css?ver=1781702180&wpr_t=1790690878,site/wp-content/cache/background-css/1/pandaexteriors.com/wp-content/cache/min/1/wp-content/uploads/oxygen/css/oxy-selectors__q_812f523c3f.css,200,text/css,71297,browser:stylesheet dom:desktop dom:mobile
https://pandaexteriors.com/wp-content/cache/background-css/1/pandaexteriors.com/wp-content/cache/min/1/wp-content/uploads/oxygen/css/oxy-selectors.css?ver=1781702180&wpr_t=1790690879,site/wp-content/cache/background-css/1/pandaexteriors.com/wp-content/cache/min/1/wp-content/uploads/oxygen/css/oxy-selectors__q_b873a0a007.css,200,text/css,71297,browser:stylesheet dom:desktop dom:mobile
https://pandaexteriors.com/wp-content/cache/background-css/1/pandaexteriors.com/wp-content/cache/min/1/wp-content/uploads/oxygen/css/oxy-selectors.css?ver=1781702180&wpr_t=1790690880,site/wp-content/cache/background-css/1/pandaexteriors.com/wp-content/cache/min/1/wp-content/uploads/oxygen/css/oxy-selectors__q_ad5745e99c.css,200,text/css,71297,browser:stylesheet dom:desktop dom:mobile
https://pandaexteriors.com/wp-content/cache/background-css/1/pandaexteriors.com/wp-content/cache/min/1/wp-content/uploads/oxygen/css/oxy-selectors.css?ver=1781702180&wpr_t=1790690882,site/wp-content/cache/background-css/1/pandaexteriors.com/wp-content/cache/min/1/wp-content/uploads/oxygen/css/oxy-selectors__q_8d5f31cf1a.css,200,text/css,71297,browser:stylesheet dom:desktop dom:mobile
https://pandaexteriors.com/wp-content/cache/background-css/1/pandaexteriors.com/wp-content/cache/min/1/wp-content/uploads/oxygen/css/oxy-selectors.css?ver=1781702180&wpr_t=1790690883,site/wp-content/cache/background-css/1/pandaexteriors.com/wp-content/cache/min/1/wp-content/uploads/oxygen/css/oxy-selectors__q_f5667572fe.css,200,text/css,71297,browser:stylesheet dom:desktop dom:mobile
https://pandaexteriors.com/wp-content/cache/background-css/1/pandaexteriors.com/wp-content/cache/min/1/wp-content/uploads/oxygen/css/oxy-selectors.css?ver=1781702180&wpr_t=1790690884,site/wp-content/cache/background-css/1/pandaexteriors.com/wp-content/cache/min/1/wp-content/uploads/oxygen/css/oxy-selectors__q_5f31eb0fcb.css,200,text/css,71297,browser:stylesheet dom:desktop dom:mobile
https://pandaexteriors.com/wp-content/cache/background-css/1/pandaexteriors.com/wp-content/cache/min/1/wp-content/uploads/oxygen/css/oxy-selectors.css?ver=1781702180&wpr_t=1790690886,site/wp-content/cache/background-css/1/pandaexteriors.com/wp-content/cache/min/1/wp-content/uploads/oxygen/css/oxy-selectors__q_a24263c25c.css,200,text/css,71297,browser:stylesheet dom:desktop dom:mobile
https://pandaexteriors.com/wp-content/cache/background-css/1/pandaexteriors.com/wp-content/cache/min/1/wp-content/uploads/oxygen/css/oxy-selectors.css?ver=1781702180&wpr_t=1790690887,site/wp-content/cache/background-css/1/pandaexteriors.com/wp-content/cache/min/1/wp-content/uploads/oxygen/css/oxy-selectors__q_e0e53d4f61.css,200,text/css,71297,browser:stylesheet dom:desktop dom:mobile
https://pandaexteriors.com/wp-content/cache/background-css/1/pandaexteriors.com/wp-content/cache/min/1/wp-content/uploads/oxygen/css/oxy-selectors.css?ver=1781702180&wpr_t=1790690888,site/wp-content/cache/background-css/1/pandaexteriors.com/wp-content/cache/min/1/wp-content/uploads/oxygen/css/oxy-selectors__q_67c2a5dc7d.css,200,text/css,71297,browser:stylesheet dom:desktop dom:mobile
https://pandaexteriors.com/wp-content/cache/background-css/1/pandaexteriors.com/wp-content/cache/min/1/wp-content/uploads/oxygen/css/oxy-selectors.css?ver=1781702180&wpr_t=1790690889,site/wp-content/cache/background-css/1/pandaexteriors.com/wp-content/cache/min/1/wp-content/uploads/oxygen/css/oxy-selectors__q_2628048f54.css,200,text/css,71297,browser:stylesheet dom:desktop dom:mobile
https://pandaexteriors.com/wp-content/cache/background-css/1/pandaexteriors.com/wp-content/cache/min/1/wp-content/uploads/oxygen/css/oxy-selectors.css?ver=1781702180&wpr_t=1790690890,site/wp-content/cache/background-css/1/pandaexteriors.com/wp-content/cache/min/1/wp-content/uploads/oxygen/css/oxy-selectors__q_b199fa161a.css,200,text/css,71297,browser:stylesheet dom:desktop dom:mobile
https://pandaexteriors.com/wp-content/cache/background-css/1/pandaexteriors.com/wp-content/cache/min/1/wp-content/uploads/oxygen/css/oxy-selectors.css?ver=1781702180&wpr_t=1790690891,site/wp-content/cache/background-css/1/pandaexteriors.com/wp-content/cache/min/1/wp-content/uploads/oxygen/css/oxy-selectors__q_b985928482.css,200,text/css,71297,browser:stylesheet dom:desktop dom:mobile
https://pandaexteriors.com/wp-content/cache/background-css/1/pandaexteriors.com/wp-content/cache/min/1/wp-content/uploads/oxygen/css/oxy-selectors.css?ver=1781702180&wpr_t=1790690893,site/wp-content/cache/background-css/1/pandaexteriors.com/wp-content/cache/min/1/wp-content/uploads/oxygen/css/oxy-selectors__q_8ddca015db.css,200,text/css,71297,browser:stylesheet dom:desktop dom:mobile
https://pandaexteriors.com/wp-content/cache/background-css/1/pandaexteriors.com/wp-content/cache/min/1/wp-content/uploads/oxygen/css/oxy-selectors.css?ver=1781702180&wpr_t=1790690894,site/wp-content/cache/background-css/1/pandaexteriors.com/wp-content/cache/min/1/wp-content/uploads/oxygen/css/oxy-selectors__q_0f3dbb5f9f.css,200,text/css,71297,browser:stylesheet dom:desktop dom:mobile
https://pandaexteriors.com/wp-content/cache/background-css/1/pandaexteriors.com/wp-content/cache/min/1/wp-content/uploads/oxygen/css/oxy-selectors.css?ver=1781702180&wpr_t=1790690896,site/wp-content/cache/background-css/1/pandaexteriors.com/wp-content/cache/min/1/wp-content/uploads/oxygen/css/oxy-selectors__q_b1596b2a59.css,200,text/css,71297,browser:stylesheet dom:desktop dom:mobile
https://pandaexteriors.com/wp-content/cache/background-css/1/pandaexteriors.com/wp-content/cache/min/1/wp-content/uploads/oxygen/css/oxy-selectors.css?ver=1781702180&wpr_t=1790690897,site/wp-content/cache/background-css/1/pandaexteriors.com/wp-content/cache/min/1/wp-content/uploads/oxygen/css/oxy-selectors__q_580906903e.css,200,text/css,71297,browser:stylesheet dom:desktop dom:mobile
https://pandaexteriors.com/wp-content/cache/background-css/1/pandaexteriors.com/wp-content/cache/min/1/wp-content/uploads/oxygen/css/oxy-selectors.css?ver=1781702180&wpr_t=1790690898,site/wp-content/cache/background-css/1/pandaexteriors.com/wp-content/cache/min/1/wp-content/uploads/oxygen/css/oxy-selectors__q_29f2214298.css,200,text/css,71297,browser:stylesheet dom:desktop dom:mobile
https://pandaexteriors.com/wp-content/cache/background-css/1/pandaexteriors.com/wp-content/cache/min/1/wp-content/uploads/oxygen/css/oxy-selectors.css?ver=1781702180&wpr_t=1790690899,site/wp-content/cache/background-css/1/pandaexteriors.com/wp-content/cache/min/1/wp-content/uploads/oxygen/css/oxy-selectors__q_c84794a530.css,200,text/css,71297,browser:stylesheet dom:desktop dom:mobile
https://pandaexteriors.com/wp-content/cache/background-css/1/pandaexteriors.com/wp-content/cache/min/1/wp-content/uploads/oxygen/css/oxy-selectors.css?ver=1781702180&wpr_t=1790690900,site/wp-content/cache/background-css/1/pandaexteriors.com/wp-content/cache/min/1/wp-content/uploads/oxygen/css/oxy-selectors__q_79d4616913.css,200,text/css,71297,browser:stylesheet dom:desktop dom:mobile
https://pandaexteriors.com/wp-content/cache/background-css/1/pandaexteriors.com/wp-content/cache/min/1/wp-content/uploads/oxygen/css/oxy-selectors.css?ver=1781702180&wpr_t=1790690902,site/wp-content/cache/background-css/1/pandaexteriors.com/wp-content/cache/min/1/wp-content/uploads/oxygen/css/oxy-selectors__q_cb46427a5d.css,200,text/css,71297,browser:stylesheet dom:desktop dom:mobile
https://pandaexteriors.com/wp-content/cache/background-css/1/pandaexteriors.com/wp-content/cache/min/1/wp-content/uploads/oxygen/css/oxy-selectors.css?ver=1781702180&wpr_t=1790690903,site/wp-content/cache/background-css/1/pandaexteriors.com/wp-content/cache/min/1/wp-content/uploads/oxygen/css/oxy-selectors__q_22b9dcf28c.css,200,text/css,71297,browser:stylesheet dom:desktop dom:mobile
https://pandaexteriors.com/wp-content/cache/background-css/1/pandaexteriors.com/wp-content/cache/min/1/wp-content/uploads/oxygen/css/oxy-selectors.css?ver=1781702180&wpr_t=1790690904,site/wp-content/cache/background-css/1/pandaexteriors.com/wp-content/cache/min/1/wp-content/uploads/oxygen/css/oxy-selectors__q_a127ec1955.css,200,text/css,71297,browser:stylesheet dom:desktop dom:mobile
https://pandaexteriors.com/wp-content/cache/background-css/1/pandaexteriors.com/wp-content/cache/min/1/wp-content/uploads/oxygen/css/oxy-selectors.css?ver=1781702180&wpr_t=1790690905,site/wp-content/cache/background-css/1/pandaexteriors.com/wp-content/cache/min/1/wp-content/uploads/oxygen/css/oxy-selectors__q_86fdfc88b3.css,200,text/css,71297,browser:stylesheet dom:desktop dom:mobile
https://pandaexteriors.com/wp-content/cache/background-css/1/pandaexteriors.com/wp-content/cache/min/1/wp-content/uploads/oxygen/css/oxy-selectors.css?ver=1781702180&wpr_t=1790690907,site/wp-content/cache/background-css/1/pandaexteriors.com/wp-content/cache/min/1/wp-content/uploads/oxygen/css/oxy-selectors__q_d4c0d1e541.css,200,text/css,71297,browser:stylesheet dom:desktop dom:mobile
https://pandaexteriors.com/wp-content/cache/background-css/1/pandaexteriors.com/wp-content/cache/min/1/wp-content/uploads/oxygen/css/oxy-selectors.css?ver=1781702180&wpr_t=1790690909,site/wp-content/cache/background-css/1/pandaexteriors.com/wp-content/cache/min/1/wp-content/uploads/oxygen/css/oxy-selectors__q_6c632f0f6d.css,200,text/css,71297,browser:stylesheet dom:desktop dom:mobile
https://pandaexteriors.com/wp-content/cache/background-css/1/pandaexteriors.com/wp-content/cache/min/1/wp-content/uploads/oxygen/css/oxy-selectors.css?ver=1781702180&wpr_t=1790690911,site/wp-content/cache/background-css/1/pandaexteriors.com/wp-content/cache/min/1/wp-content/uploads/oxygen/css/oxy-selectors__q_60e1e901e9.css,200,text/css,71297,browser:stylesheet dom:desktop dom:mobile
https://pandaexteriors.com/wp-content/cache/background-css/1/pandaexteriors.com/wp-content/cache/min/1/wp-content/uploads/oxygen/css/oxy-selectors.css?ver=1781702180&wpr_t=1790690912,site/wp-content/cache/background-css/1/pandaexteriors.com/wp-content/cache/min/1/wp-content/uploads/oxygen/css/oxy-selectors__q_f0305eaf5b.css,200,text/css,71297,browser:stylesheet dom:desktop dom:mobile
https://pandaexteriors.com/wp-content/cache/background-css/1/pandaexteriors.com/wp-content/cache/min/1/wp-content/uploads/oxygen/css/oxy-selectors.css?ver=1781702180&wpr_t=1790690914,site/wp-content/cache/background-css/1/pandaexteriors.com/wp-content/cache/min/1/wp-content/uploads/oxygen/css/oxy-selectors__q_62c27f921b.css,200,text/css,71297,browser:stylesheet dom:desktop dom:mobile
https://pandaexteriors.com/wp-content/cache/background-css/1/pandaexteriors.com/wp-content/cache/min/1/wp-content/uploads/oxygen/css/oxy-selectors.css?ver=1781702180&wpr_t=1790690917,site/wp-content/cache/background-css/1/pandaexteriors.com/wp-content/cache/min/1/wp-content/uploads/oxygen/css/oxy-selectors__q_a854f4e9c3.css,200,text/css,71297,browser:stylesheet dom:desktop dom:mobile
https://pandaexteriors.com/wp-content/cache/background-css/1/pandaexteriors.com/wp-content/cache/min/1/wp-content/uploads/oxygen/css/oxy-selectors.css?ver=1781702180&wpr_t=1790690918,site/wp-content/cache/background-css/1/pandaexteriors.com/wp-content/cache/min/1/wp-content/uploads/oxygen/css/oxy-selectors__q_5302ad5796.css,200,text/css,71297,browser:stylesheet dom:desktop dom:mobile
https://pandaexteriors.com/wp-content/cache/background-css/1/pandaexteriors.com/wp-content/cache/min/1/wp-content/uploads/oxygen/css/oxy-selectors.css?ver=1781702180&wpr_t=1790690919,site/wp-content/cache/background-css/1/pandaexteriors.com/wp-content/cache/min/1/wp-content/uploads/oxygen/css/oxy-selectors__q_d5e8701ebb.css,200,text/css,71297,browser:stylesheet dom:desktop dom:mobile
https://pandaexteriors.com/wp-content/cache/background-css/1/pandaexteriors.com/wp-content/cache/min/1/wp-content/uploads/oxygen/css/oxy-selectors.css?ver=1781702180&wpr_t=1790690920,site/wp-content/cache/background-css/1/pandaexteriors.com/wp-content/cache/min/1/wp-content/uploads/oxygen/css/oxy-selectors__q_1a8014f013.css,200,text/css,71297,browser:stylesheet dom:desktop dom:mobile
https://pandaexteriors.com/wp-content/cache/background-css/1/pandaexteriors.com/wp-content/cache/min/1/wp-content/uploads/oxygen/css/oxy-selectors.css?ver=1781702180&wpr_t=1790690922,site/wp-content/cache/background-css/1/pandaexteriors.com/wp-content/cache/min/1/wp-content/uploads/oxygen/css/oxy-selectors__q_d1ca2f1876.css,200,text/css,71297,browser:stylesheet dom:desktop dom:mobile
https://pandaexteriors.com/wp-content/cache/background-css/1/pandaexteriors.com/wp-content/cache/min/1/wp-content/uploads/oxygen/css/oxy-selectors.css?ver=1781702180&wpr_t=1790690925,site/wp-content/cache/background-css/1/pandaexteriors.com/wp-content/cache/min/1/wp-content/uploads/oxygen/css/oxy-selectors__q_a194994d32.css,200,text/css,71297,browser:stylesheet dom:desktop dom:mobile
https://pandaexteriors.com/wp-content/cache/background-css/1/pandaexteriors.com/wp-content/cache/min/1/wp-content/uploads/oxygen/css/oxy-selectors.css?ver=1781702180&wpr_t=1790690926,site/wp-content/cache/background-css/1/pandaexteriors.com/wp-content/cache/min/1/wp-content/uploads/oxygen/css/oxy-selectors__q_dd941815f5.css,200,text/css,71297,browser:stylesheet dom:desktop dom:mobile
https://pandaexteriors.com/wp-content/cache/background-css/1/pandaexteriors.com/wp-content/cache/min/1/wp-content/uploads/oxygen/css/oxy-selectors.css?ver=1781702180&wpr_t=1790690928,site/wp-content/cache/background-css/1/pandaexteriors.com/wp-content/cache/min/1/wp-content/uploads/oxygen/css/oxy-selectors__q_d6e216e93a.css,200,text/css,71297,browser:stylesheet dom:desktop dom:mobile
https://pandaexteriors.com/wp-content/cache/background-css/1/pandaexteriors.com/wp-content/cache/min/1/wp-content/uploads/oxygen/css/oxy-selectors.css?ver=1781702180&wpr_t=1790690929,site/wp-content/cache/background-css/1/pandaexteriors.com/wp-content/cache/min/1/wp-content/uploads/oxygen/css/oxy-selectors__q_310cabc85d.css,200,text/css,71297,browser:stylesheet dom:desktop dom:mobile
https://pandaexteriors.com/wp-content/cache/background-css/1/pandaexteriors.com/wp-content/cache/min/1/wp-content/uploads/oxygen/css/oxy-selectors.css?ver=1781702180&wpr_t=1790690930,site/wp-content/cache/background-css/1/pandaexteriors.com/wp-content/cache/min/1/wp-content/uploads/oxygen/css/oxy-selectors__q_20f044065c.css,200,text/css,71297,browser:stylesheet dom:desktop dom:mobile
https://pandaexteriors.com/wp-content/cache/background-css/1/pandaexteriors.com/wp-content/cache/min/1/wp-content/uploads/oxygen/css/oxy-selectors.css?ver=1781702180&wpr_t=1790690931,site/wp-content/cache/background-css/1/pandaexteriors.com/wp-content/cache/min/1/wp-content/uploads/oxygen/css/oxy-selectors__q_c65c3e1027.css,200,text/css,71297,browser:stylesheet dom:desktop dom:mobile
https://pandaexteriors.com/wp-content/cache/background-css/1/pandaexteriors.com/wp-content/cache/min/1/wp-content/uploads/oxygen/css/oxy-selectors.css?ver=1781702180&wpr_t=1790690932,site/wp-content/cache/background-css/1/pandaexteriors.com/wp-content/cache/min/1/wp-content/uploads/oxygen/css/oxy-selectors__q_f0f99b54cb.css,200,text/css,71297,browser:stylesheet dom:desktop dom:mobile
https://pandaexteriors.com/wp-content/cache/background-css/1/pandaexteriors.com/wp-content/cache/min/1/wp-content/uploads/oxygen/css/oxy-selectors.css?ver=1781702180&wpr_t=1790690933,site/wp-content/cache/background-css/1/pandaexteriors.com/wp-content/cache/min/1/wp-content/uploads/oxygen/css/oxy-selectors__q_3630d3ba7c.css,200,text/css,71297,browser:stylesheet dom:desktop dom:mobile
https://pandaexteriors.com/wp-content/cache/background-css/1/pandaexteriors.com/wp-content/cache/min/1/wp-content/uploads/oxygen/css/oxy-selectors.css?ver=1781702180&wpr_t=1790690934,site/wp-content/cache/background-css/1/pandaexteriors.com/wp-content/cache/min/1/wp-content/uploads/oxygen/css/oxy-selectors__q_ae6ccc1c02.css,200,text/css,71297,browser:stylesheet dom:desktop dom:mobile
https://pandaexteriors.com/wp-content/cache/background-css/1/pandaexteriors.com/wp-content/cache/min/1/wp-content/uploads/oxygen/css/oxy-selectors.css?ver=1781702180&wpr_t=1790690935,site/wp-content/cache/background-css/1/pandaexteriors.com/wp-content/cache/min/1/wp-content/uploads/oxygen/css/oxy-selectors__q_faea1d76f4.css,200,text/css,71297,browser:stylesheet dom:desktop dom:mobile
https://pandaexteriors.com/wp-content/cache/background-css/1/pandaexteriors.com/wp-content/cache/min/1/wp-content/uploads/oxygen/css/oxy-selectors.css?ver=1781702180&wpr_t=1790692458,site/wp-content/cache/background-css/1/pandaexteriors.com/wp-content/cache/min/1/wp-content/uploads/oxygen/css/oxy-selectors__q_87517993c4.css,200,text/css,71297,browser:stylesheet dom:desktop dom:mobile
https://pandaexteriors.com/wp-content/cache/background-css/1/pandaexteriors.com/wp-content/cache/min/1/wp-content/uploads/oxygen/css/oxy-selectors.css?ver=1781702180&wpr_t=1790693265,site/wp-content/cache/background-css/1/pandaexteriors.com/wp-content/cache/min/1/wp-content/uploads/oxygen/css/oxy-selectors__q_8e7aabd704.css,200,text/css,71297,browser:stylesheet dom:desktop dom:mobile
https://pandaexteriors.com/wp-content/cache/background-css/1/pandaexteriors.com/wp-content/cache/min/1/wp-content/uploads/oxygen/css/oxy-selectors.css?ver=1781702180&wpr_t=1790695164,site/wp-content/cache/background-css/1/pandaexteriors.com/wp-content/cache/min/1/wp-content/uploads/oxygen/css/oxy-selectors__q_28fa6a520c.css,200,text/css,71297,browser:stylesheet dom:desktop dom:mobile
https://pandaexteriors.com/wp-content/cache/background-css/1/pandaexteriors.com/wp-content/cache/min/1/wp-content/uploads/oxygen/css/oxy-selectors.css?ver=1781702180&wpr_t=1790695166,site/wp-content/cache/background-css/1/pandaexteriors.com/wp-content/cache/min/1/wp-content/uploads/oxygen/css/oxy-selectors__q_b5d3849a7b.css,200,text/css,71297,browser:stylesheet dom:desktop dom:mobile
https://pandaexteriors.com/wp-content/cache/background-css/1/pandaexteriors.com/wp-content/cache/min/1/wp-content/uploads/oxygen/css/oxy-selectors.css?ver=1781702180&wpr_t=1790695167,site/wp-content/cache/background-css/1/pandaexteriors.com/wp-content/cache/min/1/wp-content/uploads/oxygen/css/oxy-selectors__q_b34d1b5737.css,200,text/css,71297,browser:stylesheet dom:desktop dom:mobile
https://pandaexteriors.com/wp-content/cache/background-css/1/pandaexteriors.com/wp-content/cache/min/1/wp-content/uploads/oxygen/css/oxy-selectors.css?ver=1781702180&wpr_t=1790695183,site/wp-content/cache/background-css/1/pandaexteriors.com/wp-content/cache/min/1/wp-content/uploads/oxygen/css/oxy-selectors__q_0994600e0f.css,200,text/css,71297,browser:stylesheet dom:desktop dom:mobile
https://pandaexteriors.com/wp-content/cache/background-css/1/pandaexteriors.com/wp-content/cache/min/1/wp-content/uploads/oxygen/css/oxy-selectors.css?ver=1781702180&wpr_t=1790695184,site/wp-content/cache/background-css/1/pandaexteriors.com/wp-content/cache/min/1/wp-content/uploads/oxygen/css/oxy-selectors__q_6c7d2d4ec4.css,200,text/css,71297,browser:stylesheet dom:desktop dom:mobile
https://pandaexteriors.com/wp-content/cache/background-css/1/pandaexteriors.com/wp-content/cache/min/1/wp-content/uploads/oxygen/css/oxy-selectors.css?ver=1781702180&wpr_t=1790695186,site/wp-content/cache/background-css/1/pandaexteriors.com/wp-content/cache/min/1/wp-content/uploads/oxygen/css/oxy-selectors__q_e17401993a.css,200,text/css,71297,browser:stylesheet dom:desktop dom:mobile
https://pandaexteriors.com/wp-content/cache/background-css/1/pandaexteriors.com/wp-content/cache/min/1/wp-content/uploads/oxygen/css/oxy-selectors.css?ver=1781702180&wpr_t=1790695187,site/wp-content/cache/background-css/1/pandaexteriors.com/wp-content/cache/min/1/wp-content/uploads/oxygen/css/oxy-selectors__q_3d226c705c.css,200,text/css,71297,browser:stylesheet dom:desktop dom:mobile
https://pandaexteriors.com/wp-content/cache/background-css/1/pandaexteriors.com/wp-content/cache/min/1/wp-content/uploads/oxygen/css/oxy-selectors.css?ver=1781702180&wpr_t=1790695189,site/wp-content/cache/background-css/1/pandaexteriors.com/wp-content/cache/min/1/wp-content/uploads/oxygen/css/oxy-selectors__q_daf9795fd6.css,200,text/css,71297,browser:stylesheet dom:desktop dom:mobile
https://pandaexteriors.com/wp-content/cache/background-css/1/pandaexteriors.com/wp-content/cache/min/1/wp-content/uploads/oxygen/css/oxy-selectors.css?ver=1781702180&wpr_t=1790695190,site/wp-content/cache/background-css/1/pandaexteriors.com/wp-content/cache/min/1/wp-content/uploads/oxygen/css/oxy-selectors__q_34a169d7f1.css,200,text/css,71297,browser:stylesheet dom:desktop dom:mobile
https://pandaexteriors.com/wp-content/cache/background-css/1/pandaexteriors.com/wp-content/cache/min/1/wp-content/uploads/oxygen/css/oxy-selectors.css?ver=1781702180&wpr_t=1790695192,site/wp-content/cache/background-css/1/pandaexteriors.com/wp-content/cache/min/1/wp-content/uploads/oxygen/css/oxy-selectors__q_af9e9d6b1d.css,200,text/css,71297,browser:stylesheet dom:desktop dom:mobile
https://pandaexteriors.com/wp-content/cache/background-css/1/pandaexteriors.com/wp-content/cache/min/1/wp-content/uploads/oxygen/css/oxy-selectors.css?ver=1781702180&wpr_t=1790695194,site/wp-content/cache/background-css/1/pandaexteriors.com/wp-content/cache/min/1/wp-content/uploads/oxygen/css/oxy-selectors__q_869db26987.css,200,text/css,71297,browser:stylesheet dom:desktop dom:mobile
https://pandaexteriors.com/wp-content/cache/background-css/1/pandaexteriors.com/wp-content/cache/min/1/wp-content/uploads/oxygen/css/oxy-selectors.css?ver=1781702180&wpr_t=1790695197,site/wp-content/cache/background-css/1/pandaexteriors.com/wp-content/cache/min/1/wp-content/uploads/oxygen/css/oxy-selectors__q_fbb228326b.css,200,text/css,71297,browser:stylesheet dom:desktop dom:mobile
https://pandaexteriors.com/wp-content/cache/background-css/1/pandaexteriors.com/wp-content/cache/min/1/wp-content/uploads/oxygen/css/oxy-selectors.css?ver=1781702180&wpr_t=1790695199,site/wp-content/cache/background-css/1/pandaexteriors.com/wp-content/cache/min/1/wp-content/uploads/oxygen/css/oxy-selectors__q_157bc7496f.css,200,text/css,71297,browser:stylesheet dom:desktop dom:mobile
https://pandaexteriors.com/wp-content/cache/background-css/1/pandaexteriors.com/wp-content/cache/min/1/wp-content/uploads/oxygen/css/oxy-selectors.css?ver=1781702180&wpr_t=1790695202,site/wp-content/cache/background-css/1/pandaexteriors.com/wp-content/cache/min/1/wp-content/uploads/oxygen/css/oxy-selectors__q_83a7973de9.css,200,text/css,71297,browser:stylesheet dom:desktop dom:mobile
https://pandaexteriors.com/wp-content/cache/fonts/1/google-fonts/css/7/7/8/742e5fdee6aa3a940a6f75581f9ab.css,site/wp-content/cache/fonts/1/google-fonts/css/7/7/8/742e5fdee6aa3a940a6f75581f9ab.css,200,text/css,29950,browser:stylesheet dom:desktop dom:mobile
https://pandaexteriors.com/wp-content/cache/fonts/1/google-fonts/css/9/c/4/20e9675428b626f30168f8b700c90.css,site/wp-content/cache/fonts/1/google-fonts/css/9/c/4/20e9675428b626f30168f8b700c90.css,200,text/css,108054,browser:stylesheet dom:desktop dom:mobile
https://pandaexteriors.com/wp-content/cache/fonts/1/google-fonts/css/e/e/1/ecba88090b666a6d883bb5d0a183a.css,site/wp-content/cache/fonts/1/google-fonts/css/e/e/1/ecba88090b666a6d883bb5d0a183a.css,200,text/css,108054,browser:stylesheet dom:desktop dom:mobile
https://pandaexteriors.com/wp-content/cache/fonts/1/google-fonts/fonts/s/roboto/v51/KFO5CnqEu92Fr1Mu53ZEC9_Vu3r1gIhOszmkaHkaWzU.woff2,site/wp-content/cache/fonts/1/google-fonts/fonts/s/roboto/v51/KFO5CnqEu92Fr1Mu53ZEC9_Vu3r1gIhOszmkaHkaWzU.woff2,200,application/font-woff2,22440,css:https://pandaexteriors.com/wp-content/cache/fonts/1/google-fonts/css/e/e/1/ecba88090b666a6d883bb5d0a183a.css css:https://pandaexteriors.com/wp-content/cache/fonts/1/google-fonts/css/9/c/4/20e9675428b626f30168f8b700c90.css
https://pandaexteriors.com/wp-content/cache/fonts/1/google-fonts/fonts/s/roboto/v51/KFO5CnqEu92Fr1Mu53ZEC9_Vu3r1gIhOszmkAnkaWzU.woff2,site/wp-content/cache/fonts/1/google-fonts/fonts/s/roboto/v51/KFO5CnqEu92Fr1Mu53ZEC9_Vu3r1gIhOszmkAnkaWzU.woff2,200,application/font-woff2,25464,css:https://pandaexteriors.com/wp-content/cache/fonts/1/google-fonts/css/e/e/1/ecba88090b666a6d883bb5d0a183a.css css:https://pandaexteriors.com/wp-content/cache/fonts/1/google-fonts/css/9/c/4/20e9675428b626f30168f8b700c90.css
https://pandaexteriors.com/wp-content/cache/fonts/1/google-fonts/fonts/s/roboto/v51/KFO5CnqEu92Fr1Mu53ZEC9_Vu3r1gIhOszmkBnka.woff2,site/wp-content/cache/fonts/1/google-fonts/fonts/s/roboto/v51/KFO5CnqEu92Fr1Mu53ZEC9_Vu3r1gIhOszmkBnka.woff2,200,application/font-woff2,47208,browser:font dom:desktop dom:mobile
https://pandaexteriors.com/wp-content/cache/fonts/1/google-fonts/fonts/s/roboto/v51/KFO5CnqEu92Fr1Mu53ZEC9_Vu3r1gIhOszmkBXkaWzU.woff2,site/wp-content/cache/fonts/1/google-fonts/fonts/s/roboto/v51/KFO5CnqEu92Fr1Mu53ZEC9_Vu3r1gIhOszmkBXkaWzU.woff2,200,application/font-woff2,18780,css:https://pandaexteriors.com/wp-content/cache/fonts/1/google-fonts/css/e/e/1/ecba88090b666a6d883bb5d0a183a.css css:https://pandaexteriors.com/wp-content/cache/fonts/1/google-fonts/css/9/c/4/20e9675428b626f30168f8b700c90.css
https://pandaexteriors.com/wp-content/cache/fonts/1/google-fonts/fonts/s/roboto/v51/KFO5CnqEu92Fr1Mu53ZEC9_Vu3r1gIhOszmkC3kaWzU.woff2,site/wp-content/cache/fonts/1/google-fonts/fonts/s/roboto/v51/KFO5CnqEu92Fr1Mu53ZEC9_Vu3r1gIhOszmkC3kaWzU.woff2,200,application/font-woff2,40480,css:https://pandaexteriors.com/wp-content/cache/fonts/1/google-fonts/css/e/e/1/ecba88090b666a6d883bb5d0a183a.css css:https://pandaexteriors.com/wp-content/cache/fonts/1/google-fonts/css/9/c/4/20e9675428b626f30168f8b700c90.css
https://pandaexteriors.com/wp-content/cache/fonts/1/google-fonts/fonts/s/roboto/v51/KFO5CnqEu92Fr1Mu53ZEC9_Vu3r1gIhOszmkCHkaWzU.woff2,site/wp-content/cache/fonts/1/google-fonts/fonts/s/roboto/v51/KFO5CnqEu92Fr1Mu53ZEC9_Vu3r1gIhOszmkCHkaWzU.woff2,200,application/font-woff2,31820,css:https://pandaexteriors.com/wp-content/cache/fonts/1/google-fonts/css/e/e/1/ecba88090b666a6d883bb5d0a183a.css css:https://pandaexteriors.com/wp-content/cache/fonts/1/google-fonts/css/9/c/4/20e9675428b626f30168f8b700c90.css
https://pandaexteriors.com/wp-content/cache/fonts/1/google-fonts/fonts/s/roboto/v51/KFO5CnqEu92Fr1Mu53ZEC9_Vu3r1gIhOszmkCnkaWzU.woff2,site/wp-content/cache/fonts/1/google-fonts/fonts/s/roboto/v51/KFO5CnqEu92Fr1Mu53ZEC9_Vu3r1gIhOszmkCnkaWzU.woff2,200,application/font-woff2,4452,css:https://pandaexteriors.com/wp-content/cache/fonts/1/google-fonts/css/e/e/1/ecba88090b666a6d883bb5d0a183a.css css:https://pandaexteriors.com/wp-content/cache/fonts/1/google-fonts/css/9/c/4/20e9675428b626f30168f8b700c90.css
https://pandaexteriors.com/wp-content/cache/fonts/1/google-fonts/fonts/s/roboto/v51/KFO5CnqEu92Fr1Mu53ZEC9_Vu3r1gIhOszmkCXkaWzU.woff2,site/wp-content/cache/fonts/1/google-fonts/fonts/s/roboto/v51/KFO5CnqEu92Fr1Mu53ZEC9_Vu3r1gIhOszmkCXkaWzU.woff2,200,application/font-woff2,15344,css:https://pandaexteriors.com/wp-content/cache/fonts/1/google-fonts/css/e/e/1/ecba88090b666a6d883bb5d0a183a.css css:https://pandaexteriors.com/wp-content/cache/fonts/1/google-fonts/css/9/c/4/20e9675428b626f30168f8b700c90.css
https://pandaexteriors.com/wp-content/cache/fonts/1/google-fonts/fonts/s/roboto/v51/KFO5CnqEu92Fr1Mu53ZEC9_Vu3r1gIhOszmkenkaWzU.woff2,site/wp-content/cache/fonts/1/google-fonts/fonts/s/roboto/v51/KFO5CnqEu92Fr1Mu53ZEC9_Vu3r1gIhOszmkenkaWzU.woff2,200,application/font-woff2,45184,css:https://pandaexteriors.com/wp-content/cache/fonts/1/google-fonts/css/e/e/1/ecba88090b666a6d883bb5d0a183a.css css:https://pandaexteriors.com/wp-content/cache/fonts/1/google-fonts/css/9/c/4/20e9675428b626f30168f8b700c90.css
https://pandaexteriors.com/wp-content/cache/fonts/1/google-fonts/fonts/s/roboto/v51/KFO7CnqEu92Fr1ME7kSn66aGLdTylUAMa3-UBGEe.woff2,site/wp-content/cache/fonts/1/google-fonts/fonts/s/roboto/v51/KFO7CnqEu92Fr1ME7kSn66aGLdTylUAMa3-UBGEe.woff2,200,application/font-woff2,17624,css:https://pandaexteriors.com/wp-content/cache/fonts/1/google-fonts/css/e/e/1/ecba88090b666a6d883bb5d0a183a.css css:https://pandaexteriors.com/wp-content/cache/fonts/1/google-fonts/css/9/c/4/20e9675428b626f30168f8b700c90.css css:https://pandaexteriors.com/wp-content/cache/fonts/1/google-fonts/css/7/7/8/742e5fdee6aa3a940a6f75581f9ab.css
https://pandaexteriors.com/wp-content/cache/fonts/1/google-fonts/fonts/s/roboto/v51/KFO7CnqEu92Fr1ME7kSn66aGLdTylUAMa3CUBGEe.woff2,site/wp-content/cache/fonts/1/google-fonts/fonts/s/roboto/v51/KFO7CnqEu92Fr1ME7kSn66aGLdTylUAMa3CUBGEe.woff2,200,application/font-woff2,4348,css:https://pandaexteriors.com/wp-content/cache/fonts/1/google-fonts/css/e/e/1/ecba88090b666a6d883bb5d0a183a.css css:https://pandaexteriors.com/wp-content/cache/fonts/1/google-fonts/css/9/c/4/20e9675428b626f30168f8b700c90.css css:https://pandaexteriors.com/wp-content/cache/fonts/1/google-fonts/css/7/7/8/742e5fdee6aa3a940a6f75581f9ab.css
https://pandaexteriors.com/wp-content/cache/fonts/1/google-fonts/fonts/s/roboto/v51/KFO7CnqEu92Fr1ME7kSn66aGLdTylUAMa3GUBGEe.woff2,site/wp-content/cache/fonts/1/google-fonts/fonts/s/roboto/v51/KFO7CnqEu92Fr1ME7kSn66aGLdTylUAMa3GUBGEe.woff2,200,application/font-woff2,36652,css:https://pandaexteriors.com/wp-content/cache/fonts/1/google-fonts/css/e/e/1/ecba88090b666a6d883bb5d0a183a.css css:https://pandaexteriors.com/wp-content/cache/fonts/1/google-fonts/css/9/c/4/20e9675428b626f30168f8b700c90.css css:https://pandaexteriors.com/wp-content/cache/fonts/1/google-fonts/css/7/7/8/742e5fdee6aa3a940a6f75581f9ab.css
https://pandaexteriors.com/wp-content/cache/fonts/1/google-fonts/fonts/s/roboto/v51/KFO7CnqEu92Fr1ME7kSn66aGLdTylUAMa3iUBGEe.woff2,site/wp-content/cache/fonts/1/google-fonts/fonts/s/roboto/v51/KFO7CnqEu92Fr1ME7kSn66aGLdTylUAMa3iUBGEe.woff2,200,application/font-woff2,23664,css:https://pandaexteriors.com/wp-content/cache/fonts/1/google-fonts/css/e/e/1/ecba88090b666a6d883bb5d0a183a.css css:https://pandaexteriors.com/wp-content/cache/fonts/1/google-fonts/css/9/c/4/20e9675428b626f30168f8b700c90.css css:https://pandaexteriors.com/wp-content/cache/fonts/1/google-fonts/css/7/7/8/742e5fdee6aa3a940a6f75581f9ab.css
https://pandaexteriors.com/wp-content/cache/fonts/1/google-fonts/fonts/s/roboto/v51/KFO7CnqEu92Fr1ME7kSn66aGLdTylUAMa3KUBGEe.woff2,site/wp-content/cache/fonts/1/google-fonts/fonts/s/roboto/v51/KFO7CnqEu92Fr1ME7kSn66aGLdTylUAMa3KUBGEe.woff2,200,application/font-woff2,29392,css:https://pandaexteriors.com/wp-content/cache/fonts/1/google-fonts/css/e/e/1/ecba88090b666a6d883bb5d0a183a.css css:https://pandaexteriors.com/wp-content/cache/fonts/1/google-fonts/css/9/c/4/20e9675428b626f30168f8b700c90.css css:https://pandaexteriors.com/wp-content/cache/fonts/1/google-fonts/css/7/7/8/742e5fdee6aa3a940a6f75581f9ab.css
https://pandaexteriors.com/wp-content/cache/fonts/1/google-fonts/fonts/s/roboto/v51/KFO7CnqEu92Fr1ME7kSn66aGLdTylUAMa3OUBGEe.woff2,site/wp-content/cache/fonts/1/google-fonts/fonts/s/roboto/v51/KFO7CnqEu92Fr1ME7kSn66aGLdTylUAMa3OUBGEe.woff2,200,application/font-woff2,14340,css:https://pandaexteriors.com/wp-content/cache/fonts/1/google-fonts/css/e/e/1/ecba88090b666a6d883bb5d0a183a.css css:https://pandaexteriors.com/wp-content/cache/fonts/1/google-fonts/css/9/c/4/20e9675428b626f30168f8b700c90.css css:https://pandaexteriors.com/wp-content/cache/fonts/1/google-fonts/css/7/7/8/742e5fdee6aa3a940a6f75581f9ab.css
https://pandaexteriors.com/wp-content/cache/fonts/1/google-fonts/fonts/s/roboto/v51/KFO7CnqEu92Fr1ME7kSn66aGLdTylUAMa3yUBA.woff2,site/wp-content/cache/fonts/1/google-fonts/fonts/s/roboto/v51/KFO7CnqEu92Fr1ME7kSn66aGLdTylUAMa3yUBA.woff2,200,application/font-woff2,43136,browser:font dom:desktop dom:mobile
https://pandaexteriors.com/wp-content/cache/fonts/1/google-fonts/fonts/s/roboto/v51/KFO7CnqEu92Fr1ME7kSn66aGLdTylUAMawCUBGEe.woff2,site/wp-content/cache/fonts/1/google-fonts/fonts/s/roboto/v51/KFO7CnqEu92Fr1ME7kSn66aGLdTylUAMawCUBGEe.woff2,200,application/font-woff2,41348,browser:font dom:desktop dom:mobile
https://pandaexteriors.com/wp-content/cache/fonts/1/google-fonts/fonts/s/roboto/v51/KFO7CnqEu92Fr1ME7kSn66aGLdTylUAMaxKUBGEe.woff2,site/wp-content/cache/fonts/1/google-fonts/fonts/s/roboto/v51/KFO7CnqEu92Fr1ME7kSn66aGLdTylUAMaxKUBGEe.woff2,200,application/font-woff2,20556,browser:font dom:desktop dom:mobile
https://pandaexteriors.com/wp-content/cache/min/1/@google/markerclustererplus@5.1.0/dist/markerclustererplus.min.js?ver=1781702328,site/wp-content/cache/min/1/@google/markerclustererplus@5.1.0/dist/markerclustererplus.min.js,200,application/javascript,36784,browser:script dom:desktop dom:mobile
https://pandaexteriors.com/wp-content/cache/min/1/ajax/libs/font-awesome/5.15.4/css/all.min.css?ver=1781702328,site/wp-content/cache/min/1/ajax/libs/font-awesome/5.15.4/css/all.min.css,200,text/css,60436,browser:stylesheet dom:desktop dom:mobile
https://pandaexteriors.com/wp-content/cache/min/1/ajax/libs/font-awesome/6.0.0-beta3/css/all.min.css?ver=1781702180,site/wp-content/cache/min/1/ajax/libs/font-awesome/6.0.0-beta3/css/all.min.css,200,text/css,85331,browser:stylesheet dom:desktop dom:mobile
https://pandaexteriors.com/wp-content/cache/min/1/jquery-3.6.0.min.js?ver=1781702181,site/wp-content/cache/min/1/jquery-3.6.0.min.js,200,application/javascript,89499,browser:script dom:desktop dom:mobile
https://pandaexteriors.com/wp-content/cache/min/1/npm/@popperjs/core@2.11.8/dist/umd/popper.min.js?ver=1781702181,site/wp-content/cache/min/1/npm/@popperjs/core@2.11.8/dist/umd/popper.min.js,200,application/javascript,20032,browser:script dom:desktop dom:mobile
https://pandaexteriors.com/wp-content/cache/min/1/npm/bootstrap@5.3.3/dist/css/bootstrap.min.css?ver=1781702180,site/wp-content/cache/min/1/npm/bootstrap@5.3.3/dist/css/bootstrap.min.css,200,text/css,232731,browser:stylesheet dom:desktop dom:mobile
https://pandaexteriors.com/wp-content/cache/min/1/npm/bootstrap@5.3.3/dist/js/bootstrap.min.js?ver=1781702181,site/wp-content/cache/min/1/npm/bootstrap@5.3.3/dist/js/bootstrap.min.js,200,application/javascript,60592,browser:script dom:desktop dom:mobile
https://pandaexteriors.com/wp-content/cache/min/1/npm/swiper@11/swiper-bundle.min.css?ver=1781702180,site/wp-content/cache/min/1/npm/swiper@11/swiper-bundle.min.css,200,text/css,18209,browser:stylesheet dom:desktop dom:mobile
https://pandaexteriors.com/wp-content/cache/min/1/npm/swiper@11/swiper-bundle.min.js?ver=1781702181,site/wp-content/cache/min/1/npm/swiper@11/swiper-bundle.min.js,200,application/javascript,154295,browser:script dom:desktop dom:mobile
https://pandaexteriors.com/wp-content/cache/min/1/wp-content/plugins/contact-form-7/includes/css/styles.css?ver=1781702180,site/wp-content/cache/min/1/wp-content/plugins/contact-form-7/includes/css/styles.css,200,text/css,2413,browser:stylesheet dom:desktop dom:mobile
https://pandaexteriors.com/wp-content/cache/min/1/wp-content/plugins/contact-form-7/includes/js/index.js?ver=1781702181,site/wp-content/cache/min/1/wp-content/plugins/contact-form-7/includes/js/index.js,200,application/javascript,13451,browser:script dom:desktop dom:mobile
https://pandaexteriors.com/wp-content/cache/min/1/wp-content/plugins/contact-form-7/includes/swv/js/index.js?ver=1781702181,site/wp-content/cache/min/1/wp-content/plugins/contact-form-7/includes/swv/js/index.js,200,application/javascript,12511,browser:script dom:desktop dom:mobile
https://pandaexteriors.com/wp-content/cache/min/1/wp-content/plugins/oxygen/plugin/global-scripts/oxygen-utils.js?ver=1781702181,site/wp-content/cache/min/1/wp-content/plugins/oxygen/plugin/global-scripts/oxygen-utils.js,200,application/javascript,4018,browser:script dom:desktop dom:mobile
https://pandaexteriors.com/wp-content/cache/min/1/wp-content/plugins/oxygen/subplugins/breakdance-elements/dependencies-files/breakdance-gallery@1/gallery.js?ver=1781702181,site/wp-content/cache/min/1/wp-content/plugins/oxygen/subplugins/breakdance-elements/dependencies-files/breakdance-gallery@1/gallery.js,200,application/javascript,5499,browser:script dom:desktop dom:mobile
https://pandaexteriors.com/wp-content/cache/min/1/wp-content/plugins/oxygen/subplugins/breakdance-elements/dependencies-files/breakdance-posts@1/posts.css?ver=1781702180,site/wp-content/cache/min/1/wp-content/plugins/oxygen/subplugins/breakdance-elements/dependencies-files/breakdance-posts@1/posts.css,200,text/css,2010,browser:stylesheet dom:desktop dom:mobile
https://pandaexteriors.com/wp-content/cache/min/1/wp-content/plugins/oxygen/subplugins/breakdance-elements/dependencies-files/breakdance-swiper/breakdance-swiper.js?ver=1781702181,site/wp-content/cache/min/1/wp-content/plugins/oxygen/subplugins/breakdance-elements/dependencies-files/breakdance-swiper/breakdance-swiper.js,200,application/javascript,7050,browser:script dom:desktop dom:mobile
https://pandaexteriors.com/wp-content/cache/min/1/wp-content/plugins/oxygen/subplugins/breakdance-elements/dependencies-files/custom-tabs@1/tabs.css?ver=1781702180,site/wp-content/cache/min/1/wp-content/plugins/oxygen/subplugins/breakdance-elements/dependencies-files/custom-tabs@1/tabs.css,200,text/css,6107,browser:stylesheet dom:desktop dom:mobile
https://pandaexteriors.com/wp-content/cache/min/1/wp-content/plugins/oxygen/subplugins/breakdance-elements/dependencies-files/elements-reusable-code/lightbox.js?ver=1781702181,site/wp-content/cache/min/1/wp-content/plugins/oxygen/subplugins/breakdance-elements/dependencies-files/elements-reusable-code/lightbox.js,200,application/javascript,5847,browser:script dom:desktop dom:mobile
https://pandaexteriors.com/wp-content/cache/min/1/wp-content/plugins/oxygen/subplugins/breakdance-elements/dependencies-files/lite-youtube@0.2/lite-yt-embed.css?ver=1781716455,site/wp-content/cache/min/1/wp-content/plugins/oxygen/subplugins/breakdance-elements/dependencies-files/lite-youtube@0.2/lite-yt-embed.css,200,text/css,2545,browser:stylesheet dom:desktop dom:mobile
https://pandaexteriors.com/wp-content/cache/min/1/wp-content/plugins/oxygen/subplugins/breakdance-elements/dependencies-files/lite-youtube@0.2/lite-yt-embed.js?ver=1781716455,site/wp-content/cache/min/1/wp-content/plugins/oxygen/subplugins/breakdance-elements/dependencies-files/lite-youtube@0.2/lite-yt-embed.js,200,application/javascript,3531,browser:script dom:desktop dom:mobile
https://pandaexteriors.com/wp-content/cache/min/1/wp-content/plugins/oxygen/subplugins/breakdance-elements/dependencies-files/swiper@8/breakdance-swiper-preset-defaults.css?ver=1781702180,site/wp-content/cache/min/1/wp-content/plugins/oxygen/subplugins/breakdance-elements/dependencies-files/swiper@8/breakdance-swiper-preset-defaults.css,200,text/css,1243,browser:stylesheet dom:desktop dom:mobile
https://pandaexteriors.com/wp-content/cache/min/1/wp-content/plugins/oxygen/subplugins/breakdance-elements/dependencies-files/swiper@8/swiper-bundle.min.css?ver=1781702180,site/wp-content/cache/min/1/wp-content/plugins/oxygen/subplugins/breakdance-elements/dependencies-files/swiper@8/swiper-bundle.min.css,200,text/css,15574,browser:stylesheet dom:desktop dom:mobile
https://pandaexteriors.com/wp-content/cache/min/1/wp-content/plugins/wpcf7-redirect/build/assets/frontend-script.css?ver=1781702180,site/wp-content/cache/min/1/wp-content/plugins/wpcf7-redirect/build/assets/frontend-script.css,200,text/css,124,browser:stylesheet dom:desktop dom:mobile
https://pandaexteriors.com/wp-content/cache/min/1/wp-content/plugins/wpcf7-redirect/build/assets/frontend-script.js?ver=1781702181,site/wp-content/cache/min/1/wp-content/plugins/wpcf7-redirect/build/assets/frontend-script.js,200,application/javascript,4045,browser:script dom:desktop dom:mobile
https://pandaexteriors.com/wp-content/cache/min/1/wp-content/uploads/oxygen/css/global-settings.css?ver=1781702180,site/wp-content/cache/min/1/wp-content/uploads/oxygen/css/global-settings.css,200,text/css,24890,browser:stylesheet dom:desktop dom:mobile
https://pandaexteriors.com/wp-content/cache/min/1/wp-content/uploads/oxygen/css/post-1077-defaults.css?ver=1781709419,site/wp-content/cache/min/1/wp-content/uploads/oxygen/css/post-1077-defaults.css,200,text/css,39,browser:stylesheet dom:desktop dom:mobile
https://pandaexteriors.com/wp-content/cache/min/1/wp-content/uploads/oxygen/css/post-1077.css?ver=1781709419,site/wp-content/cache/min/1/wp-content/uploads/oxygen/css/post-1077.css,200,text/css,664,browser:stylesheet dom:desktop dom:mobile
https://pandaexteriors.com/wp-content/cache/min/1/wp-content/uploads/oxygen/css/post-109-defaults.css?ver=1781702180,site/wp-content/cache/min/1/wp-content/uploads/oxygen/css/post-109-defaults.css,200,text/css,39,browser:stylesheet dom:desktop dom:mobile
https://pandaexteriors.com/wp-content/cache/min/1/wp-content/uploads/oxygen/css/post-109.css?ver=1781702180,site/wp-content/cache/min/1/wp-content/uploads/oxygen/css/post-109.css,200,text/css,331,browser:stylesheet dom:desktop dom:mobile
https://pandaexteriors.com/wp-content/cache/min/1/wp-content/uploads/oxygen/css/post-1232-defaults.css?ver=1781710437,site/wp-content/cache/min/1/wp-content/uploads/oxygen/css/post-1232-defaults.css,200,text/css,123,browser:stylesheet dom:desktop dom:mobile
https://pandaexteriors.com/wp-content/cache/min/1/wp-content/uploads/oxygen/css/post-14991-defaults.css?ver=1781706043,site/wp-content/cache/min/1/wp-content/uploads/oxygen/css/post-14991-defaults.css,200,text/css,792,browser:stylesheet dom:desktop dom:mobile
https://pandaexteriors.com/wp-content/cache/min/1/wp-content/uploads/oxygen/css/post-14991.css?ver=1781706043,site/wp-content/cache/min/1/wp-content/uploads/oxygen/css/post-14991.css,200,text/css,2942,browser:stylesheet dom:desktop dom:mobile
https://pandaexteriors.com/wp-content/cache/min/1/wp-content/uploads/oxygen/css/post-15126-defaults.css?ver=1781749361,site/wp-content/cache/min/1/wp-content/uploads/oxygen/css/post-15126-defaults.css,200,text/css,397,browser:stylesheet dom:desktop dom:mobile
https://pandaexteriors.com/wp-content/cache/min/1/wp-content/uploads/oxygen/css/post-15126.css?ver=1781749361,site/wp-content/cache/min/1/wp-content/uploads/oxygen/css/post-15126.css,200,text/css,537,browser:stylesheet dom:desktop dom:mobile
https://pandaexteriors.com/wp-content/cache/min/1/wp-content/uploads/oxygen/css/post-15132-defaults.css?ver=1781702180,site/wp-content/cache/min/1/wp-content/uploads/oxygen/css/post-15132-defaults.css,200,text/css,397,browser:stylesheet dom:desktop dom:mobile
https://pandaexteriors.com/wp-content/cache/min/1/wp-content/uploads/oxygen/css/post-15132.css?ver=1781702180,site/wp-content/cache/min/1/wp-content/uploads/oxygen/css/post-15132.css,200,text/css,667,browser:stylesheet dom:desktop dom:mobile
https://pandaexteriors.com/wp-content/cache/min/1/wp-content/uploads/oxygen/css/post-15357-defaults.css?ver=1781706950,site/wp-content/cache/min/1/wp-content/uploads/oxygen/css/post-15357-defaults.css,200,text/css,792,browser:stylesheet dom:desktop dom:mobile
https://pandaexteriors.com/wp-content/cache/min/1/wp-content/uploads/oxygen/css/post-15357.css?ver=1781706950,site/wp-content/cache/min/1/wp-content/uploads/oxygen/css/post-15357.css,200,text/css,2942,browser:stylesheet dom:desktop dom:mobile
https://pandaexteriors.com/wp-content/cache/min/1/wp-content/uploads/oxygen/css/post-16059-defaults.css?ver=1781702870,site/wp-content/cache/min/1/wp-content/uploads/oxygen/css/post-16059-defaults.css,200,text/css,5894,browser:stylesheet dom:desktop dom:mobile
https://pandaexteriors.com/wp-content/cache/min/1/wp-content/uploads/oxygen/css/post-16059.css?ver=1781702870,site/wp-content/cache/min/1/wp-content/uploads/oxygen/css/post-16059.css,200,text/css,12466,browser:stylesheet dom:desktop dom:mobile
https://pandaexteriors.com/wp-content/cache/min/1/wp-content/uploads/oxygen/css/post-16778-defaults.css?ver=1781710549,site/wp-content/cache/min/1/wp-content/uploads/oxygen/css/post-16778-defaults.css,200,text/css,514,browser:stylesheet dom:desktop dom:mobile
https://pandaexteriors.com/wp-content/cache/min/1/wp-content/uploads/oxygen/css/post-16778.css?ver=1781710549,site/wp-content/cache/min/1/wp-content/uploads/oxygen/css/post-16778.css,200,text/css,660,browser:stylesheet dom:desktop dom:mobile
https://pandaexteriors.com/wp-content/cache/min/1/wp-content/uploads/oxygen/css/post-16859-defaults.css?ver=1781716455,site/wp-content/cache/min/1/wp-content/uploads/oxygen/css/post-16859-defaults.css,200,text/css,1114,browser:stylesheet dom:desktop dom:mobile
https://pandaexteriors.com/wp-content/cache/min/1/wp-content/uploads/oxygen/css/post-172-defaults.css?ver=1781702180,site/wp-content/cache/min/1/wp-content/uploads/oxygen/css/post-172-defaults.css,200,text/css,39,browser:stylesheet dom:desktop dom:mobile
https://pandaexteriors.com/wp-content/cache/min/1/wp-content/uploads/oxygen/css/post-172.css?ver=1781702180,site/wp-content/cache/min/1/wp-content/uploads/oxygen/css/post-172.css,200,text/css,331,browser:stylesheet dom:desktop dom:mobile
https://pandaexteriors.com/wp-content/cache/min/1/wp-content/uploads/oxygen/css/post-1819-defaults.css?ver=1781705280,site/wp-content/cache/min/1/wp-content/uploads/oxygen/css/post-1819-defaults.css,200,text/css,80,browser:stylesheet dom:desktop dom:mobile
https://pandaexteriors.com/wp-content/cache/min/1/wp-content/uploads/oxygen/css/post-1819.css?ver=1781705280,site/wp-content/cache/min/1/wp-content/uploads/oxygen/css/post-1819.css,200,text/css,2033,browser:stylesheet dom:desktop dom:mobile
https://pandaexteriors.com/wp-content/cache/min/1/wp-content/uploads/oxygen/css/post-2-defaults.css?ver=1781702180,site/wp-content/cache/min/1/wp-content/uploads/oxygen/css/post-2-defaults.css,200,text/css,699,browser:stylesheet dom:desktop dom:mobile
https://pandaexteriors.com/wp-content/cache/min/1/wp-content/uploads/oxygen/css/post-2.css?ver=1781702180,site/wp-content/cache/min/1/wp-content/uploads/oxygen/css/post-2.css,200,text/css,7905,browser:stylesheet dom:desktop dom:mobile
https://pandaexteriors.com/wp-content/cache/min/1/wp-content/uploads/oxygen/css/post-343-defaults.css?ver=1781710508,site/wp-content/cache/min/1/wp-content/uploads/oxygen/css/post-343-defaults.css,200,text/css,41,browser:stylesheet dom:desktop dom:mobile
https://pandaexteriors.com/wp-content/cache/min/1/wp-content/uploads/oxygen/css/post-343.css?ver=1781710508,site/wp-content/cache/min/1/wp-content/uploads/oxygen/css/post-343.css,200,text/css,135,browser:stylesheet dom:desktop dom:mobile
https://pandaexteriors.com/wp-content/cache/min/1/wp-content/uploads/oxygen/css/post-364-defaults.css?ver=1781702180,site/wp-content/cache/min/1/wp-content/uploads/oxygen/css/post-364-defaults.css,200,text/css,39,browser:stylesheet dom:desktop dom:mobile
https://pandaexteriors.com/wp-content/cache/min/1/wp-content/uploads/oxygen/css/post-364.css?ver=1781702180,site/wp-content/cache/min/1/wp-content/uploads/oxygen/css/post-364.css,200,text/css,61,browser:stylesheet dom:desktop dom:mobile
https://pandaexteriors.com/wp-content/cache/min/1/wp-content/uploads/oxygen/css/post-415-defaults.css?ver=1781702821,site/wp-content/cache/min/1/wp-content/uploads/oxygen/css/post-415-defaults.css,200,text/css,39,browser:stylesheet dom:desktop dom:mobile
https://pandaexteriors.com/wp-content/cache/min/1/wp-content/uploads/oxygen/css/post-415.css?ver=1781702821,site/wp-content/cache/min/1/wp-content/uploads/oxygen/css/post-415.css,200,text/css,61,browser:stylesheet dom:desktop dom:mobile
https://pandaexteriors.com/wp-content/cache/min/1/wp-content/uploads/oxygen/css/post-429-defaults.css?ver=1781702180,site/wp-content/cache/min/1/wp-content/uploads/oxygen/css/post-429-defaults.css,200,text/css,41,browser:stylesheet dom:desktop dom:mobile
https://pandaexteriors.com/wp-content/cache/min/1/wp-content/uploads/oxygen/css/post-429.css?ver=1781702180,site/wp-content/cache/min/1/wp-content/uploads/oxygen/css/post-429.css,200,text/css,9946,browser:stylesheet dom:desktop dom:mobile
https://pandaexteriors.com/wp-content/cache/min/1/wp-content/uploads/oxygen/css/post-430-defaults.css?ver=1781702180,site/wp-content/cache/min/1/wp-content/uploads/oxygen/css/post-430-defaults.css,200,text/css,5894,browser:stylesheet dom:desktop dom:mobile
https://pandaexteriors.com/wp-content/cache/min/1/wp-content/uploads/oxygen/css/post-430.css?ver=1781702180,site/wp-content/cache/min/1/wp-content/uploads/oxygen/css/post-430.css,200,text/css,12042,browser:stylesheet dom:desktop dom:mobile
https://pandaexteriors.com/wp-content/cache/min/1/wp-content/uploads/oxygen/css/post-506-defaults.css?ver=1781707193,site/wp-content/cache/min/1/wp-content/uploads/oxygen/css/post-506-defaults.css,200,text/css,39,browser:stylesheet dom:desktop dom:mobile
https://pandaexteriors.com/wp-content/cache/min/1/wp-content/uploads/oxygen/css/post-506.css?ver=1781707193,site/wp-content/cache/min/1/wp-content/uploads/oxygen/css/post-506.css,200,text/css,331,browser:stylesheet dom:desktop dom:mobile
https://pandaexteriors.com/wp-content/cache/min/1/wp-content/uploads/oxygen/css/post-531-defaults.css?ver=1781710497,site/wp-content/cache/min/1/wp-content/uploads/oxygen/css/post-531-defaults.css,200,text/css,1114,browser:stylesheet dom:desktop dom:mobile
https://pandaexteriors.com/wp-content/cache/min/1/wp-content/uploads/oxygen/css/post-759-defaults.css?ver=1781707525,site/wp-content/cache/min/1/wp-content/uploads/oxygen/css/post-759-defaults.css,200,text/css,397,browser:stylesheet dom:desktop dom:mobile
https://pandaexteriors.com/wp-content/cache/min/1/wp-content/uploads/oxygen/css/post-759.css?ver=1781707525,site/wp-content/cache/min/1/wp-content/uploads/oxygen/css/post-759.css,200,text/css,497,browser:stylesheet dom:desktop dom:mobile
https://pandaexteriors.com/wp-content/cache/min/1/wp-content/uploads/oxygen/css/post-8497-defaults.css?ver=1781702328,site/wp-content/cache/min/1/wp-content/uploads/oxygen/css/post-8497-defaults.css,200,text/css,41,browser:stylesheet dom:desktop dom:mobile
https://pandaexteriors.com/wp-content/cache/min/1/wp-content/uploads/oxygen/css/post-8497.css?ver=1781702328,site/wp-content/cache/min/1/wp-content/uploads/oxygen/css/post-8497.css,200,text/css,10100,browser:stylesheet dom:desktop dom:mobile
https://pandaexteriors.com/wp-content/cache/min/1/wp-content/uploads/oxygen/css/post-945-defaults.css?ver=1781703183,site/wp-content/cache/min/1/wp-content/uploads/oxygen/css/post-945-defaults.css,200,text/css,2319,browser:stylesheet dom:desktop dom:mobile
https://pandaexteriors.com/wp-content/cache/min/1/wp-content/uploads/oxygen/css/post-945.css?ver=1781703183,site/wp-content/cache/min/1/wp-content/uploads/oxygen/css/post-945.css,200,text/css,11543,browser:stylesheet dom:desktop dom:mobile
https://pandaexteriors.com/wp-content/cache/min/1/wp-content/uploads/oxygen/css/post-974-defaults.css?ver=1781702180,site/wp-content/cache/min/1/wp-content/uploads/oxygen/css/post-974-defaults.css,200,text/css,39,browser:stylesheet dom:desktop dom:mobile
https://pandaexteriors.com/wp-content/cache/min/1/wp-content/uploads/oxygen/css/post-974.css?ver=1781702180,site/wp-content/cache/min/1/wp-content/uploads/oxygen/css/post-974.css,200,text/css,800,browser:stylesheet dom:desktop dom:mobile
https://pandaexteriors.com/wp-content/cache/min/1/wp-content/uploads/oxygen/css/variables.css?ver=1781702180,site/wp-content/cache/min/1/wp-content/uploads/oxygen/css/variables.css,200,text/css,107,browser:stylesheet dom:desktop dom:mobile
https://pandaexteriors.com/wp-content/cache/min/1/wp-includes/blocks/embed/style.css?ver=1781703349,site/wp-content/cache/min/1/wp-includes/blocks/embed/style.css,200,text/css,1596,browser:stylesheet dom:desktop dom:mobile
https://pandaexteriors.com/wp-content/plugins/breeze/assets/js/js-front-end/breeze-prefetch-links.min.js?ver=2.2.17,site/wp-content/plugins/breeze/assets/js/js-front-end/breeze-prefetch-links.min.js,200,application/javascript,1356,browser:script dom:desktop dom:mobile
https://pandaexteriors.com/wp-content/plugins/contact-form-7/includes/css/styles.css?ver=6.1.1,site/wp-content/plugins/contact-form-7/includes/css/styles.css,200,text/css,2947,browser:stylesheet dom:desktop dom:mobile
https://pandaexteriors.com/wp-content/plugins/contact-form-7/includes/js/index.js?ver=6.1.1,site/wp-content/plugins/contact-form-7/includes/js/index.js,200,application/javascript,13452,browser:script dom:desktop dom:mobile
https://pandaexteriors.com/wp-content/plugins/contact-form-7/includes/swv/js/index.js?ver=6.1.1,site/wp-content/plugins/contact-form-7/includes/swv/js/index.js,200,application/javascript,12512,browser:script dom:desktop dom:mobile
https://pandaexteriors.com/wp-content/plugins/google-site-kit/dist/assets/js/googlesitekit-consent-mode-755f1678e260138d789e.js,site/wp-content/plugins/google-site-kit/dist/assets/js/googlesitekit-consent-mode-755f1678e260138d789e.js,200,application/javascript,73097,browser:script dom:desktop dom:mobile
https://pandaexteriors.com/wp-content/plugins/google-site-kit/dist/assets/js/googlesitekit-events-provider-contact-form-7-fac2a8013ba5ba355cd0.js,site/wp-content/plugins/google-site-kit/dist/assets/js/googlesitekit-events-provider-contact-form-7-fac2a8013ba5ba355cd0.js,200,application/javascript,7362,browser:script dom:desktop dom:mobile
https://pandaexteriors.com/wp-content/plugins/google-site-kit/dist/assets/js/googlesitekit-events-provider-content-events-c7172f3fd0e4d5ad62ef.js,site/wp-content/plugins/google-site-kit/dist/assets/js/googlesitekit-events-provider-content-events-c7172f3fd0e4d5ad62ef.js,200,application/javascript,11616,browser:script dom:desktop dom:mobile
https://pandaexteriors.com/wp-content/plugins/oxygen/plugin/global-scripts/oxygen-utils.js?bd_ver=6.0.0-beta.2,site/wp-content/plugins/oxygen/plugin/global-scripts/oxygen-utils__q_77c7e80b87.js,200,application/javascript,7548,browser:script dom:desktop dom:mobile
https://pandaexteriors.com/wp-content/plugins/oxygen/plugin/themeless/normalize.min.css,site/wp-content/plugins/oxygen/plugin/themeless/normalize.min.css,200,text/css,2417,browser:stylesheet dom:desktop dom:mobile
https://pandaexteriors.com/wp-content/plugins/oxygen/subplugins/breakdance-elements/dependencies-files/isotope-layout@3.0.6/isotope.pkgd.min.js?bd_ver=6.0.0-beta.2,site/wp-content/plugins/oxygen/subplugins/breakdance-elements/dependencies-files/isotope-layout@3.0.6/isotope.pkgd.min__q_77c7e80b87.js,200,application/javascript,35445,browser:script dom:desktop dom:mobile
https://pandaexteriors.com/wp-content/plugins/oxygen/subplugins/breakdance-elements/dependencies-files/lightgallery@2/fonts/lg.svg?io9a6k,site/wp-content/plugins/oxygen/subplugins/breakdance-elements/dependencies-files/lightgallery@2/fonts/lg__q_1c25735b8e.svg,200,image/svg+xml,12834,css:https://pandaexteriors.com/wp-content/cache/background-css/1/pandaexteriors.com/wp-content/cache/min/1/wp-content/plugins/oxygen/subplugins/breakdance-elements/dependencies-files/lightgallery@2/css/lightgallery-bundle.min.css?ver=1781702180&wpr_t=1790661386 css:https://pandaexteriors.com/wp-content/cache/background-css/1/pandaexteriors.com/wp-content/cache/min/1/wp-content/plugins/oxygen/subplugins/breakdance-elements/dependencies-files/lightgallery@2/css/lightgallery-bundle.min.css?ver=1781702180&wpr_t=1790690907 css:https://pandaexteriors.com/wp-content/cache/background-css/1/pandaexteriors.com/wp-content/cache/min/1/wp-content/plugins/oxygen/subplugins/breakdance-elements/dependencies-files/lightgallery@2/css/lightgallery-bundle.min.css?ver=1781702180&wpr_t=1790661937
https://pandaexteriors.com/wp-content/plugins/oxygen/subplugins/breakdance-elements/dependencies-files/lightgallery@2/fonts/lg.ttf?io9a6k,site/wp-content/plugins/oxygen/subplugins/breakdance-elements/dependencies-files/lightgallery@2/fonts/lg__q_1c25735b8e.ttf,200,application/octet-stream,4756,css:https://pandaexteriors.com/wp-content/cache/background-css/1/pandaexteriors.com/wp-content/cache/min/1/wp-content/plugins/oxygen/subplugins/breakdance-elements/dependencies-files/lightgallery@2/css/lightgallery-bundle.min.css?ver=1781702180&wpr_t=1790661386 css:https://pandaexteriors.com/wp-content/cache/background-css/1/pandaexteriors.com/wp-content/cache/min/1/wp-content/plugins/oxygen/subplugins/breakdance-elements/dependencies-files/lightgallery@2/css/lightgallery-bundle.min.css?ver=1781702180&wpr_t=1790690907 css:https://pandaexteriors.com/wp-content/cache/background-css/1/pandaexteriors.com/wp-content/cache/min/1/wp-content/plugins/oxygen/subplugins/breakdance-elements/dependencies-files/lightgallery@2/css/lightgallery-bundle.min.css?ver=1781702180&wpr_t=1790661937
https://pandaexteriors.com/wp-content/plugins/oxygen/subplugins/breakdance-elements/dependencies-files/lightgallery@2/fonts/lg.woff?io9a6k,site/wp-content/plugins/oxygen/subplugins/breakdance-elements/dependencies-files/lightgallery@2/fonts/lg__q_1c25735b8e.woff,200,application/font-woff,4832,css:https://pandaexteriors.com/wp-content/cache/background-css/1/pandaexteriors.com/wp-content/cache/min/1/wp-content/plugins/oxygen/subplugins/breakdance-elements/dependencies-files/lightgallery@2/css/lightgallery-bundle.min.css?ver=1781702180&wpr_t=1790661386 css:https://pandaexteriors.com/wp-content/cache/background-css/1/pandaexteriors.com/wp-content/cache/min/1/wp-content/plugins/oxygen/subplugins/breakdance-elements/dependencies-files/lightgallery@2/css/lightgallery-bundle.min.css?ver=1781702180&wpr_t=1790690907 css:https://pandaexteriors.com/wp-content/cache/background-css/1/pandaexteriors.com/wp-content/cache/min/1/wp-content/plugins/oxygen/subplugins/breakdance-elements/dependencies-files/lightgallery@2/css/lightgallery-bundle.min.css?ver=1781702180&wpr_t=1790661937
https://pandaexteriors.com/wp-content/plugins/oxygen/subplugins/breakdance-elements/dependencies-files/lightgallery@2/fonts/lg.woff2?io9a6k,site/wp-content/plugins/oxygen/subplugins/breakdance-elements/dependencies-files/lightgallery@2/fonts/lg__q_1c25735b8e.woff2,200,application/font-woff2,2332,css:https://pandaexteriors.com/wp-content/cache/background-css/1/pandaexteriors.com/wp-content/cache/min/1/wp-content/plugins/oxygen/subplugins/breakdance-elements/dependencies-files/lightgallery@2/css/lightgallery-bundle.min.css?ver=1781702180&wpr_t=1790661386 css:https://pandaexteriors.com/wp-content/cache/background-css/1/pandaexteriors.com/wp-content/cache/min/1/wp-content/plugins/oxygen/subplugins/breakdance-elements/dependencies-files/lightgallery@2/css/lightgallery-bundle.min.css?ver=1781702180&wpr_t=1790690907 css:https://pandaexteriors.com/wp-content/cache/background-css/1/pandaexteriors.com/wp-content/cache/min/1/wp-content/plugins/oxygen/subplugins/breakdance-elements/dependencies-files/lightgallery@2/css/lightgallery-bundle.min.css?ver=1781702180&wpr_t=1790661937
https://pandaexteriors.com/wp-content/plugins/oxygen/subplugins/breakdance-elements/dependencies-files/lightgallery@2/images/loading.gif,site/wp-content/plugins/oxygen/subplugins/breakdance-elements/dependencies-files/lightgallery@2/images/loading.gif,200,image/gif,4178,html:inline-script
https://pandaexteriors.com/wp-content/plugins/oxygen/subplugins/breakdance-elements/dependencies-files/lightgallery@2/lightgallery-bundle.min.js?bd_ver=6.0.0-beta.2,site/wp-content/plugins/oxygen/subplugins/breakdance-elements/dependencies-files/lightgallery@2/lightgallery-bundle.min__q_77c7e80b87.js,200,application/javascript,87019,browser:script dom:desktop dom:mobile
https://pandaexteriors.com/wp-content/plugins/oxygen/subplugins/breakdance-elements/dependencies-files/lozard@1/lozad.min.js?bd_ver=6.0.0-beta.2,site/wp-content/plugins/oxygen/subplugins/breakdance-elements/dependencies-files/lozard@1/lozad.min__q_77c7e80b87.js,200,application/javascript,3095,browser:script dom:desktop dom:mobile
https://pandaexteriors.com/wp-content/plugins/oxygen/subplugins/breakdance-elements/dependencies-files/swiper@8/swiper-bundle.min.js?bd_ver=6.0.0-beta.2,site/wp-content/plugins/oxygen/subplugins/breakdance-elements/dependencies-files/swiper@8/swiper-bundle.min__q_77c7e80b87.js,200,application/javascript,138722,browser:script dom:desktop dom:mobile
https://pandaexteriors.com/wp-content/plugins/oxygen/subplugins/breakdance-elements/elements/Social_Share_Buttons/assets/social-share-buttons.js?bd_ver=6.0.0-beta.2,,500,text/html,655,browser:script dom:desktop dom:mobile
https://pandaexteriors.com/wp-content/plugins/wp-rocket/assets/js/lazyload/17.8.3/lazyload.min.js,site/wp-content/plugins/wp-rocket/assets/js/lazyload/17.8.3/lazyload.min.js,200,application/javascript,8892,browser:script dom:desktop dom:mobile
https://pandaexteriors.com/wp-content/plugins/wp-rocket/assets/js/wpr-beacon.min.js,site/wp-content/plugins/wp-rocket/assets/js/wpr-beacon.min.js,200,application/javascript,25652,browser:script dom:desktop dom:mobile
https://pandaexteriors.com/wp-content/plugins/wpcf7-redirect/build/assets/frontend-script.css?ver=2c532d7e2be36f6af233,site/wp-content/plugins/wpcf7-redirect/build/assets/frontend-script.css,200,text/css,125,browser:stylesheet dom:desktop dom:mobile
https://pandaexteriors.com/wp-content/plugins/wpcf7-redirect/build/assets/frontend-script.js?ver=2c532d7e2be36f6af233,site/wp-content/plugins/wpcf7-redirect/build/assets/frontend-script.js,200,application/javascript,4046,browser:script dom:desktop dom:mobile
https://pandaexteriors.com/wp-content/uploads/2025/03/0814d5a8-0065-43ba-9b1f-06520da4e690-3-300x184.png,site/wp-content/uploads/2025/03/0814d5a8-0065-43ba-9b1f-06520da4e690-3-300x184.png,200,image/png,105189,dom:desktop dom:mobile html:img[srcset]
https://pandaexteriors.com/wp-content/uploads/2025/03/0814d5a8-0065-43ba-9b1f-06520da4e690-3-300x184.png.webp,site/wp-content/uploads/2025/03/0814d5a8-0065-43ba-9b1f-06520da4e690-3-300x184.png.webp,200,image/webp,21052,dom:desktop dom:mobile html:source[srcset]
https://pandaexteriors.com/wp-content/uploads/2025/03/0814d5a8-0065-43ba-9b1f-06520da4e690-3.png,site/wp-content/uploads/2025/03/0814d5a8-0065-43ba-9b1f-06520da4e690-3.png,200,image/png,334927,dom:desktop dom:mobile html:img[src]
https://pandaexteriors.com/wp-content/uploads/2025/03/0814d5a8-0065-43ba-9b1f-06520da4e690-3.png.webp,site/wp-content/uploads/2025/03/0814d5a8-0065-43ba-9b1f-06520da4e690-3.png.webp,200,image/webp,63738,browser:image dom:desktop dom:mobile
https://pandaexteriors.com/wp-content/uploads/2025/03/0c12a4f6-bec1-438d-9593-4da938cb6ae8-1-300x161.jpg,site/wp-content/uploads/2025/03/0c12a4f6-bec1-438d-9593-4da938cb6ae8-1-300x161.jpg,200,image/jpeg,13357,dom:desktop dom:mobile html:img[data-lazy-srcset]
https://pandaexteriors.com/wp-content/uploads/2025/03/0c12a4f6-bec1-438d-9593-4da938cb6ae8-1-300x161.jpg.webp,site/wp-content/uploads/2025/03/0c12a4f6-bec1-438d-9593-4da938cb6ae8-1-300x161.jpg.webp,200,image/webp,10762,dom:desktop dom:mobile html:source[data-lazy-srcset]
https://pandaexteriors.com/wp-content/uploads/2025/03/0c12a4f6-bec1-438d-9593-4da938cb6ae8-1-768x412.jpg,site/wp-content/uploads/2025/03/0c12a4f6-bec1-438d-9593-4da938cb6ae8-1-768x412.jpg,200,image/jpeg,76403,dom:desktop dom:mobile html:img[data-lazy-srcset]
https://pandaexteriors.com/wp-content/uploads/2025/03/0c12a4f6-bec1-438d-9593-4da938cb6ae8-1-768x412.jpg.webp,site/wp-content/uploads/2025/03/0c12a4f6-bec1-438d-9593-4da938cb6ae8-1-768x412.jpg.webp,200,image/webp,58498,dom:desktop browser:image dom:mobile
https://pandaexteriors.com/wp-content/uploads/2025/03/0c12a4f6-bec1-438d-9593-4da938cb6ae8-1.jpg,site/wp-content/uploads/2025/03/0c12a4f6-bec1-438d-9593-4da938cb6ae8-1.jpg,200,image/jpeg,195354,dom:desktop dom:mobile html:img[data-lazy-srcset]
https://pandaexteriors.com/wp-content/uploads/2025/03/0c12a4f6-bec1-438d-9593-4da938cb6ae8-1.jpg.webp,site/wp-content/uploads/2025/03/0c12a4f6-bec1-438d-9593-4da938cb6ae8-1.jpg.webp,200,image/webp,120204,browser:image dom:desktop dom:mobile
https://pandaexteriors.com/wp-content/uploads/2025/03/1c8bea48-bf31-4743-88cb-14df294425ed.gif,site/wp-content/uploads/2025/03/1c8bea48-bf31-4743-88cb-14df294425ed.gif,200,image/gif,42010,dom:desktop dom:mobile html:meta[og:image]
https://pandaexteriors.com/wp-content/uploads/2025/03/1c8bea48-bf31-4743-88cb-14df294425ed.gif.webp,site/wp-content/uploads/2025/03/1c8bea48-bf31-4743-88cb-14df294425ed.gif.webp,200,image/webp,34066,browser:image dom:desktop dom:mobile
https://pandaexteriors.com/wp-content/uploads/2025/03/2-1-300x180.png,site/wp-content/uploads/2025/03/2-1-300x180.png,200,image/png,69945,dom:desktop dom:mobile html:img[data-lazy-srcset]
https://pandaexteriors.com/wp-content/uploads/2025/03/2-1-300x180.png.webp,site/wp-content/uploads/2025/03/2-1-300x180.png.webp,200,image/webp,13286,dom:desktop dom:mobile html:source[data-lazy-srcset]
https://pandaexteriors.com/wp-content/uploads/2025/03/2-1-768x461.png,site/wp-content/uploads/2025/03/2-1-768x461.png,200,image/png,375533,dom:desktop dom:mobile html:img[data-lazy-srcset]
https://pandaexteriors.com/wp-content/uploads/2025/03/2-1-768x461.png.webp,site/wp-content/uploads/2025/03/2-1-768x461.png.webp,200,image/webp,57876,dom:desktop browser:image dom:mobile
https://pandaexteriors.com/wp-content/uploads/2025/03/2-1.png,site/wp-content/uploads/2025/03/2-1.png,200,image/png,622800,dom:desktop dom:mobile html:img[data-lazy-srcset]
https://pandaexteriors.com/wp-content/uploads/2025/03/2-1.png.webp,site/wp-content/uploads/2025/03/2-1.png.webp,200,image/webp,96720,browser:image dom:desktop dom:mobile
https://pandaexteriors.com/wp-content/uploads/2025/03/2-300x180.png,site/wp-content/uploads/2025/03/2-300x180.png,200,image/png,86072,dom:desktop dom:mobile html:img[data-lazy-srcset]
https://pandaexteriors.com/wp-content/uploads/2025/03/2-300x180.png.webp,site/wp-content/uploads/2025/03/2-300x180.png.webp,200,image/webp,16834,dom:desktop dom:mobile html:source[data-lazy-srcset]
https://pandaexteriors.com/wp-content/uploads/2025/03/2-768x461.png,site/wp-content/uploads/2025/03/2-768x461.png,200,image/png,461474,dom:desktop dom:mobile html:img[data-lazy-srcset]
https://pandaexteriors.com/wp-content/uploads/2025/03/2-768x461.png.webp,site/wp-content/uploads/2025/03/2-768x461.png.webp,200,image/webp,75254,dom:desktop browser:image dom:mobile
https://pandaexteriors.com/wp-content/uploads/2025/03/2.png,site/wp-content/uploads/2025/03/2.png,200,image/png,743925,dom:desktop dom:mobile html:img[data-lazy-srcset]
https://pandaexteriors.com/wp-content/uploads/2025/03/2.png.webp,site/wp-content/uploads/2025/03/2.png.webp,200,image/webp,120842,browser:image dom:desktop dom:mobile
https://pandaexteriors.com/wp-content/uploads/2025/03/3ad61b8d-5214-4e4c-bf3a-f6d09c24a00b-2-1024x576.jpg,site/wp-content/uploads/2025/03/3ad61b8d-5214-4e4c-bf3a-f6d09c24a00b-2-1024x576.jpg,200,image/jpeg,109905,dom:desktop dom:mobile html:img[srcset]
https://pandaexteriors.com/wp-content/uploads/2025/03/3ad61b8d-5214-4e4c-bf3a-f6d09c24a00b-2-1024x576.jpg.webp,site/wp-content/uploads/2025/03/3ad61b8d-5214-4e4c-bf3a-f6d09c24a00b-2-1024x576.jpg.webp,200,image/webp,96428,dom:desktop dom:mobile html:link[imagesrcset]
https://pandaexteriors.com/wp-content/uploads/2025/03/3ad61b8d-5214-4e4c-bf3a-f6d09c24a00b-2-300x169.jpg,site/wp-content/uploads/2025/03/3ad61b8d-5214-4e4c-bf3a-f6d09c24a00b-2-300x169.jpg,200,image/jpeg,12270,dom:desktop dom:mobile html:img[srcset]
https://pandaexteriors.com/wp-content/uploads/2025/03/3ad61b8d-5214-4e4c-bf3a-f6d09c24a00b-2-300x169.jpg.webp,site/wp-content/uploads/2025/03/3ad61b8d-5214-4e4c-bf3a-f6d09c24a00b-2-300x169.jpg.webp,200,image/webp,11016,dom:desktop dom:mobile html:link[imagesrcset]
https://pandaexteriors.com/wp-content/uploads/2025/03/3ad61b8d-5214-4e4c-bf3a-f6d09c24a00b-2-768x432.jpg,site/wp-content/uploads/2025/03/3ad61b8d-5214-4e4c-bf3a-f6d09c24a00b-2-768x432.jpg,200,image/jpeg,65988,dom:desktop dom:mobile html:img[srcset]
https://pandaexteriors.com/wp-content/uploads/2025/03/3ad61b8d-5214-4e4c-bf3a-f6d09c24a00b-2-768x432.jpg.webp,site/wp-content/uploads/2025/03/3ad61b8d-5214-4e4c-bf3a-f6d09c24a00b-2-768x432.jpg.webp,200,image/webp,58482,dom:desktop browser:image dom:mobile
https://pandaexteriors.com/wp-content/uploads/2025/03/3ad61b8d-5214-4e4c-bf3a-f6d09c24a00b-2.jpg,site/wp-content/uploads/2025/03/3ad61b8d-5214-4e4c-bf3a-f6d09c24a00b-2.jpg,200,image/jpeg,210640,dom:desktop dom:mobile html:meta[og:image]
https://pandaexteriors.com/wp-content/uploads/2025/03/3ad61b8d-5214-4e4c-bf3a-f6d09c24a00b-2.jpg.webp,site/wp-content/uploads/2025/03/3ad61b8d-5214-4e4c-bf3a-f6d09c24a00b-2.jpg.webp,200,image/webp,137196,browser:image dom:desktop dom:mobile
https://pandaexteriors.com/wp-content/uploads/2025/03/49861a8f-e60e-4ab1-829b-347b34aeaf34-1-300x200.jpg,site/wp-content/uploads/2025/03/49861a8f-e60e-4ab1-829b-347b34aeaf34-1-300x200.jpg,200,image/jpeg,14838,dom:desktop dom:mobile html:img[data-lazy-srcset]
https://pandaexteriors.com/wp-content/uploads/2025/03/49861a8f-e60e-4ab1-829b-347b34aeaf34-1-300x200.jpg.webp,site/wp-content/uploads/2025/03/49861a8f-e60e-4ab1-829b-347b34aeaf34-1-300x200.jpg.webp,200,image/webp,13402,dom:desktop dom:mobile html:source[data-lazy-srcset]
https://pandaexteriors.com/wp-content/uploads/2025/03/49861a8f-e60e-4ab1-829b-347b34aeaf34-1-768x512.jpg,site/wp-content/uploads/2025/03/49861a8f-e60e-4ab1-829b-347b34aeaf34-1-768x512.jpg,200,image/jpeg,79957,dom:desktop dom:mobile html:img[data-lazy-srcset]
https://pandaexteriors.com/wp-content/uploads/2025/03/49861a8f-e60e-4ab1-829b-347b34aeaf34-1-768x512.jpg.webp,site/wp-content/uploads/2025/03/49861a8f-e60e-4ab1-829b-347b34aeaf34-1-768x512.jpg.webp,200,image/webp,61526,dom:desktop browser:image dom:mobile
https://pandaexteriors.com/wp-content/uploads/2025/03/49861a8f-e60e-4ab1-829b-347b34aeaf34-1.jpg,site/wp-content/uploads/2025/03/49861a8f-e60e-4ab1-829b-347b34aeaf34-1.jpg,200,image/jpeg,198408,dom:desktop dom:mobile html:img[data-lazy-srcset]
https://pandaexteriors.com/wp-content/uploads/2025/03/49861a8f-e60e-4ab1-829b-347b34aeaf34-1.jpg.webp,site/wp-content/uploads/2025/03/49861a8f-e60e-4ab1-829b-347b34aeaf34-1.jpg.webp,200,image/webp,119306,browser:image dom:desktop dom:mobile
https://pandaexteriors.com/wp-content/uploads/2025/03/4b74a4ab-3acf-4914-ac8a-a52d5f987519-300x200.jpg,site/wp-content/uploads/2025/03/4b74a4ab-3acf-4914-ac8a-a52d5f987519-300x200.jpg,200,image/jpeg,18481,dom:desktop dom:mobile html:img[data-lazy-srcset]
https://pandaexteriors.com/wp-content/uploads/2025/03/4b74a4ab-3acf-4914-ac8a-a52d5f987519-768x512.jpg,site/wp-content/uploads/2025/03/4b74a4ab-3acf-4914-ac8a-a52d5f987519-768x512.jpg,200,image/jpeg,97407,dom:desktop dom:mobile html:img[data-lazy-srcset]
https://pandaexteriors.com/wp-content/uploads/2025/03/4b74a4ab-3acf-4914-ac8a-a52d5f987519-768x512.jpg.webp,site/wp-content/uploads/2025/03/4b74a4ab-3acf-4914-ac8a-a52d5f987519-768x512.jpg.webp,200,image/webp,94660,dom:desktop browser:image dom:mobile
https://pandaexteriors.com/wp-content/uploads/2025/03/4b74a4ab-3acf-4914-ac8a-a52d5f987519.jpg,site/wp-content/uploads/2025/03/4b74a4ab-3acf-4914-ac8a-a52d5f987519.jpg,200,image/jpeg,227266,dom:desktop dom:mobile html:img[data-lazy-srcset]
https://pandaexteriors.com/wp-content/uploads/2025/03/4b74a4ab-3acf-4914-ac8a-a52d5f987519.jpg.webp,site/wp-content/uploads/2025/03/4b74a4ab-3acf-4914-ac8a-a52d5f987519.jpg.webp,200,image/webp,164604,browser:image dom:desktop dom:mobile
https://pandaexteriors.com/wp-content/uploads/2025/03/51d2ed67-a432-4105-a85b-e500c856ba9d-2-min.png,site/wp-content/uploads/2025/03/51d2ed67-a432-4105-a85b-e500c856ba9d-2-min.png,200,image/png,678220,html:inline-script browser:image dom:desktop
https://pandaexteriors.com/wp-content/uploads/2025/03/52f7465e-06b2-4c89-ae8d-afb4e872f80f-300x247.png,site/wp-content/uploads/2025/03/52f7465e-06b2-4c89-ae8d-afb4e872f80f-300x247.png,200,image/png,136811,dom:desktop dom:mobile html:img[data-lazy-srcset]
https://pandaexteriors.com/wp-content/uploads/2025/03/52f7465e-06b2-4c89-ae8d-afb4e872f80f-300x247.png.webp,site/wp-content/uploads/2025/03/52f7465e-06b2-4c89-ae8d-afb4e872f80f-300x247.png.webp,200,image/webp,16106,dom:desktop dom:mobile html:source[data-lazy-srcset]
https://pandaexteriors.com/wp-content/uploads/2025/03/52f7465e-06b2-4c89-ae8d-afb4e872f80f.png,site/wp-content/uploads/2025/03/52f7465e-06b2-4c89-ae8d-afb4e872f80f.png,200,image/png,452854,dom:desktop dom:mobile html:img[data-lazy-srcset]
https://pandaexteriors.com/wp-content/uploads/2025/03/52f7465e-06b2-4c89-ae8d-afb4e872f80f.png.webp,site/wp-content/uploads/2025/03/52f7465e-06b2-4c89-ae8d-afb4e872f80f.png.webp,200,image/webp,81440,browser:image dom:desktop dom:mobile
https://pandaexteriors.com/wp-content/uploads/2025/03/694afedf-c6fe-4b90-8570-79e890d68127-300x289.png,site/wp-content/uploads/2025/03/694afedf-c6fe-4b90-8570-79e890d68127-300x289.png,200,image/png,130168,dom:desktop dom:mobile html:img[srcset]
https://pandaexteriors.com/wp-content/uploads/2025/03/694afedf-c6fe-4b90-8570-79e890d68127-300x289.png.webp,site/wp-content/uploads/2025/03/694afedf-c6fe-4b90-8570-79e890d68127-300x289.png.webp,200,image/webp,16722,dom:desktop dom:mobile html:source[srcset]
https://pandaexteriors.com/wp-content/uploads/2025/03/694afedf-c6fe-4b90-8570-79e890d68127.png,site/wp-content/uploads/2025/03/694afedf-c6fe-4b90-8570-79e890d68127.png,200,image/png,408027,dom:desktop dom:mobile html:img[src]
https://pandaexteriors.com/wp-content/uploads/2025/03/694afedf-c6fe-4b90-8570-79e890d68127.png.webp,site/wp-content/uploads/2025/03/694afedf-c6fe-4b90-8570-79e890d68127.png.webp,200,image/webp,79514,browser:image dom:desktop dom:mobile
https://pandaexteriors.com/wp-content/uploads/2025/03/6a9dd6f9-145d-47eb-bfae-e11cc76975ce-2-1024x1024.png,site/wp-content/uploads/2025/03/6a9dd6f9-145d-47eb-bfae-e11cc76975ce-2-1024x1024.png,200,image/png,1667116,dom:desktop dom:mobile html:img[data-lazy-srcset]
https://pandaexteriors.com/wp-content/uploads/2025/03/6a9dd6f9-145d-47eb-bfae-e11cc76975ce-2-1024x1024.png.webp,site/wp-content/uploads/2025/03/6a9dd6f9-145d-47eb-bfae-e11cc76975ce-2-1024x1024.png.webp,200,image/webp,155164,dom:desktop dom:mobile html:source[data-lazy-srcset]
https://pandaexteriors.com/wp-content/uploads/2025/03/6a9dd6f9-145d-47eb-bfae-e11cc76975ce-2-150x150.png,site/wp-content/uploads/2025/03/6a9dd6f9-145d-47eb-bfae-e11cc76975ce-2-150x150.png,200,image/png,47156,dom:desktop dom:mobile html:img[data-lazy-srcset]
https://pandaexteriors.com/wp-content/uploads/2025/03/6a9dd6f9-145d-47eb-bfae-e11cc76975ce-2-150x150.png.webp,site/wp-content/uploads/2025/03/6a9dd6f9-145d-47eb-bfae-e11cc76975ce-2-150x150.png.webp,200,image/webp,7754,dom:desktop dom:mobile html:source[data-lazy-srcset]
https://pandaexteriors.com/wp-content/uploads/2025/03/6a9dd6f9-145d-47eb-bfae-e11cc76975ce-2-300x300.png,site/wp-content/uploads/2025/03/6a9dd6f9-145d-47eb-bfae-e11cc76975ce-2-300x300.png,200,image/png,167658,dom:desktop dom:mobile html:img[data-lazy-srcset]
https://pandaexteriors.com/wp-content/uploads/2025/03/6a9dd6f9-145d-47eb-bfae-e11cc76975ce-2-300x300.png.webp,site/wp-content/uploads/2025/03/6a9dd6f9-145d-47eb-bfae-e11cc76975ce-2-300x300.png.webp,200,image/webp,23950,dom:desktop dom:mobile html:source[data-lazy-srcset]
https://pandaexteriors.com/wp-content/uploads/2025/03/6a9dd6f9-145d-47eb-bfae-e11cc76975ce-2-768x768.png,site/wp-content/uploads/2025/03/6a9dd6f9-145d-47eb-bfae-e11cc76975ce-2-768x768.png,200,image/png,970303,dom:desktop dom:mobile html:img[data-lazy-srcset]
https://pandaexteriors.com/wp-content/uploads/2025/03/6a9dd6f9-145d-47eb-bfae-e11cc76975ce-2-768x768.png.webp,site/wp-content/uploads/2025/03/6a9dd6f9-145d-47eb-bfae-e11cc76975ce-2-768x768.png.webp,200,image/webp,98692,dom:desktop browser:image dom:mobile
https://pandaexteriors.com/wp-content/uploads/2025/03/6a9dd6f9-145d-47eb-bfae-e11cc76975ce-2.png,site/wp-content/uploads/2025/03/6a9dd6f9-145d-47eb-bfae-e11cc76975ce-2.png,200,image/png,454817,dom:desktop dom:mobile html:img[data-lazy-srcset]
https://pandaexteriors.com/wp-content/uploads/2025/03/6a9dd6f9-145d-47eb-bfae-e11cc76975ce-2.png.webp,site/wp-content/uploads/2025/03/6a9dd6f9-145d-47eb-bfae-e11cc76975ce-2.png.webp,200,image/webp,205212,browser:image dom:desktop dom:mobile
https://pandaexteriors.com/wp-content/uploads/2025/03/7787921b-8bdb-477d-9025-aeba3f739e63-1024x768.jpg,site/wp-content/uploads/2025/03/7787921b-8bdb-477d-9025-aeba3f739e63-1024x768.jpg,200,image/jpeg,154985,dom:desktop dom:mobile html:img[data-lazy-srcset]
https://pandaexteriors.com/wp-content/uploads/2025/03/7787921b-8bdb-477d-9025-aeba3f739e63-1024x768.jpg.webp,site/wp-content/uploads/2025/03/7787921b-8bdb-477d-9025-aeba3f739e63-1024x768.jpg.webp,200,image/webp,113428,dom:desktop dom:mobile html:source[data-lazy-srcset]
https://pandaexteriors.com/wp-content/uploads/2025/03/7787921b-8bdb-477d-9025-aeba3f739e63-300x225.jpg,site/wp-content/uploads/2025/03/7787921b-8bdb-477d-9025-aeba3f739e63-300x225.jpg,200,image/jpeg,19262,dom:desktop dom:mobile html:img[data-lazy-srcset]
https://pandaexteriors.com/wp-content/uploads/2025/03/7787921b-8bdb-477d-9025-aeba3f739e63-300x225.jpg.webp,site/wp-content/uploads/2025/03/7787921b-8bdb-477d-9025-aeba3f739e63-300x225.jpg.webp,200,image/webp,16520,dom:desktop dom:mobile html:source[data-lazy-srcset]
https://pandaexteriors.com/wp-content/uploads/2025/03/7787921b-8bdb-477d-9025-aeba3f739e63-768x576.jpg,site/wp-content/uploads/2025/03/7787921b-8bdb-477d-9025-aeba3f739e63-768x576.jpg,200,image/jpeg,96620,dom:desktop dom:mobile html:img[data-lazy-srcset]
https://pandaexteriors.com/wp-content/uploads/2025/03/7787921b-8bdb-477d-9025-aeba3f739e63-768x576.jpg.webp,site/wp-content/uploads/2025/03/7787921b-8bdb-477d-9025-aeba3f739e63-768x576.jpg.webp,200,image/webp,72376,dom:desktop browser:image dom:mobile
https://pandaexteriors.com/wp-content/uploads/2025/03/7787921b-8bdb-477d-9025-aeba3f739e63.jpg,site/wp-content/uploads/2025/03/7787921b-8bdb-477d-9025-aeba3f739e63.jpg,200,image/jpeg,295742,dom:desktop dom:mobile html:img[data-lazy-srcset]
https://pandaexteriors.com/wp-content/uploads/2025/03/7787921b-8bdb-477d-9025-aeba3f739e63.jpg.webp,site/wp-content/uploads/2025/03/7787921b-8bdb-477d-9025-aeba3f739e63.jpg.webp,200,image/webp,164350,browser:image dom:desktop dom:mobile
https://pandaexteriors.com/wp-content/uploads/2025/03/78fde7f5-b8e5-4280-b521-7c03899de4e2-1-1024x576.jpg,site/wp-content/uploads/2025/03/78fde7f5-b8e5-4280-b521-7c03899de4e2-1-1024x576.jpg,200,image/jpeg,139270,dom:desktop dom:mobile html:img[srcset]
https://pandaexteriors.com/wp-content/uploads/2025/03/78fde7f5-b8e5-4280-b521-7c03899de4e2-1-1024x576.jpg.webp,site/wp-content/uploads/2025/03/78fde7f5-b8e5-4280-b521-7c03899de4e2-1-1024x576.jpg.webp,200,image/webp,111470,dom:desktop dom:mobile html:link[imagesrcset]
https://pandaexteriors.com/wp-content/uploads/2025/03/78fde7f5-b8e5-4280-b521-7c03899de4e2-1-300x169.jpg,site/wp-content/uploads/2025/03/78fde7f5-b8e5-4280-b521-7c03899de4e2-1-300x169.jpg,200,image/jpeg,14034,dom:desktop dom:mobile html:img[srcset]
https://pandaexteriors.com/wp-content/uploads/2025/03/78fde7f5-b8e5-4280-b521-7c03899de4e2-1-300x169.jpg.webp,site/wp-content/uploads/2025/03/78fde7f5-b8e5-4280-b521-7c03899de4e2-1-300x169.jpg.webp,200,image/webp,11514,dom:desktop dom:mobile html:link[imagesrcset]
https://pandaexteriors.com/wp-content/uploads/2025/03/78fde7f5-b8e5-4280-b521-7c03899de4e2-1-768x432.jpg,site/wp-content/uploads/2025/03/78fde7f5-b8e5-4280-b521-7c03899de4e2-1-768x432.jpg,200,image/jpeg,82708,dom:desktop dom:mobile html:img[srcset]
https://pandaexteriors.com/wp-content/uploads/2025/03/78fde7f5-b8e5-4280-b521-7c03899de4e2-1-768x432.jpg.webp,site/wp-content/uploads/2025/03/78fde7f5-b8e5-4280-b521-7c03899de4e2-1-768x432.jpg.webp,200,image/webp,67200,dom:desktop browser:image dom:mobile
https://pandaexteriors.com/wp-content/uploads/2025/03/78fde7f5-b8e5-4280-b521-7c03899de4e2-1.jpg,site/wp-content/uploads/2025/03/78fde7f5-b8e5-4280-b521-7c03899de4e2-1.jpg,200,image/jpeg,271098,dom:desktop dom:mobile html:meta[og:image]
https://pandaexteriors.com/wp-content/uploads/2025/03/78fde7f5-b8e5-4280-b521-7c03899de4e2-1.jpg.webp,site/wp-content/uploads/2025/03/78fde7f5-b8e5-4280-b521-7c03899de4e2-1.jpg.webp,200,image/webp,166122,browser:image dom:desktop dom:mobile
https://pandaexteriors.com/wp-content/uploads/2025/03/7fcac8f6-1f0f-4a91-8af6-462ddc6fc07e-1024x1024.jpg,site/wp-content/uploads/2025/03/7fcac8f6-1f0f-4a91-8af6-462ddc6fc07e-1024x1024.jpg,200,image/jpeg,123424,dom:desktop dom:mobile html:img[srcset]
https://pandaexteriors.com/wp-content/uploads/2025/03/7fcac8f6-1f0f-4a91-8af6-462ddc6fc07e-1024x1024.jpg.webp,site/wp-content/uploads/2025/03/7fcac8f6-1f0f-4a91-8af6-462ddc6fc07e-1024x1024.jpg.webp,200,image/webp,79776,dom:desktop dom:mobile html:link[imagesrcset]
https://pandaexteriors.com/wp-content/uploads/2025/03/7fcac8f6-1f0f-4a91-8af6-462ddc6fc07e-150x150.jpg,site/wp-content/uploads/2025/03/7fcac8f6-1f0f-4a91-8af6-462ddc6fc07e-150x150.jpg,200,image/jpeg,7063,dom:desktop dom:mobile html:img[srcset]
https://pandaexteriors.com/wp-content/uploads/2025/03/7fcac8f6-1f0f-4a91-8af6-462ddc6fc07e-150x150.jpg.webp,site/wp-content/uploads/2025/03/7fcac8f6-1f0f-4a91-8af6-462ddc6fc07e-150x150.jpg.webp,200,image/webp,5848,dom:desktop dom:mobile html:link[imagesrcset]
https://pandaexteriors.com/wp-content/uploads/2025/03/7fcac8f6-1f0f-4a91-8af6-462ddc6fc07e-300x300.jpg,site/wp-content/uploads/2025/03/7fcac8f6-1f0f-4a91-8af6-462ddc6fc07e-300x300.jpg,200,image/jpeg,20879,dom:desktop dom:mobile html:img[srcset]
https://pandaexteriors.com/wp-content/uploads/2025/03/7fcac8f6-1f0f-4a91-8af6-462ddc6fc07e-300x300.jpg.webp,site/wp-content/uploads/2025/03/7fcac8f6-1f0f-4a91-8af6-462ddc6fc07e-300x300.jpg.webp,200,image/webp,16896,dom:desktop dom:mobile html:link[imagesrcset]
https://pandaexteriors.com/wp-content/uploads/2025/03/7fcac8f6-1f0f-4a91-8af6-462ddc6fc07e-768x768.jpg,site/wp-content/uploads/2025/03/7fcac8f6-1f0f-4a91-8af6-462ddc6fc07e-768x768.jpg,200,image/jpeg,82408,dom:desktop dom:mobile html:img[srcset]
https://pandaexteriors.com/wp-content/uploads/2025/03/7fcac8f6-1f0f-4a91-8af6-462ddc6fc07e-768x768.jpg.webp,site/wp-content/uploads/2025/03/7fcac8f6-1f0f-4a91-8af6-462ddc6fc07e-768x768.jpg.webp,200,image/webp,55258,dom:desktop browser:image dom:mobile
https://pandaexteriors.com/wp-content/uploads/2025/03/7fcac8f6-1f0f-4a91-8af6-462ddc6fc07e.jpg,site/wp-content/uploads/2025/03/7fcac8f6-1f0f-4a91-8af6-462ddc6fc07e.jpg,200,image/jpeg,148032,dom:desktop dom:mobile html:meta[og:image]
https://pandaexteriors.com/wp-content/uploads/2025/03/7fcac8f6-1f0f-4a91-8af6-462ddc6fc07e.jpg.webp,site/wp-content/uploads/2025/03/7fcac8f6-1f0f-4a91-8af6-462ddc6fc07e.jpg.webp,200,image/webp,94156,browser:image dom:desktop dom:mobile
https://pandaexteriors.com/wp-content/uploads/2025/03/81d39329-b673-4452-a2f0-a347560bb9ee-300x289.png,site/wp-content/uploads/2025/03/81d39329-b673-4452-a2f0-a347560bb9ee-300x289.png,200,image/png,169124,dom:desktop dom:mobile html:img[data-lazy-srcset]
https://pandaexteriors.com/wp-content/uploads/2025/03/81d39329-b673-4452-a2f0-a347560bb9ee-300x289.png.webp,site/wp-content/uploads/2025/03/81d39329-b673-4452-a2f0-a347560bb9ee-300x289.png.webp,200,image/webp,21886,dom:desktop dom:mobile html:source[data-lazy-srcset]
https://pandaexteriors.com/wp-content/uploads/2025/03/81d39329-b673-4452-a2f0-a347560bb9ee.png,site/wp-content/uploads/2025/03/81d39329-b673-4452-a2f0-a347560bb9ee.png,200,image/png,530770,dom:desktop dom:mobile html:img[data-lazy-srcset]
https://pandaexteriors.com/wp-content/uploads/2025/03/81d39329-b673-4452-a2f0-a347560bb9ee.png.webp,site/wp-content/uploads/2025/03/81d39329-b673-4452-a2f0-a347560bb9ee.png.webp,200,image/webp,98146,browser:image dom:desktop dom:mobile
https://pandaexteriors.com/wp-content/uploads/2025/03/83c060cf-9c5e-4041-9db7-50bcae5133e4-2-1024x576.jpg,site/wp-content/uploads/2025/03/83c060cf-9c5e-4041-9db7-50bcae5133e4-2-1024x576.jpg,200,image/jpeg,124035,dom:desktop dom:mobile html:img[srcset]
https://pandaexteriors.com/wp-content/uploads/2025/03/83c060cf-9c5e-4041-9db7-50bcae5133e4-2-1024x576.jpg.webp,site/wp-content/uploads/2025/03/83c060cf-9c5e-4041-9db7-50bcae5133e4-2-1024x576.jpg.webp,200,image/webp,90922,dom:desktop dom:mobile html:link[imagesrcset]
https://pandaexteriors.com/wp-content/uploads/2025/03/83c060cf-9c5e-4041-9db7-50bcae5133e4-2-300x169.jpg,site/wp-content/uploads/2025/03/83c060cf-9c5e-4041-9db7-50bcae5133e4-2-300x169.jpg,200,image/jpeg,13783,dom:desktop dom:mobile html:img[srcset]
https://pandaexteriors.com/wp-content/uploads/2025/03/83c060cf-9c5e-4041-9db7-50bcae5133e4-2-300x169.jpg.webp,site/wp-content/uploads/2025/03/83c060cf-9c5e-4041-9db7-50bcae5133e4-2-300x169.jpg.webp,200,image/webp,11744,dom:desktop dom:mobile html:link[imagesrcset]
https://pandaexteriors.com/wp-content/uploads/2025/03/83c060cf-9c5e-4041-9db7-50bcae5133e4-2-768x432.jpg,site/wp-content/uploads/2025/03/83c060cf-9c5e-4041-9db7-50bcae5133e4-2-768x432.jpg,200,image/jpeg,74442,dom:desktop dom:mobile html:img[srcset]
https://pandaexteriors.com/wp-content/uploads/2025/03/83c060cf-9c5e-4041-9db7-50bcae5133e4-2-768x432.jpg.webp,site/wp-content/uploads/2025/03/83c060cf-9c5e-4041-9db7-50bcae5133e4-2-768x432.jpg.webp,200,image/webp,58308,dom:desktop browser:image dom:mobile
https://pandaexteriors.com/wp-content/uploads/2025/03/83c060cf-9c5e-4041-9db7-50bcae5133e4-2.jpg,site/wp-content/uploads/2025/03/83c060cf-9c5e-4041-9db7-50bcae5133e4-2.jpg,200,image/jpeg,241459,dom:desktop dom:mobile html:meta[og:image]
https://pandaexteriors.com/wp-content/uploads/2025/03/83c060cf-9c5e-4041-9db7-50bcae5133e4-2.jpg.webp,site/wp-content/uploads/2025/03/83c060cf-9c5e-4041-9db7-50bcae5133e4-2.jpg.webp,200,image/webp,138130,browser:image dom:desktop dom:mobile
https://pandaexteriors.com/wp-content/uploads/2025/03/8a443005-9df9-4777-839c-45cf7d4b9f2e-1-300x200.jpg,site/wp-content/uploads/2025/03/8a443005-9df9-4777-839c-45cf7d4b9f2e-1-300x200.jpg,200,image/jpeg,15627,dom:desktop dom:mobile html:img[data-lazy-srcset]
https://pandaexteriors.com/wp-content/uploads/2025/03/8a443005-9df9-4777-839c-45cf7d4b9f2e-1-300x200.jpg.webp,site/wp-content/uploads/2025/03/8a443005-9df9-4777-839c-45cf7d4b9f2e-1-300x200.jpg.webp,200,image/webp,15272,dom:desktop dom:mobile html:source[data-lazy-srcset]
https://pandaexteriors.com/wp-content/uploads/2025/03/8a443005-9df9-4777-839c-45cf7d4b9f2e-1-300x248.png,site/wp-content/uploads/2025/03/8a443005-9df9-4777-839c-45cf7d4b9f2e-1-300x248.png,200,image/png,153624,dom:desktop dom:mobile html:img[srcset]
https://pandaexteriors.com/wp-content/uploads/2025/03/8a443005-9df9-4777-839c-45cf7d4b9f2e-1-300x248.png.webp,site/wp-content/uploads/2025/03/8a443005-9df9-4777-839c-45cf7d4b9f2e-1-300x248.png.webp,200,image/webp,32682,dom:desktop dom:mobile html:source[srcset]
https://pandaexteriors.com/wp-content/uploads/2025/03/8a443005-9df9-4777-839c-45cf7d4b9f2e-1-768x512.jpg,site/wp-content/uploads/2025/03/8a443005-9df9-4777-839c-45cf7d4b9f2e-1-768x512.jpg,200,image/jpeg,90672,dom:desktop dom:mobile html:img[data-lazy-srcset]
https://pandaexteriors.com/wp-content/uploads/2025/03/8a443005-9df9-4777-839c-45cf7d4b9f2e-1-768x512.jpg.webp,site/wp-content/uploads/2025/03/8a443005-9df9-4777-839c-45cf7d4b9f2e-1-768x512.jpg.webp,200,image/webp,79874,dom:desktop browser:image dom:mobile
https://pandaexteriors.com/wp-content/uploads/2025/03/8a443005-9df9-4777-839c-45cf7d4b9f2e-1.jpg,site/wp-content/uploads/2025/03/8a443005-9df9-4777-839c-45cf7d4b9f2e-1.jpg,200,image/jpeg,231713,dom:desktop dom:mobile html:meta[og:image]
https://pandaexteriors.com/wp-content/uploads/2025/03/8a443005-9df9-4777-839c-45cf7d4b9f2e-1.jpg.webp,site/wp-content/uploads/2025/03/8a443005-9df9-4777-839c-45cf7d4b9f2e-1.jpg.webp,200,image/webp,153018,browser:image dom:desktop dom:mobile
https://pandaexteriors.com/wp-content/uploads/2025/03/8a443005-9df9-4777-839c-45cf7d4b9f2e-1.png,site/wp-content/uploads/2025/03/8a443005-9df9-4777-839c-45cf7d4b9f2e-1.png,200,image/png,502150,dom:desktop dom:mobile html:img[src]
https://pandaexteriors.com/wp-content/uploads/2025/03/8a443005-9df9-4777-839c-45cf7d4b9f2e-1.png.webp,site/wp-content/uploads/2025/03/8a443005-9df9-4777-839c-45cf7d4b9f2e-1.png.webp,200,image/webp,104662,browser:image dom:desktop dom:mobile
https://pandaexteriors.com/wp-content/uploads/2025/03/8def799e-46a1-42ef-bb20-5853e376d2e0-1-1024x741.jpg,site/wp-content/uploads/2025/03/8def799e-46a1-42ef-bb20-5853e376d2e0-1-1024x741.jpg,200,image/jpeg,95482,dom:desktop dom:mobile html:img[data-lazy-srcset]
https://pandaexteriors.com/wp-content/uploads/2025/03/8def799e-46a1-42ef-bb20-5853e376d2e0-1-1024x741.jpg.webp,site/wp-content/uploads/2025/03/8def799e-46a1-42ef-bb20-5853e376d2e0-1-1024x741.jpg.webp,200,image/webp,61826,dom:desktop dom:mobile html:source[data-lazy-srcset]
https://pandaexteriors.com/wp-content/uploads/2025/03/8def799e-46a1-42ef-bb20-5853e376d2e0-1-300x217.jpg,site/wp-content/uploads/2025/03/8def799e-46a1-42ef-bb20-5853e376d2e0-1-300x217.jpg,200,image/jpeg,15331,dom:desktop dom:mobile html:img[data-lazy-srcset]
https://pandaexteriors.com/wp-content/uploads/2025/03/8def799e-46a1-42ef-bb20-5853e376d2e0-1-300x217.jpg.webp,site/wp-content/uploads/2025/03/8def799e-46a1-42ef-bb20-5853e376d2e0-1-300x217.jpg.webp,200,image/webp,12398,dom:desktop dom:mobile html:source[data-lazy-srcset]
https://pandaexteriors.com/wp-content/uploads/2025/03/8def799e-46a1-42ef-bb20-5853e376d2e0-1-768x556.jpg,site/wp-content/uploads/2025/03/8def799e-46a1-42ef-bb20-5853e376d2e0-1-768x556.jpg,200,image/jpeg,63874,dom:desktop dom:mobile html:img[data-lazy-srcset]
https://pandaexteriors.com/wp-content/uploads/2025/03/8def799e-46a1-42ef-bb20-5853e376d2e0-1-768x556.jpg.webp,site/wp-content/uploads/2025/03/8def799e-46a1-42ef-bb20-5853e376d2e0-1-768x556.jpg.webp,200,image/webp,43228,dom:desktop browser:image dom:mobile
https://pandaexteriors.com/wp-content/uploads/2025/03/8def799e-46a1-42ef-bb20-5853e376d2e0-1.jpg,site/wp-content/uploads/2025/03/8def799e-46a1-42ef-bb20-5853e376d2e0-1.jpg,200,image/jpeg,161846,dom:desktop dom:mobile html:img[data-lazy-srcset]
https://pandaexteriors.com/wp-content/uploads/2025/03/8def799e-46a1-42ef-bb20-5853e376d2e0-1.jpg.webp,site/wp-content/uploads/2025/03/8def799e-46a1-42ef-bb20-5853e376d2e0-1.jpg.webp,200,image/webp,75228,browser:image dom:desktop dom:mobile
https://pandaexteriors.com/wp-content/uploads/2025/03/8e52ea15-23a7-402c-8eb6-3530da91a66f-1-1024x576.jpg,site/wp-content/uploads/2025/03/8e52ea15-23a7-402c-8eb6-3530da91a66f-1-1024x576.jpg,200,image/jpeg,129437,dom:desktop dom:mobile html:img[data-lazy-srcset]
https://pandaexteriors.com/wp-content/uploads/2025/03/8e52ea15-23a7-402c-8eb6-3530da91a66f-1-1024x576.jpg.webp,site/wp-content/uploads/2025/03/8e52ea15-23a7-402c-8eb6-3530da91a66f-1-1024x576.jpg.webp,200,image/webp,95592,dom:desktop dom:mobile html:source[data-lazy-srcset]
https://pandaexteriors.com/wp-content/uploads/2025/03/8e52ea15-23a7-402c-8eb6-3530da91a66f-1-300x169.jpg,site/wp-content/uploads/2025/03/8e52ea15-23a7-402c-8eb6-3530da91a66f-1-300x169.jpg,200,image/jpeg,12192,dom:desktop dom:mobile html:img[data-lazy-srcset]
https://pandaexteriors.com/wp-content/uploads/2025/03/8e52ea15-23a7-402c-8eb6-3530da91a66f-1-300x169.jpg.webp,site/wp-content/uploads/2025/03/8e52ea15-23a7-402c-8eb6-3530da91a66f-1-300x169.jpg.webp,200,image/webp,9494,dom:desktop dom:mobile html:source[data-lazy-srcset]
https://pandaexteriors.com/wp-content/uploads/2025/03/8e52ea15-23a7-402c-8eb6-3530da91a66f-1-768x432.jpg,site/wp-content/uploads/2025/03/8e52ea15-23a7-402c-8eb6-3530da91a66f-1-768x432.jpg,200,image/jpeg,75889,dom:desktop dom:mobile html:img[data-lazy-srcset]
https://pandaexteriors.com/wp-content/uploads/2025/03/8e52ea15-23a7-402c-8eb6-3530da91a66f-1-768x432.jpg.webp,site/wp-content/uploads/2025/03/8e52ea15-23a7-402c-8eb6-3530da91a66f-1-768x432.jpg.webp,200,image/webp,58562,dom:desktop browser:image dom:mobile
https://pandaexteriors.com/wp-content/uploads/2025/03/8e52ea15-23a7-402c-8eb6-3530da91a66f-1.jpg,site/wp-content/uploads/2025/03/8e52ea15-23a7-402c-8eb6-3530da91a66f-1.jpg,200,image/jpeg,257709,dom:desktop dom:mobile html:img[data-lazy-srcset]
https://pandaexteriors.com/wp-content/uploads/2025/03/8e52ea15-23a7-402c-8eb6-3530da91a66f-1.jpg.webp,site/wp-content/uploads/2025/03/8e52ea15-23a7-402c-8eb6-3530da91a66f-1.jpg.webp,200,image/webp,149796,browser:image dom:desktop dom:mobile
https://pandaexteriors.com/wp-content/uploads/2025/03/a28c2433-183a-4ef6-9192-a2fa1a9fc1a0-3-1024x571.png,site/wp-content/uploads/2025/03/a28c2433-183a-4ef6-9192-a2fa1a9fc1a0-3-1024x571.png,200,image/png,1044383,dom:desktop dom:mobile html:img[data-lazy-srcset]
https://pandaexteriors.com/wp-content/uploads/2025/03/a28c2433-183a-4ef6-9192-a2fa1a9fc1a0-3-1024x571.png.webp,site/wp-content/uploads/2025/03/a28c2433-183a-4ef6-9192-a2fa1a9fc1a0-3-1024x571.png.webp,200,image/webp,184544,dom:desktop dom:mobile html:source[data-lazy-srcset]
https://pandaexteriors.com/wp-content/uploads/2025/03/a28c2433-183a-4ef6-9192-a2fa1a9fc1a0-3-300x167.png,site/wp-content/uploads/2025/03/a28c2433-183a-4ef6-9192-a2fa1a9fc1a0-3-300x167.png,200,image/png,100738,dom:desktop dom:mobile html:img[data-lazy-srcset]
https://pandaexteriors.com/wp-content/uploads/2025/03/a28c2433-183a-4ef6-9192-a2fa1a9fc1a0-3-300x167.png.webp,site/wp-content/uploads/2025/03/a28c2433-183a-4ef6-9192-a2fa1a9fc1a0-3-300x167.png.webp,200,image/webp,14426,dom:desktop dom:mobile html:source[data-lazy-srcset]
https://pandaexteriors.com/wp-content/uploads/2025/03/a28c2433-183a-4ef6-9192-a2fa1a9fc1a0-3-768x429.png,site/wp-content/uploads/2025/03/a28c2433-183a-4ef6-9192-a2fa1a9fc1a0-3-768x429.png,200,image/png,619204,dom:desktop dom:mobile html:img[data-lazy-srcset]
https://pandaexteriors.com/wp-content/uploads/2025/03/a28c2433-183a-4ef6-9192-a2fa1a9fc1a0-3-768x429.png.webp,site/wp-content/uploads/2025/03/a28c2433-183a-4ef6-9192-a2fa1a9fc1a0-3-768x429.png.webp,200,image/webp,111932,dom:desktop browser:image dom:mobile
https://pandaexteriors.com/wp-content/uploads/2025/03/a28c2433-183a-4ef6-9192-a2fa1a9fc1a0-3.png,site/wp-content/uploads/2025/03/a28c2433-183a-4ef6-9192-a2fa1a9fc1a0-3.png,200,image/png,1479659,dom:desktop dom:mobile html:img[data-lazy-srcset]
https://pandaexteriors.com/wp-content/uploads/2025/03/a28c2433-183a-4ef6-9192-a2fa1a9fc1a0-3.png.webp,site/wp-content/uploads/2025/03/a28c2433-183a-4ef6-9192-a2fa1a9fc1a0-3.png.webp,200,image/webp,223572,browser:image dom:desktop dom:mobile
https://pandaexteriors.com/wp-content/uploads/2025/03/a28c2433-183a-4ef6-9192-a2fa1a9fc1a0-300x289.png,site/wp-content/uploads/2025/03/a28c2433-183a-4ef6-9192-a2fa1a9fc1a0-300x289.png,200,image/png,159222,dom:desktop dom:mobile html:img[data-lazy-srcset]
https://pandaexteriors.com/wp-content/uploads/2025/03/a28c2433-183a-4ef6-9192-a2fa1a9fc1a0-300x289.png.webp,site/wp-content/uploads/2025/03/a28c2433-183a-4ef6-9192-a2fa1a9fc1a0-300x289.png.webp,200,image/webp,31216,dom:desktop dom:mobile html:source[data-lazy-srcset]
https://pandaexteriors.com/wp-content/uploads/2025/03/a28c2433-183a-4ef6-9192-a2fa1a9fc1a0.png,site/wp-content/uploads/2025/03/a28c2433-183a-4ef6-9192-a2fa1a9fc1a0.png,200,image/png,499035,dom:desktop dom:mobile html:img[data-lazy-srcset]
https://pandaexteriors.com/wp-content/uploads/2025/03/a28c2433-183a-4ef6-9192-a2fa1a9fc1a0.png.webp,site/wp-content/uploads/2025/03/a28c2433-183a-4ef6-9192-a2fa1a9fc1a0.png.webp,200,image/webp,64336,browser:image dom:desktop dom:mobile
https://pandaexteriors.com/wp-content/uploads/2025/03/a73dc7ed-18f0-4f19-8309-5adfccb187b8-300x200.jpg,site/wp-content/uploads/2025/03/a73dc7ed-18f0-4f19-8309-5adfccb187b8-300x200.jpg,200,image/jpeg,15213,dom:desktop dom:mobile html:img[data-lazy-srcset]
https://pandaexteriors.com/wp-content/uploads/2025/03/a73dc7ed-18f0-4f19-8309-5adfccb187b8-300x200.jpg.webp,site/wp-content/uploads/2025/03/a73dc7ed-18f0-4f19-8309-5adfccb187b8-300x200.jpg.webp,200,image/webp,12424,dom:desktop dom:mobile html:source[data-lazy-srcset]
https://pandaexteriors.com/wp-content/uploads/2025/03/a73dc7ed-18f0-4f19-8309-5adfccb187b8-768x512.jpg,site/wp-content/uploads/2025/03/a73dc7ed-18f0-4f19-8309-5adfccb187b8-768x512.jpg,200,image/jpeg,70665,dom:desktop dom:mobile html:img[data-lazy-srcset]
https://pandaexteriors.com/wp-content/uploads/2025/03/a73dc7ed-18f0-4f19-8309-5adfccb187b8-768x512.jpg.webp,site/wp-content/uploads/2025/03/a73dc7ed-18f0-4f19-8309-5adfccb187b8-768x512.jpg.webp,200,image/webp,49954,dom:desktop browser:image dom:mobile
https://pandaexteriors.com/wp-content/uploads/2025/03/a73dc7ed-18f0-4f19-8309-5adfccb187b8.jpg,site/wp-content/uploads/2025/03/a73dc7ed-18f0-4f19-8309-5adfccb187b8.jpg,200,image/jpeg,156488,dom:desktop dom:mobile html:img[data-lazy-srcset]
https://pandaexteriors.com/wp-content/uploads/2025/03/a73dc7ed-18f0-4f19-8309-5adfccb187b8.jpg.webp,site/wp-content/uploads/2025/03/a73dc7ed-18f0-4f19-8309-5adfccb187b8.jpg.webp,200,image/webp,83242,browser:image dom:desktop dom:mobile
https://pandaexteriors.com/wp-content/uploads/2025/03/admin-ajax-2-300x97.png,site/wp-content/uploads/2025/03/admin-ajax-2-300x97.png,200,image/png,19388,dom:desktop dom:mobile html:img[srcset]
https://pandaexteriors.com/wp-content/uploads/2025/03/admin-ajax-2-300x97.png.webp,site/wp-content/uploads/2025/03/admin-ajax-2-300x97.png.webp,200,image/webp,9368,dom:desktop dom:mobile html:source[srcset]
https://pandaexteriors.com/wp-content/uploads/2025/03/admin-ajax-2.png,site/wp-content/uploads/2025/03/admin-ajax-2.png,200,image/png,49147,dom:desktop dom:mobile html:img[src]
https://pandaexteriors.com/wp-content/uploads/2025/03/admin-ajax-2.png.webp,site/wp-content/uploads/2025/03/admin-ajax-2.png.webp,200,image/webp,22590,browser:image dom:desktop dom:mobile
https://pandaexteriors.com/wp-content/uploads/2025/03/b1ad0006-8e70-4397-9edc-dcb923ea9690-300x200.jpg,site/wp-content/uploads/2025/03/b1ad0006-8e70-4397-9edc-dcb923ea9690-300x200.jpg,200,image/jpeg,14563,dom:desktop dom:mobile html:img[srcset]
https://pandaexteriors.com/wp-content/uploads/2025/03/b1ad0006-8e70-4397-9edc-dcb923ea9690-300x200.jpg.webp,site/wp-content/uploads/2025/03/b1ad0006-8e70-4397-9edc-dcb923ea9690-300x200.jpg.webp,200,image/webp,11776,dom:desktop dom:mobile html:source[srcset]
https://pandaexteriors.com/wp-content/uploads/2025/03/b1ad0006-8e70-4397-9edc-dcb923ea9690-768x512.jpg,site/wp-content/uploads/2025/03/b1ad0006-8e70-4397-9edc-dcb923ea9690-768x512.jpg,200,image/jpeg,71872,dom:desktop dom:mobile html:img[srcset]
https://pandaexteriors.com/wp-content/uploads/2025/03/b1ad0006-8e70-4397-9edc-dcb923ea9690-768x512.jpg.webp,site/wp-content/uploads/2025/03/b1ad0006-8e70-4397-9edc-dcb923ea9690-768x512.jpg.webp,200,image/webp,54596,dom:desktop browser:image dom:mobile
https://pandaexteriors.com/wp-content/uploads/2025/03/b1ad0006-8e70-4397-9edc-dcb923ea9690.jpg,site/wp-content/uploads/2025/03/b1ad0006-8e70-4397-9edc-dcb923ea9690.jpg,200,image/jpeg,171298,dom:desktop dom:mobile html:img[src]
https://pandaexteriors.com/wp-content/uploads/2025/03/b1ad0006-8e70-4397-9edc-dcb923ea9690.jpg.webp,site/wp-content/uploads/2025/03/b1ad0006-8e70-4397-9edc-dcb923ea9690.jpg.webp,200,image/webp,98326,browser:image dom:desktop dom:mobile
https://pandaexteriors.com/wp-content/uploads/2025/03/b641e437-b27e-458f-8368-9fec427485ed-1-1024x683.jpg,site/wp-content/uploads/2025/03/b641e437-b27e-458f-8368-9fec427485ed-1-1024x683.jpg,200,image/jpeg,118532,dom:desktop dom:mobile html:img[srcset]
https://pandaexteriors.com/wp-content/uploads/2025/03/b641e437-b27e-458f-8368-9fec427485ed-1-1024x683.jpg.webp,site/wp-content/uploads/2025/03/b641e437-b27e-458f-8368-9fec427485ed-1-1024x683.jpg.webp,200,image/webp,82638,dom:desktop dom:mobile html:source[srcset]
https://pandaexteriors.com/wp-content/uploads/2025/03/b641e437-b27e-458f-8368-9fec427485ed-1-300x200.jpg,site/wp-content/uploads/2025/03/b641e437-b27e-458f-8368-9fec427485ed-1-300x200.jpg,200,image/jpeg,13123,dom:desktop dom:mobile html:img[srcset]
https://pandaexteriors.com/wp-content/uploads/2025/03/b641e437-b27e-458f-8368-9fec427485ed-1-300x200.jpg.webp,site/wp-content/uploads/2025/03/b641e437-b27e-458f-8368-9fec427485ed-1-300x200.jpg.webp,200,image/webp,11722,dom:desktop dom:mobile html:source[srcset]
https://pandaexteriors.com/wp-content/uploads/2025/03/b641e437-b27e-458f-8368-9fec427485ed-1-768x512.jpg,site/wp-content/uploads/2025/03/b641e437-b27e-458f-8368-9fec427485ed-1-768x512.jpg,200,image/jpeg,69165,dom:desktop dom:mobile html:img[srcset]
https://pandaexteriors.com/wp-content/uploads/2025/03/b641e437-b27e-458f-8368-9fec427485ed-1-768x512.jpg.webp,site/wp-content/uploads/2025/03/b641e437-b27e-458f-8368-9fec427485ed-1-768x512.jpg.webp,200,image/webp,49434,dom:desktop browser:image dom:mobile
https://pandaexteriors.com/wp-content/uploads/2025/03/b641e437-b27e-458f-8368-9fec427485ed-1.jpg,site/wp-content/uploads/2025/03/b641e437-b27e-458f-8368-9fec427485ed-1.jpg,200,image/jpeg,247515,dom:desktop dom:mobile html:img[src]
https://pandaexteriors.com/wp-content/uploads/2025/03/b641e437-b27e-458f-8368-9fec427485ed-1.jpg.webp,site/wp-content/uploads/2025/03/b641e437-b27e-458f-8368-9fec427485ed-1.jpg.webp,200,image/webp,138254,browser:image dom:desktop dom:mobile
https://pandaexteriors.com/wp-content/uploads/2025/03/b7391c57-3d5a-4f0f-915a-1ac693fcecfd-300x158.png,site/wp-content/uploads/2025/03/b7391c57-3d5a-4f0f-915a-1ac693fcecfd-300x158.png,200,image/png,30102,dom:desktop dom:mobile html:img[srcset]
https://pandaexteriors.com/wp-content/uploads/2025/03/b7391c57-3d5a-4f0f-915a-1ac693fcecfd-300x158.png.webp,site/wp-content/uploads/2025/03/b7391c57-3d5a-4f0f-915a-1ac693fcecfd-300x158.png.webp,200,image/webp,4734,dom:desktop dom:mobile html:link[imagesrcset]
https://pandaexteriors.com/wp-content/uploads/2025/03/b7391c57-3d5a-4f0f-915a-1ac693fcecfd.png,site/wp-content/uploads/2025/03/b7391c57-3d5a-4f0f-915a-1ac693fcecfd.png,200,image/png,108779,dom:desktop dom:mobile html:meta[og:image]
https://pandaexteriors.com/wp-content/uploads/2025/03/b7391c57-3d5a-4f0f-915a-1ac693fcecfd.png.webp,site/wp-content/uploads/2025/03/b7391c57-3d5a-4f0f-915a-1ac693fcecfd.png.webp,200,image/webp,15240,browser:image dom:desktop dom:mobile
https://pandaexteriors.com/wp-content/uploads/2025/03/c2abaf49-f942-4eb7-a1ab-dabcced1c3ec-2-1024x1024.png,site/wp-content/uploads/2025/03/c2abaf49-f942-4eb7-a1ab-dabcced1c3ec-2-1024x1024.png,200,image/png,1665774,dom:desktop dom:mobile html:img[data-lazy-srcset]
https://pandaexteriors.com/wp-content/uploads/2025/03/c2abaf49-f942-4eb7-a1ab-dabcced1c3ec-2-1024x1024.png.webp,site/wp-content/uploads/2025/03/c2abaf49-f942-4eb7-a1ab-dabcced1c3ec-2-1024x1024.png.webp,200,image/webp,202188,dom:desktop dom:mobile html:source[data-lazy-srcset]
https://pandaexteriors.com/wp-content/uploads/2025/03/c2abaf49-f942-4eb7-a1ab-dabcced1c3ec-2-150x150.png,site/wp-content/uploads/2025/03/c2abaf49-f942-4eb7-a1ab-dabcced1c3ec-2-150x150.png,200,image/png,42218,dom:desktop dom:mobile html:img[data-lazy-srcset]
https://pandaexteriors.com/wp-content/uploads/2025/03/c2abaf49-f942-4eb7-a1ab-dabcced1c3ec-2-150x150.png.webp,site/wp-content/uploads/2025/03/c2abaf49-f942-4eb7-a1ab-dabcced1c3ec-2-150x150.png.webp,200,image/webp,6640,dom:desktop dom:mobile html:source[data-lazy-srcset]
https://pandaexteriors.com/wp-content/uploads/2025/03/c2abaf49-f942-4eb7-a1ab-dabcced1c3ec-2-300x300.png,site/wp-content/uploads/2025/03/c2abaf49-f942-4eb7-a1ab-dabcced1c3ec-2-300x300.png,200,image/png,149246,dom:desktop dom:mobile html:img[data-lazy-srcset]
https://pandaexteriors.com/wp-content/uploads/2025/03/c2abaf49-f942-4eb7-a1ab-dabcced1c3ec-2-300x300.png.webp,site/wp-content/uploads/2025/03/c2abaf49-f942-4eb7-a1ab-dabcced1c3ec-2-300x300.png.webp,200,image/webp,21504,dom:desktop dom:mobile html:source[data-lazy-srcset]
https://pandaexteriors.com/wp-content/uploads/2025/03/c2abaf49-f942-4eb7-a1ab-dabcced1c3ec-2-768x768.png,site/wp-content/uploads/2025/03/c2abaf49-f942-4eb7-a1ab-dabcced1c3ec-2-768x768.png,200,image/png,938614,dom:desktop dom:mobile html:img[data-lazy-srcset]
https://pandaexteriors.com/wp-content/uploads/2025/03/c2abaf49-f942-4eb7-a1ab-dabcced1c3ec-2-768x768.png.webp,site/wp-content/uploads/2025/03/c2abaf49-f942-4eb7-a1ab-dabcced1c3ec-2-768x768.png.webp,200,image/webp,111472,dom:desktop browser:image dom:mobile
https://pandaexteriors.com/wp-content/uploads/2025/03/c2abaf49-f942-4eb7-a1ab-dabcced1c3ec-2.png,site/wp-content/uploads/2025/03/c2abaf49-f942-4eb7-a1ab-dabcced1c3ec-2.png,200,image/png,570068,dom:desktop dom:mobile html:img[data-lazy-srcset]
https://pandaexteriors.com/wp-content/uploads/2025/03/c2abaf49-f942-4eb7-a1ab-dabcced1c3ec-2.png.webp,site/wp-content/uploads/2025/03/c2abaf49-f942-4eb7-a1ab-dabcced1c3ec-2.png.webp,200,image/webp,298668,browser:image dom:desktop dom:mobile
https://pandaexteriors.com/wp-content/uploads/2025/03/c5bd9cd8-b146-4265-9304-2ac2ab727360-1152x1536.jpg,site/wp-content/uploads/2025/03/c5bd9cd8-b146-4265-9304-2ac2ab727360-1152x1536.jpg,200,image/jpeg,226671,dom:desktop dom:mobile html:img[data-lazy-srcset]
https://pandaexteriors.com/wp-content/uploads/2025/03/c5bd9cd8-b146-4265-9304-2ac2ab727360-1152x1536.jpg.webp,site/wp-content/uploads/2025/03/c5bd9cd8-b146-4265-9304-2ac2ab727360-1152x1536.jpg.webp,200,image/webp,178908,dom:desktop dom:mobile html:source[data-lazy-srcset]
https://pandaexteriors.com/wp-content/uploads/2025/03/c5bd9cd8-b146-4265-9304-2ac2ab727360-225x300.jpg,site/wp-content/uploads/2025/03/c5bd9cd8-b146-4265-9304-2ac2ab727360-225x300.jpg,200,image/jpeg,12865,dom:desktop dom:mobile html:img[data-lazy-srcset]
https://pandaexteriors.com/wp-content/uploads/2025/03/c5bd9cd8-b146-4265-9304-2ac2ab727360-225x300.jpg.webp,site/wp-content/uploads/2025/03/c5bd9cd8-b146-4265-9304-2ac2ab727360-225x300.jpg.webp,200,image/webp,10388,dom:desktop dom:mobile html:source[data-lazy-srcset]
https://pandaexteriors.com/wp-content/uploads/2025/03/c5bd9cd8-b146-4265-9304-2ac2ab727360-768x1024.jpg,site/wp-content/uploads/2025/03/c5bd9cd8-b146-4265-9304-2ac2ab727360-768x1024.jpg,200,image/jpeg,111036,dom:desktop dom:mobile html:img[data-lazy-srcset]
https://pandaexteriors.com/wp-content/uploads/2025/03/c5bd9cd8-b146-4265-9304-2ac2ab727360-768x1024.jpg.webp,site/wp-content/uploads/2025/03/c5bd9cd8-b146-4265-9304-2ac2ab727360-768x1024.jpg.webp,200,image/webp,85996,dom:desktop browser:image dom:mobile
https://pandaexteriors.com/wp-content/uploads/2025/03/c5bd9cd8-b146-4265-9304-2ac2ab727360.jpg,site/wp-content/uploads/2025/03/c5bd9cd8-b146-4265-9304-2ac2ab727360.jpg,200,image/jpeg,378092,dom:desktop dom:mobile html:img[data-lazy-srcset]
https://pandaexteriors.com/wp-content/uploads/2025/03/c5bd9cd8-b146-4265-9304-2ac2ab727360.jpg.webp,site/wp-content/uploads/2025/03/c5bd9cd8-b146-4265-9304-2ac2ab727360.jpg.webp,200,image/webp,226376,browser:image dom:desktop dom:mobile
https://pandaexteriors.com/wp-content/uploads/2025/03/ceiling-with-leak.2012091303550-300x200-1.jpg,site/wp-content/uploads/2025/03/ceiling-with-leak.2012091303550-300x200-1.jpg,200,image/jpeg,4647,browser:image dom:desktop dom:mobile
https://pandaexteriors.com/wp-content/uploads/2025/03/circle-sec-.png,site/wp-content/uploads/2025/03/circle-sec-.png,200,image/png,1006,dom:desktop dom:mobile html:img[data-lazy-src]
https://pandaexteriors.com/wp-content/uploads/2025/03/circle-sec-.png.webp,site/wp-content/uploads/2025/03/circle-sec-.png.webp,200,image/webp,1728,browser:image dom:desktop dom:mobile
https://pandaexteriors.com/wp-content/uploads/2025/03/circle-sec-1.png,site/wp-content/uploads/2025/03/circle-sec-1.png,200,image/png,1034,dom:desktop dom:mobile html:img[data-lazy-src]
https://pandaexteriors.com/wp-content/uploads/2025/03/circle-sec-1.png.webp,site/wp-content/uploads/2025/03/circle-sec-1.png.webp,200,image/webp,1750,browser:image dom:desktop dom:mobile
https://pandaexteriors.com/wp-content/uploads/2025/03/circle-sec-12.png,site/wp-content/uploads/2025/03/circle-sec-12.png,200,image/png,788,dom:desktop dom:mobile html:img[src]
https://pandaexteriors.com/wp-content/uploads/2025/03/circle-sec-12.png.webp,site/wp-content/uploads/2025/03/circle-sec-12.png.webp,200,image/webp,1466,browser:image dom:desktop dom:mobile
https://pandaexteriors.com/wp-content/uploads/2025/03/circle-sec-13.png,site/wp-content/uploads/2025/03/circle-sec-13.png,200,image/png,1190,dom:desktop dom:mobile html:img[data-lazy-src]
https://pandaexteriors.com/wp-content/uploads/2025/03/circle-sec-13.png.webp,site/wp-content/uploads/2025/03/circle-sec-13.png.webp,200,image/webp,1658,browser:image dom:desktop dom:mobile
https://pandaexteriors.com/wp-content/uploads/2025/03/circle-sec-14.png,site/wp-content/uploads/2025/03/circle-sec-14.png,200,image/png,1071,dom:desktop dom:mobile html:img[data-lazy-src]
https://pandaexteriors.com/wp-content/uploads/2025/03/circle-sec-14.png.webp,site/wp-content/uploads/2025/03/circle-sec-14.png.webp,200,image/webp,1526,dom:desktop dom:mobile html:source[data-lazy-srcset]
https://pandaexteriors.com/wp-content/uploads/2025/03/circle-sec-15.png,site/wp-content/uploads/2025/03/circle-sec-15.png,200,image/png,1020,dom:desktop dom:mobile html:img[data-lazy-src]
https://pandaexteriors.com/wp-content/uploads/2025/03/circle-sec-15.png.webp,site/wp-content/uploads/2025/03/circle-sec-15.png.webp,200,image/webp,1472,dom:desktop dom:mobile html:source[data-lazy-srcset]
https://pandaexteriors.com/wp-content/uploads/2025/03/circle-sec-17.png,site/wp-content/uploads/2025/03/circle-sec-17.png,200,image/png,987,dom:desktop dom:mobile html:img[src]
https://pandaexteriors.com/wp-content/uploads/2025/03/circle-sec-17.png.webp,site/wp-content/uploads/2025/03/circle-sec-17.png.webp,200,image/webp,1574,browser:image dom:desktop dom:mobile
https://pandaexteriors.com/wp-content/uploads/2025/03/circle-sec-18.png,site/wp-content/uploads/2025/03/circle-sec-18.png,200,image/png,798,browser:image dom:desktop dom:mobile
https://pandaexteriors.com/wp-content/uploads/2025/03/circle-sec-2.png,site/wp-content/uploads/2025/03/circle-sec-2.png,200,image/png,1026,dom:desktop dom:mobile html:img[data-lazy-src]
https://pandaexteriors.com/wp-content/uploads/2025/03/circle-sec-2.png.webp,site/wp-content/uploads/2025/03/circle-sec-2.png.webp,200,image/webp,1600,browser:image dom:desktop dom:mobile
https://pandaexteriors.com/wp-content/uploads/2025/03/dreamstime_s_38613446-300x200.jpg,site/wp-content/uploads/2025/03/dreamstime_s_38613446-300x200.jpg,200,image/jpeg,21628,dom:desktop dom:mobile html:img[data-lazy-srcset]
https://pandaexteriors.com/wp-content/uploads/2025/03/dreamstime_s_38613446-300x200.jpg.webp,site/wp-content/uploads/2025/03/dreamstime_s_38613446-300x200.jpg.webp,200,image/webp,19342,dom:desktop dom:mobile html:source[data-lazy-srcset]
https://pandaexteriors.com/wp-content/uploads/2025/03/dreamstime_s_38613446-768x512.jpg,site/wp-content/uploads/2025/03/dreamstime_s_38613446-768x512.jpg,200,image/jpeg,143232,dom:desktop dom:mobile html:img[data-lazy-srcset]
https://pandaexteriors.com/wp-content/uploads/2025/03/dreamstime_s_38613446-768x512.jpg.webp,site/wp-content/uploads/2025/03/dreamstime_s_38613446-768x512.jpg.webp,200,image/webp,122268,dom:desktop browser:image dom:mobile
https://pandaexteriors.com/wp-content/uploads/2025/03/dreamstime_s_38613446.jpg,site/wp-content/uploads/2025/03/dreamstime_s_38613446.jpg,200,image/jpeg,609508,dom:desktop dom:mobile html:img[data-lazy-srcset]
https://pandaexteriors.com/wp-content/uploads/2025/03/dreamstime_s_38613446.jpg.webp,site/wp-content/uploads/2025/03/dreamstime_s_38613446.jpg.webp,200,image/webp,155570,browser:image dom:desktop dom:mobile
https://pandaexteriors.com/wp-content/uploads/2025/03/e3c8e1d8-90f1-4052-8b4d-7be935ea4bdc-300x200.jpg,site/wp-content/uploads/2025/03/e3c8e1d8-90f1-4052-8b4d-7be935ea4bdc-300x200.jpg,200,image/jpeg,8392,dom:desktop dom:mobile html:img[srcset]
https://pandaexteriors.com/wp-content/uploads/2025/03/e3c8e1d8-90f1-4052-8b4d-7be935ea4bdc-300x200.jpg.webp,site/wp-content/uploads/2025/03/e3c8e1d8-90f1-4052-8b4d-7be935ea4bdc-300x200.jpg.webp,200,image/webp,6344,dom:desktop dom:mobile html:link[imagesrcset]
https://pandaexteriors.com/wp-content/uploads/2025/03/e3c8e1d8-90f1-4052-8b4d-7be935ea4bdc-768x512.jpg,site/wp-content/uploads/2025/03/e3c8e1d8-90f1-4052-8b4d-7be935ea4bdc-768x512.jpg,200,image/jpeg,31058,dom:desktop dom:mobile html:img[srcset]
https://pandaexteriors.com/wp-content/uploads/2025/03/e3c8e1d8-90f1-4052-8b4d-7be935ea4bdc-768x512.jpg.webp,site/wp-content/uploads/2025/03/e3c8e1d8-90f1-4052-8b4d-7be935ea4bdc-768x512.jpg.webp,200,image/webp,20066,dom:desktop browser:image dom:mobile
https://pandaexteriors.com/wp-content/uploads/2025/03/e3c8e1d8-90f1-4052-8b4d-7be935ea4bdc.jpg,site/wp-content/uploads/2025/03/e3c8e1d8-90f1-4052-8b4d-7be935ea4bdc.jpg,200,image/jpeg,63893,dom:desktop dom:mobile html:meta[og:image]
https://pandaexteriors.com/wp-content/uploads/2025/03/e3c8e1d8-90f1-4052-8b4d-7be935ea4bdc.jpg.webp,site/wp-content/uploads/2025/03/e3c8e1d8-90f1-4052-8b4d-7be935ea4bdc.jpg.webp,200,image/webp,29696,browser:image dom:desktop dom:mobile
https://pandaexteriors.com/wp-content/uploads/2025/03/eaf2e8a6-efc7-47c5-8d45-932796dd33bc-1-min.png,site/wp-content/uploads/2025/03/eaf2e8a6-efc7-47c5-8d45-932796dd33bc-1-min.png,200,image/png,551476,html:inline-script html:inline-style browser:image
https://pandaexteriors.com/wp-content/uploads/2025/03/edd0b1b3-d44d-42d2-ad43-bc2755bb8ec3-300x169.jpg,site/wp-content/uploads/2025/03/edd0b1b3-d44d-42d2-ad43-bc2755bb8ec3-300x169.jpg,200,image/jpeg,11210,dom:desktop dom:mobile html:img[data-lazy-srcset]
https://pandaexteriors.com/wp-content/uploads/2025/03/edd0b1b3-d44d-42d2-ad43-bc2755bb8ec3-300x169.jpg.webp,site/wp-content/uploads/2025/03/edd0b1b3-d44d-42d2-ad43-bc2755bb8ec3-300x169.jpg.webp,200,image/webp,8334,dom:desktop dom:mobile html:source[data-lazy-srcset]
https://pandaexteriors.com/wp-content/uploads/2025/03/edd0b1b3-d44d-42d2-ad43-bc2755bb8ec3.jpg,site/wp-content/uploads/2025/03/edd0b1b3-d44d-42d2-ad43-bc2755bb8ec3.jpg,200,image/jpeg,52166,dom:desktop dom:mobile html:meta[og:image]
https://pandaexteriors.com/wp-content/uploads/2025/03/edd0b1b3-d44d-42d2-ad43-bc2755bb8ec3.jpg.webp,site/wp-content/uploads/2025/03/edd0b1b3-d44d-42d2-ad43-bc2755bb8ec3.jpg.webp,200,image/webp,31866,browser:image dom:desktop dom:mobile
https://pandaexteriors.com/wp-content/uploads/2025/03/edefbb7f-d876-46b3-900b-f1fcea7523de-2-1024x576.jpg,site/wp-content/uploads/2025/03/edefbb7f-d876-46b3-900b-f1fcea7523de-2-1024x576.jpg,200,image/jpeg,107408,dom:desktop dom:mobile html:img[data-lazy-srcset]
https://pandaexteriors.com/wp-content/uploads/2025/03/edefbb7f-d876-46b3-900b-f1fcea7523de-2-1024x576.jpg.webp,site/wp-content/uploads/2025/03/edefbb7f-d876-46b3-900b-f1fcea7523de-2-1024x576.jpg.webp,200,image/webp,75242,dom:desktop dom:mobile html:source[data-lazy-srcset]
https://pandaexteriors.com/wp-content/uploads/2025/03/edefbb7f-d876-46b3-900b-f1fcea7523de-2-300x169.jpg,site/wp-content/uploads/2025/03/edefbb7f-d876-46b3-900b-f1fcea7523de-2-300x169.jpg,200,image/jpeg,11658,dom:desktop dom:mobile html:img[data-lazy-srcset]
https://pandaexteriors.com/wp-content/uploads/2025/03/edefbb7f-d876-46b3-900b-f1fcea7523de-2-300x169.jpg.webp,site/wp-content/uploads/2025/03/edefbb7f-d876-46b3-900b-f1fcea7523de-2-300x169.jpg.webp,200,image/webp,8880,dom:desktop dom:mobile html:source[data-lazy-srcset]
https://pandaexteriors.com/wp-content/uploads/2025/03/edefbb7f-d876-46b3-900b-f1fcea7523de-2-768x432.jpg,site/wp-content/uploads/2025/03/edefbb7f-d876-46b3-900b-f1fcea7523de-2-768x432.jpg,200,image/jpeg,63335,dom:desktop dom:mobile html:img[data-lazy-srcset]
https://pandaexteriors.com/wp-content/uploads/2025/03/edefbb7f-d876-46b3-900b-f1fcea7523de-2-768x432.jpg.webp,site/wp-content/uploads/2025/03/edefbb7f-d876-46b3-900b-f1fcea7523de-2-768x432.jpg.webp,200,image/webp,43444,dom:desktop browser:image dom:mobile
https://pandaexteriors.com/wp-content/uploads/2025/03/edefbb7f-d876-46b3-900b-f1fcea7523de-2.jpg,site/wp-content/uploads/2025/03/edefbb7f-d876-46b3-900b-f1fcea7523de-2.jpg,200,image/jpeg,217541,dom:desktop dom:mobile html:img[data-lazy-srcset]
https://pandaexteriors.com/wp-content/uploads/2025/03/edefbb7f-d876-46b3-900b-f1fcea7523de-2.jpg.webp,site/wp-content/uploads/2025/03/edefbb7f-d876-46b3-900b-f1fcea7523de-2.jpg.webp,200,image/webp,112598,browser:image dom:desktop dom:mobile
https://pandaexteriors.com/wp-content/uploads/2025/03/Ernie-DIll.png,site/wp-content/uploads/2025/03/Ernie-DIll.png,200,image/png,3192,dom:desktop dom:mobile html:img[data-lazy-src]
https://pandaexteriors.com/wp-content/uploads/2025/03/Ernie-DIll.png.webp,site/wp-content/uploads/2025/03/Ernie-DIll.png.webp,200,image/webp,908,dom:desktop dom:mobile html:source[data-lazy-srcset]
https://pandaexteriors.com/wp-content/uploads/2025/03/f3a7c528-b3b4-430a-b237-d3bd1cbd3f1c-1-226x300.jpg,site/wp-content/uploads/2025/03/f3a7c528-b3b4-430a-b237-d3bd1cbd3f1c-1-226x300.jpg,200,image/jpeg,19576,dom:desktop dom:mobile html:img[data-lazy-srcset]
https://pandaexteriors.com/wp-content/uploads/2025/03/f3a7c528-b3b4-430a-b237-d3bd1cbd3f1c-1-226x300.jpg.webp,site/wp-content/uploads/2025/03/f3a7c528-b3b4-430a-b237-d3bd1cbd3f1c-1-226x300.jpg.webp,200,image/webp,16194,dom:desktop dom:mobile html:source[data-lazy-srcset]
https://pandaexteriors.com/wp-content/uploads/2025/03/f3a7c528-b3b4-430a-b237-d3bd1cbd3f1c-1-768x1021.jpg,site/wp-content/uploads/2025/03/f3a7c528-b3b4-430a-b237-d3bd1cbd3f1c-1-768x1021.jpg,200,image/jpeg,166687,dom:desktop dom:mobile html:img[data-lazy-srcset]
https://pandaexteriors.com/wp-content/uploads/2025/03/f3a7c528-b3b4-430a-b237-d3bd1cbd3f1c-1-768x1021.jpg.webp,site/wp-content/uploads/2025/03/f3a7c528-b3b4-430a-b237-d3bd1cbd3f1c-1-768x1021.jpg.webp,200,image/webp,127908,dom:desktop browser:image dom:mobile
https://pandaexteriors.com/wp-content/uploads/2025/03/f3a7c528-b3b4-430a-b237-d3bd1cbd3f1c-1-770x1024.jpg,site/wp-content/uploads/2025/03/f3a7c528-b3b4-430a-b237-d3bd1cbd3f1c-1-770x1024.jpg,200,image/jpeg,167507,dom:desktop dom:mobile html:img[data-lazy-srcset]
https://pandaexteriors.com/wp-content/uploads/2025/03/f3a7c528-b3b4-430a-b237-d3bd1cbd3f1c-1-770x1024.jpg.webp,site/wp-content/uploads/2025/03/f3a7c528-b3b4-430a-b237-d3bd1cbd3f1c-1-770x1024.jpg.webp,200,image/webp,128200,dom:desktop dom:mobile html:source[data-lazy-srcset]
https://pandaexteriors.com/wp-content/uploads/2025/03/f3a7c528-b3b4-430a-b237-d3bd1cbd3f1c-1.jpg,site/wp-content/uploads/2025/03/f3a7c528-b3b4-430a-b237-d3bd1cbd3f1c-1.jpg,200,image/jpeg,442086,dom:desktop dom:mobile html:img[data-lazy-srcset]
https://pandaexteriors.com/wp-content/uploads/2025/03/f3a7c528-b3b4-430a-b237-d3bd1cbd3f1c-1.jpg.webp,site/wp-content/uploads/2025/03/f3a7c528-b3b4-430a-b237-d3bd1cbd3f1c-1.jpg.webp,200,image/webp,244712,browser:image dom:desktop dom:mobile
https://pandaexteriors.com/wp-content/uploads/2025/03/fb04fcac-9a54-45a7-8530-a3e13d544aae-1.png,site/wp-content/uploads/2025/03/fb04fcac-9a54-45a7-8530-a3e13d544aae-1.png,200,image/png,1255020,html:inline-script
https://pandaexteriors.com/wp-content/uploads/2025/03/fe10b072-4fb3-4f9a-a2dd-06df59a5a7df-300x169.jpg,site/wp-content/uploads/2025/03/fe10b072-4fb3-4f9a-a2dd-06df59a5a7df-300x169.jpg,200,image/jpeg,11987,dom:desktop dom:mobile html:img[srcset]
https://pandaexteriors.com/wp-content/uploads/2025/03/fe10b072-4fb3-4f9a-a2dd-06df59a5a7df-300x169.jpg.webp,site/wp-content/uploads/2025/03/fe10b072-4fb3-4f9a-a2dd-06df59a5a7df-300x169.jpg.webp,200,image/webp,9548,dom:desktop dom:mobile html:source[srcset]
https://pandaexteriors.com/wp-content/uploads/2025/03/fe10b072-4fb3-4f9a-a2dd-06df59a5a7df.jpg,site/wp-content/uploads/2025/03/fe10b072-4fb3-4f9a-a2dd-06df59a5a7df.jpg,200,image/jpeg,53883,dom:desktop dom:mobile html:meta[og:image]
https://pandaexteriors.com/wp-content/uploads/2025/03/fe10b072-4fb3-4f9a-a2dd-06df59a5a7df.jpg.webp,site/wp-content/uploads/2025/03/fe10b072-4fb3-4f9a-a2dd-06df59a5a7df.jpg.webp,200,image/webp,33488,browser:image dom:desktop dom:mobile
https://pandaexteriors.com/wp-content/uploads/2025/03/Frame-1000007300.png,site/wp-content/uploads/2025/03/Frame-1000007300.png,200,image/png,2089,browser:image dom:desktop dom:mobile
https://pandaexteriors.com/wp-content/uploads/2025/03/Frame-1000007303.png,site/wp-content/uploads/2025/03/Frame-1000007303.png,200,image/png,3171,dom:desktop dom:mobile html:img[data-lazy-src]
https://pandaexteriors.com/wp-content/uploads/2025/03/Frame-1000007303.png.webp,site/wp-content/uploads/2025/03/Frame-1000007303.png.webp,200,image/webp,3288,browser:image dom:desktop dom:mobile
https://pandaexteriors.com/wp-content/uploads/2025/03/Frame-1000007304.png,site/wp-content/uploads/2025/03/Frame-1000007304.png,200,image/png,3430,dom:desktop dom:mobile html:img[data-lazy-src]
https://pandaexteriors.com/wp-content/uploads/2025/03/Frame-1000007304.png.webp,site/wp-content/uploads/2025/03/Frame-1000007304.png.webp,200,image/webp,3506,browser:image dom:desktop dom:mobile
https://pandaexteriors.com/wp-content/uploads/2025/03/Frame-1000007305.png,site/wp-content/uploads/2025/03/Frame-1000007305.png,200,image/png,3766,dom:desktop dom:mobile html:img[data-lazy-src]
https://pandaexteriors.com/wp-content/uploads/2025/03/Frame-1000007305.png.webp,site/wp-content/uploads/2025/03/Frame-1000007305.png.webp,200,image/webp,3484,browser:image dom:desktop dom:mobile
https://pandaexteriors.com/wp-content/uploads/2025/03/Group-9524.png,site/wp-content/uploads/2025/03/Group-9524.png,200,image/png,1199161,html:inline-script
https://pandaexteriors.com/wp-content/uploads/2025/03/Group-9550-1-1-1024x542.png,site/wp-content/uploads/2025/03/Group-9550-1-1-1024x542.png,200,image/png,1002456,dom:desktop dom:mobile html:img[data-lazy-srcset]
https://pandaexteriors.com/wp-content/uploads/2025/03/Group-9550-1-1-1024x542.png.webp,site/wp-content/uploads/2025/03/Group-9550-1-1-1024x542.png.webp,200,image/webp,109730,dom:desktop dom:mobile html:source[data-lazy-srcset]
https://pandaexteriors.com/wp-content/uploads/2025/03/Group-9550-1-1-300x159.png,site/wp-content/uploads/2025/03/Group-9550-1-1-300x159.png,200,image/png,90746,dom:desktop dom:mobile html:img[data-lazy-srcset]
https://pandaexteriors.com/wp-content/uploads/2025/03/Group-9550-1-1-300x159.png.webp,site/wp-content/uploads/2025/03/Group-9550-1-1-300x159.png.webp,200,image/webp,12518,dom:desktop dom:mobile html:source[data-lazy-srcset]
https://pandaexteriors.com/wp-content/uploads/2025/03/Group-9550-1-1-768x407.png,site/wp-content/uploads/2025/03/Group-9550-1-1-768x407.png,200,image/png,578279,dom:desktop dom:mobile html:img[data-lazy-srcset]
https://pandaexteriors.com/wp-content/uploads/2025/03/Group-9550-1-1-768x407.png.webp,site/wp-content/uploads/2025/03/Group-9550-1-1-768x407.png.webp,200,image/webp,71382,dom:desktop browser:image dom:mobile
https://pandaexteriors.com/wp-content/uploads/2025/03/Group-9550-1-1.png,site/wp-content/uploads/2025/03/Group-9550-1-1.png,200,image/png,405537,html:inline-script browser:image dom:desktop
https://pandaexteriors.com/wp-content/uploads/2025/03/Group-9550-1-1.png.webp,site/wp-content/uploads/2025/03/Group-9550-1-1.png.webp,200,image/webp,241584,browser:image dom:desktop dom:mobile
https://pandaexteriors.com/wp-content/uploads/2025/03/Group-9557-1.png,site/wp-content/uploads/2025/03/Group-9557-1.png,200,image/png,280405,html:inline-script browser:image dom:desktop
https://pandaexteriors.com/wp-content/uploads/2025/03/Group-9558-1.png,site/wp-content/uploads/2025/03/Group-9558-1.png,200,image/png,355709,html:inline-script browser:image dom:desktop
https://pandaexteriors.com/wp-content/uploads/2025/03/Group-9560-1.png,site/wp-content/uploads/2025/03/Group-9560-1.png,200,image/png,262226,html:inline-script browser:image dom:desktop
https://pandaexteriors.com/wp-content/uploads/2025/03/Group-9561.png,site/wp-content/uploads/2025/03/Group-9561.png,200,image/png,374550,html:inline-script
https://pandaexteriors.com/wp-content/uploads/2025/03/Group-9562.png,site/wp-content/uploads/2025/03/Group-9562.png,200,image/png,352145,html:inline-script
https://pandaexteriors.com/wp-content/uploads/2025/03/Icon-1.png,site/wp-content/uploads/2025/03/Icon-1.png,200,image/png,813,dom:desktop dom:mobile html:img[data-lazy-src]
https://pandaexteriors.com/wp-content/uploads/2025/03/Icon-1.png.webp,site/wp-content/uploads/2025/03/Icon-1.png.webp,200,image/webp,1562,browser:image dom:desktop dom:mobile
https://pandaexteriors.com/wp-content/uploads/2025/03/Icon.png,site/wp-content/uploads/2025/03/Icon.png,200,image/png,1024,dom:desktop dom:mobile html:img[data-lazy-src]
https://pandaexteriors.com/wp-content/uploads/2025/03/Icon.png.webp,site/wp-content/uploads/2025/03/Icon.png.webp,200,image/webp,1592,browser:image dom:desktop dom:mobile
https://pandaexteriors.com/wp-content/uploads/2025/03/image-1-5-226x300.png,site/wp-content/uploads/2025/03/image-1-5-226x300.png,200,image/png,65619,dom:desktop dom:mobile html:img[data-lazy-srcset]
https://pandaexteriors.com/wp-content/uploads/2025/03/image-1-5-226x300.png.webp,site/wp-content/uploads/2025/03/image-1-5-226x300.png.webp,200,image/webp,31876,dom:desktop dom:mobile html:source[data-lazy-srcset]
https://pandaexteriors.com/wp-content/uploads/2025/03/image-1-5.png,site/wp-content/uploads/2025/03/image-1-5.png,200,image/png,142239,dom:desktop dom:mobile html:img[data-lazy-srcset]
https://pandaexteriors.com/wp-content/uploads/2025/03/image-1-5.png.webp,site/wp-content/uploads/2025/03/image-1-5.png.webp,200,image/webp,61748,browser:image dom:desktop dom:mobile
https://pandaexteriors.com/wp-content/uploads/2025/03/Image-orange.png,site/wp-content/uploads/2025/03/Image-orange.png,200,image/png,458033,browser:image dom:desktop html:inline-script
https://pandaexteriors.com/wp-content/uploads/2025/03/images-150x150.jpg,,404,text/html,320,dom:desktop dom:mobile html:img[data-lazy-srcset]
https://pandaexteriors.com/wp-content/uploads/2025/03/images.jpg,,404,text/html,320,dom:desktop dom:mobile html:img[data-lazy-srcset]
https://pandaexteriors.com/wp-content/uploads/2025/03/Kathy-Thayer.png,site/wp-content/uploads/2025/03/Kathy-Thayer.png,200,image/png,3465,dom:desktop dom:mobile html:img[data-lazy-src]
https://pandaexteriors.com/wp-content/uploads/2025/03/Kathy-Thayer.png.webp,site/wp-content/uploads/2025/03/Kathy-Thayer.png.webp,200,image/webp,1266,dom:desktop dom:mobile html:source[data-lazy-srcset]
https://pandaexteriors.com/wp-content/uploads/2025/03/Location.png,site/wp-content/uploads/2025/03/Location.png,200,image/png,1589,dom:desktop dom:mobile html:img[src]
https://pandaexteriors.com/wp-content/uploads/2025/03/Location.png.webp,site/wp-content/uploads/2025/03/Location.png.webp,200,image/webp,1956,browser:image dom:desktop dom:mobile
https://pandaexteriors.com/wp-content/uploads/2025/03/Mask-group.png,site/wp-content/uploads/2025/03/Mask-group.png,200,image/png,25311,html:inline-script browser:image dom:desktop
https://pandaexteriors.com/wp-content/uploads/2025/03/Mercy-Anane.png,site/wp-content/uploads/2025/03/Mercy-Anane.png,200,image/png,3663,dom:desktop dom:mobile html:img[data-lazy-src]
https://pandaexteriors.com/wp-content/uploads/2025/03/Mercy-Anane.png.webp,site/wp-content/uploads/2025/03/Mercy-Anane.png.webp,200,image/webp,1264,dom:desktop dom:mobile html:source[data-lazy-srcset]
https://pandaexteriors.com/wp-content/uploads/2025/03/pin-2-150x150.png,site/wp-content/uploads/2025/03/pin-2-150x150.png,200,image/png,3281,dom:desktop dom:mobile html:img[srcset]
https://pandaexteriors.com/wp-content/uploads/2025/03/pin-2-300x300.png,site/wp-content/uploads/2025/03/pin-2-300x300.png,200,image/png,7479,dom:desktop dom:mobile html:img[srcset]
https://pandaexteriors.com/wp-content/uploads/2025/03/pin-2.png,site/wp-content/uploads/2025/03/pin-2.png,200,image/png,2902,browser:image dom:desktop dom:mobile
https://pandaexteriors.com/wp-content/uploads/2025/03/preview-2-300x289.png,site/wp-content/uploads/2025/03/preview-2-300x289.png,200,image/png,146010,dom:desktop dom:mobile html:img[data-lazy-srcset]
https://pandaexteriors.com/wp-content/uploads/2025/03/preview-2-300x289.png.webp,site/wp-content/uploads/2025/03/preview-2-300x289.png.webp,200,image/webp,22136,dom:desktop dom:mobile html:source[data-lazy-srcset]
https://pandaexteriors.com/wp-content/uploads/2025/03/preview-2.png,site/wp-content/uploads/2025/03/preview-2.png,200,image/png,486920,dom:desktop dom:mobile html:img[data-lazy-srcset]
https://pandaexteriors.com/wp-content/uploads/2025/03/preview-2.png.webp,site/wp-content/uploads/2025/03/preview-2.png.webp,200,image/webp,111854,browser:image dom:desktop dom:mobile
https://pandaexteriors.com/wp-content/uploads/2025/03/preview-3-1024x704.jpg,site/wp-content/uploads/2025/03/preview-3-1024x704.jpg,200,image/jpeg,100780,dom:desktop dom:mobile html:img[data-lazy-srcset]
https://pandaexteriors.com/wp-content/uploads/2025/03/preview-3-1024x704.jpg.webp,site/wp-content/uploads/2025/03/preview-3-1024x704.jpg.webp,200,image/webp,71714,dom:desktop dom:mobile html:source[data-lazy-srcset]
https://pandaexteriors.com/wp-content/uploads/2025/03/preview-3-300x206.jpg,site/wp-content/uploads/2025/03/preview-3-300x206.jpg,200,image/jpeg,12479,dom:desktop dom:mobile html:img[data-lazy-srcset]
https://pandaexteriors.com/wp-content/uploads/2025/03/preview-3-300x206.jpg.webp,site/wp-content/uploads/2025/03/preview-3-300x206.jpg.webp,200,image/webp,9984,dom:desktop dom:mobile html:source[data-lazy-srcset]
https://pandaexteriors.com/wp-content/uploads/2025/03/preview-3-768x528.jpg,site/wp-content/uploads/2025/03/preview-3-768x528.jpg,200,image/jpeg,63405,dom:desktop dom:mobile html:img[data-lazy-srcset]
https://pandaexteriors.com/wp-content/uploads/2025/03/preview-3-768x528.jpg.webp,site/wp-content/uploads/2025/03/preview-3-768x528.jpg.webp,200,image/webp,48918,dom:desktop browser:image dom:mobile
https://pandaexteriors.com/wp-content/uploads/2025/03/preview-3.jpg,site/wp-content/uploads/2025/03/preview-3.jpg,200,image/jpeg,134147,dom:desktop dom:mobile html:img[data-lazy-srcset]
https://pandaexteriors.com/wp-content/uploads/2025/03/preview-3.jpg.webp,site/wp-content/uploads/2025/03/preview-3.jpg.webp,200,image/webp,103106,browser:image dom:desktop dom:mobile
https://pandaexteriors.com/wp-content/uploads/2025/03/preview-300x289.png,site/wp-content/uploads/2025/03/preview-300x289.png,200,image/png,133567,dom:desktop dom:mobile html:img[data-lazy-srcset]
https://pandaexteriors.com/wp-content/uploads/2025/03/preview-300x289.png.webp,site/wp-content/uploads/2025/03/preview-300x289.png.webp,200,image/webp,16674,dom:desktop dom:mobile html:source[data-lazy-srcset]
https://pandaexteriors.com/wp-content/uploads/2025/03/preview-4-1024x683.jpg,site/wp-content/uploads/2025/03/preview-4-1024x683.jpg,200,image/jpeg,51907,dom:desktop dom:mobile html:img[data-lazy-srcset]
https://pandaexteriors.com/wp-content/uploads/2025/03/preview-4-1024x683.jpg.webp,site/wp-content/uploads/2025/03/preview-4-1024x683.jpg.webp,200,image/webp,28580,dom:desktop dom:mobile html:source[data-lazy-srcset]
https://pandaexteriors.com/wp-content/uploads/2025/03/preview-4-300x200.jpg,site/wp-content/uploads/2025/03/preview-4-300x200.jpg,200,image/jpeg,8905,dom:desktop dom:mobile html:img[data-lazy-srcset]
https://pandaexteriors.com/wp-content/uploads/2025/03/preview-4-300x200.jpg.webp,site/wp-content/uploads/2025/03/preview-4-300x200.jpg.webp,200,image/webp,6500,dom:desktop dom:mobile html:source[data-lazy-srcset]
https://pandaexteriors.com/wp-content/uploads/2025/03/preview-4-768x512.jpg,site/wp-content/uploads/2025/03/preview-4-768x512.jpg,200,image/jpeg,34068,dom:desktop dom:mobile html:img[data-lazy-srcset]
https://pandaexteriors.com/wp-content/uploads/2025/03/preview-4-768x512.jpg.webp,site/wp-content/uploads/2025/03/preview-4-768x512.jpg.webp,200,image/webp,20316,dom:desktop browser:image dom:mobile
https://pandaexteriors.com/wp-content/uploads/2025/03/preview-4.jpg,site/wp-content/uploads/2025/03/preview-4.jpg,200,image/jpeg,69084,dom:desktop dom:mobile html:img[data-lazy-srcset]
https://pandaexteriors.com/wp-content/uploads/2025/03/preview-4.jpg.webp,site/wp-content/uploads/2025/03/preview-4.jpg.webp,200,image/webp,40460,browser:image dom:desktop dom:mobile
https://pandaexteriors.com/wp-content/uploads/2025/03/preview-5-1024x600.png,site/wp-content/uploads/2025/03/preview-5-1024x600.png,200,image/png,967239,dom:desktop dom:mobile html:img[data-lazy-srcset]
https://pandaexteriors.com/wp-content/uploads/2025/03/preview-5-1024x600.png.webp,site/wp-content/uploads/2025/03/preview-5-1024x600.png.webp,200,image/webp,104784,dom:desktop dom:mobile html:source[data-lazy-srcset]
https://pandaexteriors.com/wp-content/uploads/2025/03/preview-5-1024x682.jpg,site/wp-content/uploads/2025/03/preview-5-1024x682.jpg,200,image/jpeg,147236,dom:desktop dom:mobile html:img[srcset]
https://pandaexteriors.com/wp-content/uploads/2025/03/preview-5-1024x682.jpg.webp,site/wp-content/uploads/2025/03/preview-5-1024x682.jpg.webp,200,image/webp,126352,dom:desktop dom:mobile html:link[imagesrcset]
https://pandaexteriors.com/wp-content/uploads/2025/03/preview-5-300x176.png,site/wp-content/uploads/2025/03/preview-5-300x176.png,200,image/png,85682,dom:desktop dom:mobile html:img[data-lazy-srcset]
https://pandaexteriors.com/wp-content/uploads/2025/03/preview-5-300x176.png.webp,site/wp-content/uploads/2025/03/preview-5-300x176.png.webp,200,image/webp,11334,dom:desktop dom:mobile html:source[data-lazy-srcset]
https://pandaexteriors.com/wp-content/uploads/2025/03/preview-5-300x200.jpg,site/wp-content/uploads/2025/03/preview-5-300x200.jpg,200,image/jpeg,13849,dom:desktop dom:mobile html:img[srcset]
https://pandaexteriors.com/wp-content/uploads/2025/03/preview-5-300x200.jpg.webp,site/wp-content/uploads/2025/03/preview-5-300x200.jpg.webp,200,image/webp,12590,dom:desktop dom:mobile html:link[imagesrcset]
https://pandaexteriors.com/wp-content/uploads/2025/03/preview-5-768x450.png,site/wp-content/uploads/2025/03/preview-5-768x450.png,200,image/png,547812,dom:desktop dom:mobile html:img[data-lazy-srcset]
https://pandaexteriors.com/wp-content/uploads/2025/03/preview-5-768x450.png.webp,site/wp-content/uploads/2025/03/preview-5-768x450.png.webp,200,image/webp,63954,dom:desktop browser:image dom:mobile
https://pandaexteriors.com/wp-content/uploads/2025/03/preview-5-768x512.jpg,site/wp-content/uploads/2025/03/preview-5-768x512.jpg,200,image/jpeg,83147,dom:desktop dom:mobile html:img[srcset]
https://pandaexteriors.com/wp-content/uploads/2025/03/preview-5-768x512.jpg.webp,site/wp-content/uploads/2025/03/preview-5-768x512.jpg.webp,200,image/webp,71430,dom:desktop browser:image dom:mobile
https://pandaexteriors.com/wp-content/uploads/2025/03/preview-5.jpg,site/wp-content/uploads/2025/03/preview-5.jpg,200,image/jpeg,246218,dom:desktop dom:mobile html:meta[og:image]
https://pandaexteriors.com/wp-content/uploads/2025/03/preview-5.jpg.webp,site/wp-content/uploads/2025/03/preview-5.jpg.webp,200,image/webp,235616,browser:image dom:desktop dom:mobile
https://pandaexteriors.com/wp-content/uploads/2025/03/preview-5.png,site/wp-content/uploads/2025/03/preview-5.png,200,image/png,384789,dom:desktop dom:mobile html:img[data-lazy-srcset]
https://pandaexteriors.com/wp-content/uploads/2025/03/preview-5.png.webp,site/wp-content/uploads/2025/03/preview-5.png.webp,200,image/webp,179706,browser:image dom:desktop dom:mobile
https://pandaexteriors.com/wp-content/uploads/2025/03/preview.png,site/wp-content/uploads/2025/03/preview.png,200,image/png,406933,dom:desktop dom:mobile html:img[data-lazy-srcset]
https://pandaexteriors.com/wp-content/uploads/2025/03/preview.png.webp,site/wp-content/uploads/2025/03/preview.png.webp,200,image/webp,83434,browser:image dom:desktop dom:mobile
https://pandaexteriors.com/wp-content/uploads/2025/03/services-areas-1-300x217.png,site/wp-content/uploads/2025/03/services-areas-1-300x217.png,200,image/png,91432,dom:desktop dom:mobile html:img[data-lazy-srcset]
https://pandaexteriors.com/wp-content/uploads/2025/03/services-areas-1-300x217.png.webp,site/wp-content/uploads/2025/03/services-areas-1-300x217.png.webp,200,image/webp,20010,dom:desktop dom:mobile html:source[data-lazy-srcset]
https://pandaexteriors.com/wp-content/uploads/2025/03/services-areas-1.png,site/wp-content/uploads/2025/03/services-areas-1.png,200,image/png,302744,dom:desktop dom:mobile html:img[data-lazy-srcset]
https://pandaexteriors.com/wp-content/uploads/2025/03/services-areas-1.png.webp,site/wp-content/uploads/2025/03/services-areas-1.png.webp,200,image/webp,60144,browser:image dom:desktop dom:mobile
https://pandaexteriors.com/wp-content/uploads/2025/03/starstarstarstarstar.png,site/wp-content/uploads/2025/03/starstarstarstarstar.png,200,image/png,645,dom:desktop dom:mobile html:img[data-lazy-src]
https://pandaexteriors.com/wp-content/uploads/2025/03/starstarstarstarstar.png.webp,site/wp-content/uploads/2025/03/starstarstarstarstar.png.webp,200,image/webp,986,browser:image dom:desktop dom:mobile
https://pandaexteriors.com/wp-content/uploads/2025/03/Symbol.png,site/wp-content/uploads/2025/03/Symbol.png,200,image/png,270,dom:desktop dom:mobile html:img[data-lazy-src]
https://pandaexteriors.com/wp-content/uploads/2025/03/Symbol.png.webp,site/wp-content/uploads/2025/03/Symbol.png.webp,200,image/webp,266,browser:image dom:desktop dom:mobile
https://pandaexteriors.com/wp-content/uploads/2025/03/Tonya-perry.png,site/wp-content/uploads/2025/03/Tonya-perry.png,200,image/png,2834,dom:desktop dom:mobile html:img[data-lazy-src]
https://pandaexteriors.com/wp-content/uploads/2025/03/Tonya-perry.png.webp,site/wp-content/uploads/2025/03/Tonya-perry.png.webp,200,image/webp,1338,dom:desktop dom:mobile html:source[data-lazy-srcset]
https://pandaexteriors.com/wp-content/uploads/2025/03/V-1.0-Reviews.png,site/wp-content/uploads/2025/03/V-1.0-Reviews.png,200,image/png,33814,html:inline-script browser:image dom:desktop
https://pandaexteriors.com/wp-content/uploads/2025/03/Vector-1.png,site/wp-content/uploads/2025/03/Vector-1.png,200,image/png,180,dom:desktop dom:mobile html:img[data-lazy-src]
https://pandaexteriors.com/wp-content/uploads/2025/03/Vector-1.png.webp,site/wp-content/uploads/2025/03/Vector-1.png.webp,200,image/webp,146,browser:image dom:desktop dom:mobile
https://pandaexteriors.com/wp-content/uploads/2025/03/Vector-2.png,site/wp-content/uploads/2025/03/Vector-2.png,200,image/png,195,dom:desktop dom:mobile html:img[src]
https://pandaexteriors.com/wp-content/uploads/2025/03/Vector-2.png.webp,site/wp-content/uploads/2025/03/Vector-2.png.webp,200,image/webp,214,browser:image dom:desktop dom:mobile
https://pandaexteriors.com/wp-content/uploads/2025/03/Vector-3.png,site/wp-content/uploads/2025/03/Vector-3.png,200,image/png,194,dom:desktop dom:mobile html:img[src]
https://pandaexteriors.com/wp-content/uploads/2025/03/Vector-3.png.webp,site/wp-content/uploads/2025/03/Vector-3.png.webp,200,image/webp,228,browser:image dom:desktop dom:mobile
https://pandaexteriors.com/wp-content/uploads/2025/03/Vector.png,site/wp-content/uploads/2025/03/Vector.png,200,image/png,179,dom:desktop dom:mobile html:img[data-lazy-src]
https://pandaexteriors.com/wp-content/uploads/2025/03/Vector.png.webp,site/wp-content/uploads/2025/03/Vector.png.webp,200,image/webp,156,browser:image dom:desktop dom:mobile
https://pandaexteriors.com/wp-content/uploads/2025/03/WordPress--300x180.png,site/wp-content/uploads/2025/03/WordPress--300x180.png,200,image/png,68170,dom:desktop dom:mobile html:img[data-lazy-srcset]
https://pandaexteriors.com/wp-content/uploads/2025/03/WordPress--300x180.png.webp,site/wp-content/uploads/2025/03/WordPress--300x180.png.webp,200,image/webp,10148,dom:desktop dom:mobile html:source[data-lazy-srcset]
https://pandaexteriors.com/wp-content/uploads/2025/03/WordPress--768x461.png,site/wp-content/uploads/2025/03/WordPress--768x461.png,200,image/png,333949,dom:desktop dom:mobile html:img[data-lazy-srcset]
https://pandaexteriors.com/wp-content/uploads/2025/03/WordPress--768x461.png.webp,site/wp-content/uploads/2025/03/WordPress--768x461.png.webp,200,image/webp,35590,dom:desktop browser:image dom:mobile
https://pandaexteriors.com/wp-content/uploads/2025/03/WordPress-.png,site/wp-content/uploads/2025/03/WordPress-.png,200,image/png,576440,dom:desktop dom:mobile html:img[data-lazy-srcset]
https://pandaexteriors.com/wp-content/uploads/2025/03/WordPress-.png.webp,site/wp-content/uploads/2025/03/WordPress-.png.webp,200,image/webp,54650,browser:image dom:desktop dom:mobile
https://pandaexteriors.com/wp-content/uploads/2025/04/51d2ed67-a432-4105-a85b-e500c856ba9d-1024x768.jpg,site/wp-content/uploads/2025/04/51d2ed67-a432-4105-a85b-e500c856ba9d-1024x768.jpg,200,image/jpeg,196614,dom:desktop dom:mobile html:img[srcset]
https://pandaexteriors.com/wp-content/uploads/2025/04/51d2ed67-a432-4105-a85b-e500c856ba9d-1024x768.jpg.webp,site/wp-content/uploads/2025/04/51d2ed67-a432-4105-a85b-e500c856ba9d-1024x768.jpg.webp,200,image/webp,160406,dom:desktop dom:mobile html:source[srcset]
https://pandaexteriors.com/wp-content/uploads/2025/04/51d2ed67-a432-4105-a85b-e500c856ba9d-300x225.jpg,site/wp-content/uploads/2025/04/51d2ed67-a432-4105-a85b-e500c856ba9d-300x225.jpg,200,image/jpeg,19153,dom:desktop dom:mobile html:img[srcset]
https://pandaexteriors.com/wp-content/uploads/2025/04/51d2ed67-a432-4105-a85b-e500c856ba9d-300x225.jpg.webp,site/wp-content/uploads/2025/04/51d2ed67-a432-4105-a85b-e500c856ba9d-300x225.jpg.webp,200,image/webp,15978,dom:desktop dom:mobile html:source[srcset]
https://pandaexteriors.com/wp-content/uploads/2025/04/51d2ed67-a432-4105-a85b-e500c856ba9d-768x576.jpg,site/wp-content/uploads/2025/04/51d2ed67-a432-4105-a85b-e500c856ba9d-768x576.jpg,200,image/jpeg,113738,dom:desktop dom:mobile html:img[srcset]
https://pandaexteriors.com/wp-content/uploads/2025/04/51d2ed67-a432-4105-a85b-e500c856ba9d-768x576.jpg.webp,site/wp-content/uploads/2025/04/51d2ed67-a432-4105-a85b-e500c856ba9d-768x576.jpg.webp,200,image/webp,93502,dom:desktop browser:image dom:mobile
https://pandaexteriors.com/wp-content/uploads/2025/04/51d2ed67-a432-4105-a85b-e500c856ba9d.jpg,site/wp-content/uploads/2025/04/51d2ed67-a432-4105-a85b-e500c856ba9d.jpg,200,image/jpeg,405698,dom:desktop dom:mobile html:img[src]
https://pandaexteriors.com/wp-content/uploads/2025/04/51d2ed67-a432-4105-a85b-e500c856ba9d.jpg.webp,site/wp-content/uploads/2025/04/51d2ed67-a432-4105-a85b-e500c856ba9d.jpg.webp,200,image/webp,254106,browser:image dom:desktop dom:mobile
https://pandaexteriors.com/wp-content/uploads/2025/04/6f4eb58b-0dae-4266-af83-75ef6935f60a.jpg,site/wp-content/uploads/2025/04/6f4eb58b-0dae-4266-af83-75ef6935f60a.jpg,200,image/jpeg,220512,html:inline-script browser:image dom:desktop
https://pandaexteriors.com/wp-content/uploads/2025/04/admin-ajax-1.png,site/wp-content/uploads/2025/04/admin-ajax-1.png,200,image/png,10738,dom:desktop dom:mobile html:img[data-lazy-src]
https://pandaexteriors.com/wp-content/uploads/2025/04/admin-ajax-1.png.webp,site/wp-content/uploads/2025/04/admin-ajax-1.png.webp,200,image/webp,4638,browser:image dom:desktop dom:mobile
https://pandaexteriors.com/wp-content/uploads/2025/04/admin-ajax.png,site/wp-content/uploads/2025/04/admin-ajax.png,200,image/png,5129,dom:desktop dom:mobile html:img[data-lazy-src]
https://pandaexteriors.com/wp-content/uploads/2025/04/admin-ajax.png.webp,site/wp-content/uploads/2025/04/admin-ajax.png.webp,200,image/webp,5076,browser:image dom:desktop dom:mobile
https://pandaexteriors.com/wp-content/uploads/2025/04/ArrowUpRight.png,site/wp-content/uploads/2025/04/ArrowUpRight.png,200,image/png,247,dom:desktop dom:mobile html:inline-script
https://pandaexteriors.com/wp-content/uploads/2025/04/ArrowUpRight.png.webp,site/wp-content/uploads/2025/04/ArrowUpRight.png.webp,200,image/webp,262,browser:image dom:desktop dom:mobile
https://pandaexteriors.com/wp-content/uploads/2025/04/Attic-Insulation-Interior-1024x683.jpg,site/wp-content/uploads/2025/04/Attic-Insulation-Interior-1024x683.jpg,200,image/jpeg,150538,dom:desktop dom:mobile html:img[srcset]
https://pandaexteriors.com/wp-content/uploads/2025/04/Attic-Insulation-Interior-1024x683.jpg.webp,site/wp-content/uploads/2025/04/Attic-Insulation-Interior-1024x683.jpg.webp,200,image/webp,109274,dom:desktop dom:mobile html:source[srcset]
https://pandaexteriors.com/wp-content/uploads/2025/04/Attic-Insulation-Interior-300x200.jpg,site/wp-content/uploads/2025/04/Attic-Insulation-Interior-300x200.jpg,200,image/jpeg,16289,dom:desktop dom:mobile html:img[srcset]
https://pandaexteriors.com/wp-content/uploads/2025/04/Attic-Insulation-Interior-300x200.jpg.webp,site/wp-content/uploads/2025/04/Attic-Insulation-Interior-300x200.jpg.webp,200,image/webp,13612,dom:desktop dom:mobile html:source[srcset]
https://pandaexteriors.com/wp-content/uploads/2025/04/Attic-Insulation-Interior-768x512.jpg,site/wp-content/uploads/2025/04/Attic-Insulation-Interior-768x512.jpg,200,image/jpeg,89226,dom:desktop dom:mobile html:img[srcset]
https://pandaexteriors.com/wp-content/uploads/2025/04/Attic-Insulation-Interior-768x512.jpg.webp,site/wp-content/uploads/2025/04/Attic-Insulation-Interior-768x512.jpg.webp,200,image/webp,65640,dom:desktop browser:image dom:mobile
https://pandaexteriors.com/wp-content/uploads/2025/04/Attic-Insulation-Interior.jpg,site/wp-content/uploads/2025/04/Attic-Insulation-Interior.jpg,200,image/jpeg,307586,dom:desktop dom:mobile html:img[src]
https://pandaexteriors.com/wp-content/uploads/2025/04/Attic-Insulation-Interior.jpg.webp,site/wp-content/uploads/2025/04/Attic-Insulation-Interior.jpg.webp,200,image/webp,172416,browser:image dom:desktop dom:mobile
https://pandaexteriors.com/wp-content/uploads/2025/04/Attic-Insulation.jpg,site/wp-content/uploads/2025/04/Attic-Insulation.jpg,200,image/jpeg,230977,html:inline-script browser:image dom:desktop
https://pandaexteriors.com/wp-content/uploads/2025/04/awards-300x196.png,site/wp-content/uploads/2025/04/awards-300x196.png,200,image/png,35065,dom:desktop dom:mobile html:img[srcset]
https://pandaexteriors.com/wp-content/uploads/2025/04/awards-300x196.png.webp,site/wp-content/uploads/2025/04/awards-300x196.png.webp,200,image/webp,13330,dom:desktop dom:mobile html:link[imagesrcset]
https://pandaexteriors.com/wp-content/uploads/2025/04/awards.png,site/wp-content/uploads/2025/04/awards.png,200,image/png,54388,dom:desktop dom:mobile html:img[src]
https://pandaexteriors.com/wp-content/uploads/2025/04/awards.png.webp,site/wp-content/uploads/2025/04/awards.png.webp,200,image/webp,22376,browser:image dom:desktop dom:mobile
https://pandaexteriors.com/wp-content/uploads/2025/04/brand-andersen-300x44-1.png,site/wp-content/uploads/2025/04/brand-andersen-300x44-1.png,200,image/png,7019,dom:desktop dom:mobile html:img[data-lazy-src]
https://pandaexteriors.com/wp-content/uploads/2025/04/brand-andersen-300x44-1.png.webp,site/wp-content/uploads/2025/04/brand-andersen-300x44-1.png.webp,200,image/webp,4968,browser:image dom:desktop dom:mobile
https://pandaexteriors.com/wp-content/uploads/2025/04/brand-certainteed.png,site/wp-content/uploads/2025/04/brand-certainteed.png,200,image/png,5752,dom:desktop dom:mobile html:img[data-lazy-src]
https://pandaexteriors.com/wp-content/uploads/2025/04/brand-certainteed.png.webp,site/wp-content/uploads/2025/04/brand-certainteed.png.webp,200,image/webp,5076,browser:image dom:desktop dom:mobile
https://pandaexteriors.com/wp-content/uploads/2025/04/brand-gaf-pledge.png,site/wp-content/uploads/2025/04/brand-gaf-pledge.png,200,image/png,10178,dom:desktop dom:mobile html:img[data-lazy-src]
https://pandaexteriors.com/wp-content/uploads/2025/04/brand-gaf-pledge.png.webp,site/wp-content/uploads/2025/04/brand-gaf-pledge.png.webp,200,image/webp,4214,browser:image dom:desktop dom:mobile
https://pandaexteriors.com/wp-content/uploads/2025/04/brand-gaf.png,site/wp-content/uploads/2025/04/brand-gaf.png,200,image/png,16722,dom:desktop dom:mobile html:img[data-lazy-src]
https://pandaexteriors.com/wp-content/uploads/2025/04/brand-gaf.png.webp,site/wp-content/uploads/2025/04/brand-gaf.png.webp,200,image/webp,7662,browser:image dom:desktop dom:mobile
https://pandaexteriors.com/wp-content/uploads/2025/04/brand-jameshardie-300x60-2.png,site/wp-content/uploads/2025/04/brand-jameshardie-300x60-2.png,200,image/png,5746,dom:desktop dom:mobile html:img[data-lazy-src]
https://pandaexteriors.com/wp-content/uploads/2025/04/brand-jameshardie-300x60-2.png.webp,site/wp-content/uploads/2025/04/brand-jameshardie-300x60-2.png.webp,200,image/webp,4866,browser:image dom:desktop dom:mobile
https://pandaexteriors.com/wp-content/uploads/2025/04/brand-jameshardie-300x60.png,site/wp-content/uploads/2025/04/brand-jameshardie-300x60.png,200,image/png,5746,dom:desktop dom:mobile html:img[data-lazy-srcset]
https://pandaexteriors.com/wp-content/uploads/2025/04/brand-jameshardie-300x60.png.webp,site/wp-content/uploads/2025/04/brand-jameshardie-300x60.png.webp,200,image/webp,4866,dom:desktop dom:mobile html:source[data-lazy-srcset]
https://pandaexteriors.com/wp-content/uploads/2025/04/brand-jameshardie.png,site/wp-content/uploads/2025/04/brand-jameshardie.png,200,image/png,2614,dom:desktop dom:mobile html:img[data-lazy-srcset]
https://pandaexteriors.com/wp-content/uploads/2025/04/brand-jameshardie.png.webp,site/wp-content/uploads/2025/04/brand-jameshardie.png.webp,200,image/webp,4812,browser:image dom:desktop dom:mobile
https://pandaexteriors.com/wp-content/uploads/2025/04/Christy-Miller.png,,404,text/html,320,browser:image dom:desktop dom:mobile
https://pandaexteriors.com/wp-content/uploads/2025/04/circle-sec-19.png,site/wp-content/uploads/2025/04/circle-sec-19.png,200,image/png,843,dom:desktop dom:mobile html:img[data-lazy-src]
https://pandaexteriors.com/wp-content/uploads/2025/04/circle-sec-19.png.webp,site/wp-content/uploads/2025/04/circle-sec-19.png.webp,200,image/webp,1410,browser:image dom:desktop dom:mobile
https://pandaexteriors.com/wp-content/uploads/2025/04/circle-sec-20.png,site/wp-content/uploads/2025/04/circle-sec-20.png,200,image/png,710,browser:image dom:desktop dom:mobile
https://pandaexteriors.com/wp-content/uploads/2025/04/circle-sec-23.png,site/wp-content/uploads/2025/04/circle-sec-23.png,200,image/png,832,dom:desktop dom:mobile html:img[data-lazy-src]
https://pandaexteriors.com/wp-content/uploads/2025/04/circle-sec-23.png.webp,site/wp-content/uploads/2025/04/circle-sec-23.png.webp,200,image/webp,1448,browser:image dom:desktop dom:mobile
https://pandaexteriors.com/wp-content/uploads/2025/04/circle-sec-28.png,site/wp-content/uploads/2025/04/circle-sec-28.png,200,image/png,1262,dom:desktop dom:mobile html:img[data-lazy-src]
https://pandaexteriors.com/wp-content/uploads/2025/04/circle-sec-28.png.webp,site/wp-content/uploads/2025/04/circle-sec-28.png.webp,200,image/webp,1390,browser:image dom:desktop dom:mobile
https://pandaexteriors.com/wp-content/uploads/2025/04/circle-sec-29.png,site/wp-content/uploads/2025/04/circle-sec-29.png,200,image/png,1310,dom:desktop dom:mobile html:img[data-lazy-src]
https://pandaexteriors.com/wp-content/uploads/2025/04/circle-sec-29.png.webp,site/wp-content/uploads/2025/04/circle-sec-29.png.webp,200,image/webp,1366,browser:image dom:desktop dom:mobile
https://pandaexteriors.com/wp-content/uploads/2025/04/circle-sec-30.png,site/wp-content/uploads/2025/04/circle-sec-30.png,200,image/png,1251,dom:desktop dom:mobile html:img[data-lazy-src]
https://pandaexteriors.com/wp-content/uploads/2025/04/circle-sec-30.png.webp,site/wp-content/uploads/2025/04/circle-sec-30.png.webp,200,image/webp,1422,browser:image dom:desktop dom:mobile
https://pandaexteriors.com/wp-content/uploads/2025/04/Commercial-Roofing-Home.png,site/wp-content/uploads/2025/04/Commercial-Roofing-Home.png,200,image/png,264499,dom:desktop dom:mobile html:img[data-lazy-src]
https://pandaexteriors.com/wp-content/uploads/2025/04/Commercial-Roofing-Home.png.webp,site/wp-content/uploads/2025/04/Commercial-Roofing-Home.png.webp,200,image/webp,30908,browser:image dom:desktop dom:mobile
https://pandaexteriors.com/wp-content/uploads/2025/04/Commerical-Roofing-Project-300x200.jpg,site/wp-content/uploads/2025/04/Commerical-Roofing-Project-300x200.jpg,200,image/jpeg,12093,dom:desktop dom:mobile html:img[data-lazy-srcset]
https://pandaexteriors.com/wp-content/uploads/2025/04/Commerical-Roofing-Project-300x200.jpg.webp,site/wp-content/uploads/2025/04/Commerical-Roofing-Project-300x200.jpg.webp,200,image/webp,10296,dom:desktop dom:mobile html:source[data-lazy-srcset]
https://pandaexteriors.com/wp-content/uploads/2025/04/Commerical-Roofing-Project-768x512.jpg,site/wp-content/uploads/2025/04/Commerical-Roofing-Project-768x512.jpg,200,image/jpeg,65747,dom:desktop dom:mobile html:img[data-lazy-srcset]
https://pandaexteriors.com/wp-content/uploads/2025/04/Commerical-Roofing-Project-768x512.jpg.webp,site/wp-content/uploads/2025/04/Commerical-Roofing-Project-768x512.jpg.webp,200,image/webp,49302,dom:desktop browser:image dom:mobile
https://pandaexteriors.com/wp-content/uploads/2025/04/Commerical-Roofing-Project.jpg,site/wp-content/uploads/2025/04/Commerical-Roofing-Project.jpg,200,image/jpeg,159105,dom:desktop dom:mobile html:img[data-lazy-srcset]
https://pandaexteriors.com/wp-content/uploads/2025/04/Commerical-Roofing-Project.jpg.webp,site/wp-content/uploads/2025/04/Commerical-Roofing-Project.jpg.webp,200,image/webp,88554,browser:image dom:desktop dom:mobile
https://pandaexteriors.com/wp-content/uploads/2025/04/Core-Logo-4c.jpeg,site/wp-content/uploads/2025/04/Core-Logo-4c.jpeg,200,image/jpeg,141675,html:inline-script browser:image dom:desktop
https://pandaexteriors.com/wp-content/uploads/2025/04/f3a7c528-b3b4-430a-b237-d3bd1cbd3f1c-226x300.jpg,site/wp-content/uploads/2025/04/f3a7c528-b3b4-430a-b237-d3bd1cbd3f1c-226x300.jpg,200,image/jpeg,19576,dom:desktop dom:mobile html:img[srcset]
https://pandaexteriors.com/wp-content/uploads/2025/04/f3a7c528-b3b4-430a-b237-d3bd1cbd3f1c-226x300.jpg.webp,site/wp-content/uploads/2025/04/f3a7c528-b3b4-430a-b237-d3bd1cbd3f1c-226x300.jpg.webp,200,image/webp,16194,dom:desktop dom:mobile html:source[srcset]
https://pandaexteriors.com/wp-content/uploads/2025/04/f3a7c528-b3b4-430a-b237-d3bd1cbd3f1c-768x1021.jpg,site/wp-content/uploads/2025/04/f3a7c528-b3b4-430a-b237-d3bd1cbd3f1c-768x1021.jpg,200,image/jpeg,166687,dom:desktop dom:mobile html:img[srcset]
https://pandaexteriors.com/wp-content/uploads/2025/04/f3a7c528-b3b4-430a-b237-d3bd1cbd3f1c-768x1021.jpg.webp,site/wp-content/uploads/2025/04/f3a7c528-b3b4-430a-b237-d3bd1cbd3f1c-768x1021.jpg.webp,200,image/webp,127908,dom:desktop browser:image dom:mobile
https://pandaexteriors.com/wp-content/uploads/2025/04/f3a7c528-b3b4-430a-b237-d3bd1cbd3f1c-770x1024.jpg,site/wp-content/uploads/2025/04/f3a7c528-b3b4-430a-b237-d3bd1cbd3f1c-770x1024.jpg,200,image/jpeg,167507,dom:desktop dom:mobile html:img[srcset]
https://pandaexteriors.com/wp-content/uploads/2025/04/f3a7c528-b3b4-430a-b237-d3bd1cbd3f1c-770x1024.jpg.webp,site/wp-content/uploads/2025/04/f3a7c528-b3b4-430a-b237-d3bd1cbd3f1c-770x1024.jpg.webp,200,image/webp,128200,dom:desktop dom:mobile html:source[srcset]
https://pandaexteriors.com/wp-content/uploads/2025/04/f3a7c528-b3b4-430a-b237-d3bd1cbd3f1c.jpg,site/wp-content/uploads/2025/04/f3a7c528-b3b4-430a-b237-d3bd1cbd3f1c.jpg,200,image/jpeg,442086,dom:desktop dom:mobile html:img[src]
https://pandaexteriors.com/wp-content/uploads/2025/04/f3a7c528-b3b4-430a-b237-d3bd1cbd3f1c.jpg.webp,site/wp-content/uploads/2025/04/f3a7c528-b3b4-430a-b237-d3bd1cbd3f1c.jpg.webp,200,image/webp,244712,browser:image dom:desktop dom:mobile
https://pandaexteriors.com/wp-content/uploads/2025/04/favicon-16x16-1.png,site/wp-content/uploads/2025/04/favicon-16x16-1.png,200,image/png,925,dom:desktop dom:mobile html:link[rel=icon]
https://pandaexteriors.com/wp-content/uploads/2025/04/fb04fcac-9a54-45a7-8530-a3e13d544aae.jpg,site/wp-content/uploads/2025/04/fb04fcac-9a54-45a7-8530-a3e13d544aae.jpg,200,image/jpeg,349078,html:inline-script browser:image dom:desktop
https://pandaexteriors.com/wp-content/uploads/2025/04/fbea6d2d-0aa4-4c1b-a541-5ca3639b1cfc-1.jpg,site/wp-content/uploads/2025/04/fbea6d2d-0aa4-4c1b-a541-5ca3639b1cfc-1.jpg,200,image/jpeg,401065,html:inline-script
https://pandaexteriors.com/wp-content/uploads/2025/04/Frame-1000007340-300x99.png,site/wp-content/uploads/2025/04/Frame-1000007340-300x99.png,200,image/png,30945,dom:desktop dom:mobile html:img[srcset]
https://pandaexteriors.com/wp-content/uploads/2025/04/Frame-1000007340-300x99.png.webp,site/wp-content/uploads/2025/04/Frame-1000007340-300x99.png.webp,200,image/webp,10176,dom:desktop dom:mobile html:source[srcset]
https://pandaexteriors.com/wp-content/uploads/2025/04/Frame-1000007340.png,site/wp-content/uploads/2025/04/Frame-1000007340.png,200,image/png,36526,dom:desktop dom:mobile html:img[src]
https://pandaexteriors.com/wp-content/uploads/2025/04/Frame-1000007340.png.webp,site/wp-content/uploads/2025/04/Frame-1000007340.png.webp,200,image/webp,18444,browser:image dom:desktop dom:mobile
https://pandaexteriors.com/wp-content/uploads/2025/04/gutter-installation-1024x674.jpg,site/wp-content/uploads/2025/04/gutter-installation-1024x674.jpg,200,image/jpeg,74245,dom:desktop dom:mobile html:img[srcset]
https://pandaexteriors.com/wp-content/uploads/2025/04/gutter-installation-1024x674.jpg.webp,site/wp-content/uploads/2025/04/gutter-installation-1024x674.jpg.webp,200,image/webp,45732,dom:desktop dom:mobile html:source[srcset]
https://pandaexteriors.com/wp-content/uploads/2025/04/gutter-installation-300x198.jpg,site/wp-content/uploads/2025/04/gutter-installation-300x198.jpg,200,image/jpeg,11267,dom:desktop dom:mobile html:img[srcset]
https://pandaexteriors.com/wp-content/uploads/2025/04/gutter-installation-300x198.jpg.webp,site/wp-content/uploads/2025/04/gutter-installation-300x198.jpg.webp,200,image/webp,8388,dom:desktop dom:mobile html:source[srcset]
https://pandaexteriors.com/wp-content/uploads/2025/04/gutter-installation-768x506.jpg,site/wp-content/uploads/2025/04/gutter-installation-768x506.jpg,200,image/jpeg,47417,dom:desktop dom:mobile html:img[srcset]
https://pandaexteriors.com/wp-content/uploads/2025/04/gutter-installation-768x506.jpg.webp,site/wp-content/uploads/2025/04/gutter-installation-768x506.jpg.webp,200,image/webp,30584,dom:desktop browser:image dom:mobile
https://pandaexteriors.com/wp-content/uploads/2025/04/gutter-installation.jpg,site/wp-content/uploads/2025/04/gutter-installation.jpg,200,image/jpeg,135705,dom:desktop dom:mobile html:img[src]
https://pandaexteriors.com/wp-content/uploads/2025/04/gutter-installation.jpg.webp,site/wp-content/uploads/2025/04/gutter-installation.jpg.webp,200,image/webp,62438,browser:image dom:desktop dom:mobile
https://pandaexteriors.com/wp-content/uploads/2025/04/Gutter-System.jpg,site/wp-content/uploads/2025/04/Gutter-System.jpg,200,image/jpeg,292440,html:inline-script browser:image dom:desktop
https://pandaexteriors.com/wp-content/uploads/2025/04/hero-commercial-roofing.jpg,site/wp-content/uploads/2025/04/hero-commercial-roofing.jpg,200,image/jpeg,176443,html:inline-script browser:image dom:desktop
https://pandaexteriors.com/wp-content/uploads/2025/04/hero-gutters.jpg,site/wp-content/uploads/2025/04/hero-gutters.jpg,200,image/jpeg,88006,html:inline-script browser:image dom:desktop
https://pandaexteriors.com/wp-content/uploads/2025/04/hero-roofing.jpg,site/wp-content/uploads/2025/04/hero-roofing.jpg,200,image/jpeg,250824,html:inline-script browser:image dom:desktop
https://pandaexteriors.com/wp-content/uploads/2025/04/icon-project.png,site/wp-content/uploads/2025/04/icon-project.png,200,image/png,456,html:inline-script
https://pandaexteriors.com/wp-content/uploads/2025/04/inc-1.png,site/wp-content/uploads/2025/04/inc-1.png,200,image/png,24413,dom:desktop dom:mobile html:img[data-lazy-src]
https://pandaexteriors.com/wp-content/uploads/2025/04/inc-1.png.webp,site/wp-content/uploads/2025/04/inc-1.png.webp,200,image/webp,7160,browser:image dom:desktop dom:mobile
https://pandaexteriors.com/wp-content/uploads/2025/04/inc-2004.png,site/wp-content/uploads/2025/04/inc-2004.png,200,image/png,25688,dom:desktop dom:mobile html:img[data-lazy-src]
https://pandaexteriors.com/wp-content/uploads/2025/04/inc-2004.png.webp,site/wp-content/uploads/2025/04/inc-2004.png.webp,200,image/webp,7590,browser:image dom:desktop dom:mobile
https://pandaexteriors.com/wp-content/uploads/2025/04/Inc-trio-300x100.png,site/wp-content/uploads/2025/04/Inc-trio-300x100.png,200,image/png,31151,dom:desktop dom:mobile html:img[data-lazy-srcset]
https://pandaexteriors.com/wp-content/uploads/2025/04/Inc-trio-300x100.png.webp,site/wp-content/uploads/2025/04/Inc-trio-300x100.png.webp,200,image/webp,7796,dom:desktop dom:mobile html:source[data-lazy-srcset]
https://pandaexteriors.com/wp-content/uploads/2025/04/Inc-trio-768x255.png,site/wp-content/uploads/2025/04/Inc-trio-768x255.png,200,image/png,136378,dom:desktop dom:mobile html:img[data-lazy-srcset]
https://pandaexteriors.com/wp-content/uploads/2025/04/Inc-trio-768x255.png.webp,site/wp-content/uploads/2025/04/Inc-trio-768x255.png.webp,200,image/webp,31540,dom:desktop browser:image dom:mobile
https://pandaexteriors.com/wp-content/uploads/2025/04/Inc-trio.png,site/wp-content/uploads/2025/04/Inc-trio.png,200,image/png,124238,dom:desktop dom:mobile html:img[data-lazy-srcset]
https://pandaexteriors.com/wp-content/uploads/2025/04/Inc-trio.png.webp,site/wp-content/uploads/2025/04/Inc-trio.png.webp,200,image/webp,36452,browser:image dom:desktop dom:mobile
https://pandaexteriors.com/wp-content/uploads/2025/04/Panda-Exteriors-Now-Hiring.jpg,site/wp-content/uploads/2025/04/Panda-Exteriors-Now-Hiring.jpg,200,image/jpeg,266387,dom:desktop dom:mobile html:img[data-lazy-src]
https://pandaexteriors.com/wp-content/uploads/2025/04/Panda-Exteriors-Now-Hiring.jpg.webp,site/wp-content/uploads/2025/04/Panda-Exteriors-Now-Hiring.jpg.webp,200,image/webp,34318,browser:image dom:desktop dom:mobile
https://pandaexteriors.com/wp-content/uploads/2025/04/Panda-Exteriors-Roof-Replacement-Social-Card.png,site/wp-content/uploads/2025/04/Panda-Exteriors-Roof-Replacement-Social-Card.png,200,image/png,913982,dom:desktop dom:mobile html:meta[og:image]
https://pandaexteriors.com/wp-content/uploads/2025/04/Panda-Exteriors-Truck-1024x926.jpg,site/wp-content/uploads/2025/04/Panda-Exteriors-Truck-1024x926.jpg,200,image/jpeg,279554,dom:desktop dom:mobile html:img[srcset]
https://pandaexteriors.com/wp-content/uploads/2025/04/Panda-Exteriors-Truck-1024x926.jpg.webp,site/wp-content/uploads/2025/04/Panda-Exteriors-Truck-1024x926.jpg.webp,200,image/webp,243530,dom:desktop dom:mobile html:link[imagesrcset]
https://pandaexteriors.com/wp-content/uploads/2025/04/Panda-Exteriors-Truck-300x271.jpg,site/wp-content/uploads/2025/04/Panda-Exteriors-Truck-300x271.jpg,200,image/jpeg,25865,dom:desktop dom:mobile html:img[srcset]
https://pandaexteriors.com/wp-content/uploads/2025/04/Panda-Exteriors-Truck-300x271.jpg.webp,site/wp-content/uploads/2025/04/Panda-Exteriors-Truck-300x271.jpg.webp,200,image/webp,22632,dom:desktop dom:mobile html:link[imagesrcset]
https://pandaexteriors.com/wp-content/uploads/2025/04/Panda-Exteriors-Truck-768x694.jpg,site/wp-content/uploads/2025/04/Panda-Exteriors-Truck-768x694.jpg,200,image/jpeg,164557,dom:desktop dom:mobile html:img[srcset]
https://pandaexteriors.com/wp-content/uploads/2025/04/Panda-Exteriors-Truck-768x694.jpg.webp,site/wp-content/uploads/2025/04/Panda-Exteriors-Truck-768x694.jpg.webp,200,image/webp,145016,dom:desktop browser:image dom:mobile
https://pandaexteriors.com/wp-content/uploads/2025/04/Panda-Exteriors-Truck.jpg,site/wp-content/uploads/2025/04/Panda-Exteriors-Truck.jpg,200,image/jpeg,536906,html:inline-script browser:image dom:desktop
https://pandaexteriors.com/wp-content/uploads/2025/04/Panda-Exteriors-Truck.jpg.webp,site/wp-content/uploads/2025/04/Panda-Exteriors-Truck.jpg.webp,200,image/webp,372854,browser:image dom:desktop dom:mobile
https://pandaexteriors.com/wp-content/uploads/2025/04/Patient-First-1024x576.jpg,site/wp-content/uploads/2025/04/Patient-First-1024x576.jpg,200,image/jpeg,109594,dom:desktop dom:mobile html:img[data-lazy-srcset]
https://pandaexteriors.com/wp-content/uploads/2025/04/Patient-First-1024x576.jpg.webp,site/wp-content/uploads/2025/04/Patient-First-1024x576.jpg.webp,200,image/webp,78126,dom:desktop dom:mobile html:source[data-lazy-srcset]
https://pandaexteriors.com/wp-content/uploads/2025/04/Patient-First-300x169.jpg,site/wp-content/uploads/2025/04/Patient-First-300x169.jpg,200,image/jpeg,13180,dom:desktop dom:mobile html:img[data-lazy-srcset]
https://pandaexteriors.com/wp-content/uploads/2025/04/Patient-First-300x169.jpg.webp,site/wp-content/uploads/2025/04/Patient-First-300x169.jpg.webp,200,image/webp,10560,dom:desktop dom:mobile html:source[data-lazy-srcset]
https://pandaexteriors.com/wp-content/uploads/2025/04/Patient-First-768x432.jpg,site/wp-content/uploads/2025/04/Patient-First-768x432.jpg,200,image/jpeg,66806,dom:desktop dom:mobile html:img[data-lazy-srcset]
https://pandaexteriors.com/wp-content/uploads/2025/04/Patient-First-768x432.jpg.webp,site/wp-content/uploads/2025/04/Patient-First-768x432.jpg.webp,200,image/webp,49400,dom:desktop browser:image dom:mobile
https://pandaexteriors.com/wp-content/uploads/2025/04/Patient-First.jpg,site/wp-content/uploads/2025/04/Patient-First.jpg,200,image/jpeg,209792,html:inline-script dom:desktop dom:mobile
https://pandaexteriors.com/wp-content/uploads/2025/04/Patient-First.jpg.webp,site/wp-content/uploads/2025/04/Patient-First.jpg.webp,200,image/webp,110158,browser:image dom:desktop dom:mobile
https://pandaexteriors.com/wp-content/uploads/2025/04/Residential-Roofing.jpeg,site/wp-content/uploads/2025/04/Residential-Roofing.jpeg,200,image/jpeg,303456,html:inline-script browser:image dom:desktop
https://pandaexteriors.com/wp-content/uploads/2025/04/Roof-Replacement-1024x576.jpg,site/wp-content/uploads/2025/04/Roof-Replacement-1024x576.jpg,200,image/jpeg,142699,dom:desktop dom:mobile html:img[data-lazy-srcset]
https://pandaexteriors.com/wp-content/uploads/2025/04/Roof-Replacement-1024x576.jpg.webp,site/wp-content/uploads/2025/04/Roof-Replacement-1024x576.jpg.webp,200,image/webp,114502,dom:desktop dom:mobile html:source[data-lazy-srcset]
https://pandaexteriors.com/wp-content/uploads/2025/04/Roof-Replacement-300x169.jpg,site/wp-content/uploads/2025/04/Roof-Replacement-300x169.jpg,200,image/jpeg,16084,dom:desktop dom:mobile html:img[data-lazy-srcset]
https://pandaexteriors.com/wp-content/uploads/2025/04/Roof-Replacement-300x169.jpg.webp,site/wp-content/uploads/2025/04/Roof-Replacement-300x169.jpg.webp,200,image/webp,13956,dom:desktop dom:mobile html:source[data-lazy-srcset]
https://pandaexteriors.com/wp-content/uploads/2025/04/Roof-Replacement-768x432.jpg,site/wp-content/uploads/2025/04/Roof-Replacement-768x432.jpg,200,image/jpeg,85398,dom:desktop dom:mobile html:img[data-lazy-srcset]
https://pandaexteriors.com/wp-content/uploads/2025/04/Roof-Replacement-768x432.jpg.webp,site/wp-content/uploads/2025/04/Roof-Replacement-768x432.jpg.webp,200,image/webp,69472,dom:desktop browser:image dom:mobile
https://pandaexteriors.com/wp-content/uploads/2025/04/Roof-Replacement.jpg,site/wp-content/uploads/2025/04/Roof-Replacement.jpg,200,image/jpeg,276244,html:inline-script browser:image dom:desktop
https://pandaexteriors.com/wp-content/uploads/2025/04/Roof-Replacement.jpg.webp,site/wp-content/uploads/2025/04/Roof-Replacement.jpg.webp,200,image/webp,174672,browser:image dom:desktop dom:mobile
https://pandaexteriors.com/wp-content/uploads/2025/04/Roofing-Home.png,site/wp-content/uploads/2025/04/Roofing-Home.png,200,image/png,222183,dom:desktop dom:mobile html:img[data-lazy-src]
https://pandaexteriors.com/wp-content/uploads/2025/04/Roofing-Home.png.webp,site/wp-content/uploads/2025/04/Roofing-Home.png.webp,200,image/webp,27032,browser:image dom:desktop dom:mobile
https://pandaexteriors.com/wp-content/uploads/2025/04/Roofing-Repairs.jpg,site/wp-content/uploads/2025/04/Roofing-Repairs.jpg,200,image/jpeg,191016,html:inline-script browser:image dom:desktop
https://pandaexteriors.com/wp-content/uploads/2025/04/Roofing-Shingles.jpg,site/wp-content/uploads/2025/04/Roofing-Shingles.jpg,200,image/jpeg,171828,html:inline-script browser:image dom:desktop
https://pandaexteriors.com/wp-content/uploads/2025/04/roofing-types-and-materials.jpg,site/wp-content/uploads/2025/04/roofing-types-and-materials.jpg,200,image/jpeg,272611,html:inline-script browser:image dom:desktop
https://pandaexteriors.com/wp-content/uploads/2025/04/Solar-Panda.jpeg,site/wp-content/uploads/2025/04/Solar-Panda.jpeg,200,image/jpeg,75433,html:inline-script browser:image dom:desktop
https://pandaexteriors.com/wp-content/uploads/2025/04/Solar-Roofing-Home.png,site/wp-content/uploads/2025/04/Solar-Roofing-Home.png,200,image/png,263311,dom:desktop dom:mobile html:img[data-lazy-src]
https://pandaexteriors.com/wp-content/uploads/2025/04/Solar-Roofing-Home.png.webp,site/wp-content/uploads/2025/04/Solar-Roofing-Home.png.webp,200,image/webp,40804,browser:image dom:desktop dom:mobile
https://pandaexteriors.com/wp-content/uploads/2025/05/Facebook-1-1024x538.png,site/wp-content/uploads/2025/05/Facebook-1-1024x538.png,200,image/png,117834,dom:desktop dom:mobile html:img[srcset]
https://pandaexteriors.com/wp-content/uploads/2025/05/Facebook-1-1024x538.png.webp,site/wp-content/uploads/2025/05/Facebook-1-1024x538.png.webp,200,image/webp,59808,dom:desktop dom:mobile html:link[imagesrcset]
https://pandaexteriors.com/wp-content/uploads/2025/05/Facebook-1-300x158.png,site/wp-content/uploads/2025/05/Facebook-1-300x158.png,200,image/png,19461,dom:desktop dom:mobile html:img[srcset]
https://pandaexteriors.com/wp-content/uploads/2025/05/Facebook-1-300x158.png.webp,site/wp-content/uploads/2025/05/Facebook-1-300x158.png.webp,200,image/webp,11180,dom:desktop dom:mobile html:link[imagesrcset]
https://pandaexteriors.com/wp-content/uploads/2025/05/Facebook-1-768x403.png,site/wp-content/uploads/2025/05/Facebook-1-768x403.png,200,image/png,76651,dom:desktop dom:mobile html:img[srcset]
https://pandaexteriors.com/wp-content/uploads/2025/05/Facebook-1-768x403.png.webp,site/wp-content/uploads/2025/05/Facebook-1-768x403.png.webp,200,image/webp,41600,dom:desktop browser:image dom:mobile
https://pandaexteriors.com/wp-content/uploads/2025/05/Facebook-1.png,site/wp-content/uploads/2025/05/Facebook-1.png,200,image/png,495272,dom:desktop dom:mobile html:meta[og:image]
https://pandaexteriors.com/wp-content/uploads/2025/05/Facebook-1.png.webp,site/wp-content/uploads/2025/05/Facebook-1.png.webp,200,image/webp,76210,browser:image dom:desktop dom:mobile
https://pandaexteriors.com/wp-content/uploads/2025/05/Facebook-1024x538.png,site/wp-content/uploads/2025/05/Facebook-1024x538.png,200,image/png,500331,dom:desktop dom:mobile html:img[srcset]
https://pandaexteriors.com/wp-content/uploads/2025/05/Facebook-1024x538.png.webp,site/wp-content/uploads/2025/05/Facebook-1024x538.png.webp,200,image/webp,59996,dom:desktop dom:mobile html:link[imagesrcset]
https://pandaexteriors.com/wp-content/uploads/2025/05/Facebook-300x158.png,site/wp-content/uploads/2025/05/Facebook-300x158.png,200,image/png,55971,dom:desktop dom:mobile html:img[srcset]
https://pandaexteriors.com/wp-content/uploads/2025/05/Facebook-300x158.png.webp,site/wp-content/uploads/2025/05/Facebook-300x158.png.webp,200,image/webp,9586,dom:desktop dom:mobile html:link[imagesrcset]
https://pandaexteriors.com/wp-content/uploads/2025/05/Facebook-768x403.png,site/wp-content/uploads/2025/05/Facebook-768x403.png,200,image/png,298033,dom:desktop dom:mobile html:img[srcset]
https://pandaexteriors.com/wp-content/uploads/2025/05/Facebook-768x403.png.webp,site/wp-content/uploads/2025/05/Facebook-768x403.png.webp,200,image/webp,38710,dom:desktop browser:image dom:mobile
https://pandaexteriors.com/wp-content/uploads/2025/05/Facebook.png,site/wp-content/uploads/2025/05/Facebook.png,200,image/png,796887,dom:desktop dom:mobile html:meta[og:image]
https://pandaexteriors.com/wp-content/uploads/2025/05/Facebook.png.webp,site/wp-content/uploads/2025/05/Facebook.png.webp,200,image/webp,90104,browser:image dom:desktop dom:mobile
https://pandaexteriors.com/wp-content/uploads/2025/05/GAF-Metal-Certified-Panda-Exteriors.png,site/wp-content/uploads/2025/05/GAF-Metal-Certified-Panda-Exteriors.png,200,image/png,10202,dom:desktop dom:mobile html:img[data-lazy-src]
https://pandaexteriors.com/wp-content/uploads/2025/05/GAF-Metal-Certified-Panda-Exteriors.png.webp,site/wp-content/uploads/2025/05/GAF-Metal-Certified-Panda-Exteriors.png.webp,200,image/webp,4576,browser:image dom:desktop dom:mobile
https://pandaexteriors.com/wp-content/uploads/2025/05/GAF-Solar-Shingle-Installation-1-1024x576.jpg,site/wp-content/uploads/2025/05/GAF-Solar-Shingle-Installation-1-1024x576.jpg,200,image/jpeg,111403,dom:desktop dom:mobile html:img[data-lazy-srcset]
https://pandaexteriors.com/wp-content/uploads/2025/05/GAF-Solar-Shingle-Installation-1-1024x576.jpg.webp,site/wp-content/uploads/2025/05/GAF-Solar-Shingle-Installation-1-1024x576.jpg.webp,200,image/webp,78052,dom:desktop dom:mobile html:source[data-lazy-srcset]
https://pandaexteriors.com/wp-content/uploads/2025/05/GAF-Solar-Shingle-Installation-1-300x169.jpg,site/wp-content/uploads/2025/05/GAF-Solar-Shingle-Installation-1-300x169.jpg,200,image/jpeg,11046,dom:desktop dom:mobile html:img[data-lazy-srcset]
https://pandaexteriors.com/wp-content/uploads/2025/05/GAF-Solar-Shingle-Installation-1-300x169.jpg.webp,site/wp-content/uploads/2025/05/GAF-Solar-Shingle-Installation-1-300x169.jpg.webp,200,image/webp,7978,dom:desktop dom:mobile html:source[data-lazy-srcset]
https://pandaexteriors.com/wp-content/uploads/2025/05/GAF-Solar-Shingle-Installation-1-768x432.jpg,site/wp-content/uploads/2025/05/GAF-Solar-Shingle-Installation-1-768x432.jpg,200,image/jpeg,63986,dom:desktop dom:mobile html:img[data-lazy-srcset]
https://pandaexteriors.com/wp-content/uploads/2025/05/GAF-Solar-Shingle-Installation-1-768x432.jpg.webp,site/wp-content/uploads/2025/05/GAF-Solar-Shingle-Installation-1-768x432.jpg.webp,200,image/webp,45038,dom:desktop browser:image dom:mobile
https://pandaexteriors.com/wp-content/uploads/2025/05/GAF-Solar-Shingle-Installation-1.jpg,site/wp-content/uploads/2025/05/GAF-Solar-Shingle-Installation-1.jpg,200,image/jpeg,525986,html:inline-script dom:desktop dom:mobile
https://pandaexteriors.com/wp-content/uploads/2025/05/GAF-Solar-Shingle-Installation-1.jpg.webp,site/wp-content/uploads/2025/05/GAF-Solar-Shingle-Installation-1.jpg.webp,200,image/webp,186656,browser:image dom:desktop dom:mobile
https://pandaexteriors.com/wp-content/uploads/2025/05/GAF-Solar-Shingle-Installation-1024x576.jpg,site/wp-content/uploads/2025/05/GAF-Solar-Shingle-Installation-1024x576.jpg,200,image/jpeg,111403,dom:desktop dom:mobile html:img[data-lazy-srcset]
https://pandaexteriors.com/wp-content/uploads/2025/05/GAF-Solar-Shingle-Installation-1024x576.jpg.webp,site/wp-content/uploads/2025/05/GAF-Solar-Shingle-Installation-1024x576.jpg.webp,200,image/webp,78052,dom:desktop dom:mobile html:source[data-lazy-srcset]
https://pandaexteriors.com/wp-content/uploads/2025/05/GAF-Solar-Shingle-Installation-300x169.jpg,site/wp-content/uploads/2025/05/GAF-Solar-Shingle-Installation-300x169.jpg,200,image/jpeg,11046,dom:desktop dom:mobile html:img[data-lazy-srcset]
https://pandaexteriors.com/wp-content/uploads/2025/05/GAF-Solar-Shingle-Installation-300x169.jpg.webp,site/wp-content/uploads/2025/05/GAF-Solar-Shingle-Installation-300x169.jpg.webp,200,image/webp,7978,dom:desktop dom:mobile html:source[data-lazy-srcset]
https://pandaexteriors.com/wp-content/uploads/2025/05/GAF-Solar-Shingle-Installation-768x432.jpg,site/wp-content/uploads/2025/05/GAF-Solar-Shingle-Installation-768x432.jpg,200,image/jpeg,63986,dom:desktop dom:mobile html:img[data-lazy-srcset]
https://pandaexteriors.com/wp-content/uploads/2025/05/GAF-Solar-Shingle-Installation-768x432.jpg.webp,site/wp-content/uploads/2025/05/GAF-Solar-Shingle-Installation-768x432.jpg.webp,200,image/webp,45038,dom:desktop browser:image dom:mobile
https://pandaexteriors.com/wp-content/uploads/2025/05/GAF-Solar-Shingle-Installation.jpg,site/wp-content/uploads/2025/05/GAF-Solar-Shingle-Installation.jpg,200,image/jpeg,525986,dom:desktop dom:mobile html:img[data-lazy-srcset]
https://pandaexteriors.com/wp-content/uploads/2025/05/GAF-Solar-Shingle-Installation.jpg.webp,site/wp-content/uploads/2025/05/GAF-Solar-Shingle-Installation.jpg.webp,200,image/webp,186656,browser:image dom:desktop dom:mobile
https://pandaexteriors.com/wp-content/uploads/2025/05/Image-4-1024x132.png,site/wp-content/uploads/2025/05/Image-4-1024x132.png,200,image/png,26442,dom:desktop dom:mobile html:img[data-lazy-srcset]
https://pandaexteriors.com/wp-content/uploads/2025/05/Image-4-1024x132.png.webp,site/wp-content/uploads/2025/05/Image-4-1024x132.png.webp,200,image/webp,29094,browser:image dom:desktop dom:mobile
https://pandaexteriors.com/wp-content/uploads/2025/05/Image-4-1536x198.png,site/wp-content/uploads/2025/05/Image-4-1536x198.png,200,image/png,44219,dom:desktop dom:mobile html:img[data-lazy-srcset]
https://pandaexteriors.com/wp-content/uploads/2025/05/Image-4-2048x264.png,site/wp-content/uploads/2025/05/Image-4-2048x264.png,200,image/png,62398,dom:desktop dom:mobile html:img[data-lazy-srcset]
https://pandaexteriors.com/wp-content/uploads/2025/05/Image-4-300x39.png,site/wp-content/uploads/2025/05/Image-4-300x39.png,200,image/png,5575,dom:desktop dom:mobile html:img[data-lazy-srcset]
https://pandaexteriors.com/wp-content/uploads/2025/05/Image-4-300x39.png.webp,site/wp-content/uploads/2025/05/Image-4-300x39.png.webp,200,image/webp,3504,dom:desktop dom:mobile html:source[data-lazy-srcset]
https://pandaexteriors.com/wp-content/uploads/2025/05/Image-4-768x99.png,site/wp-content/uploads/2025/05/Image-4-768x99.png,200,image/png,18321,dom:desktop dom:mobile html:img[data-lazy-srcset]
https://pandaexteriors.com/wp-content/uploads/2025/05/Image-4-768x99.png.webp,site/wp-content/uploads/2025/05/Image-4-768x99.png.webp,200,image/webp,17630,dom:desktop browser:image dom:mobile
https://pandaexteriors.com/wp-content/uploads/2025/05/Image-4.png,site/wp-content/uploads/2025/05/Image-4.png,200,image/png,50567,dom:desktop dom:mobile html:img[data-lazy-srcset]
https://pandaexteriors.com/wp-content/uploads/2025/05/item_19ea236e-ea45-4c67-b09d-85ae2170d35c.jpg,site/wp-content/uploads/2025/05/item_19ea236e-ea45-4c67-b09d-85ae2170d35c.jpg,200,image/jpeg,898960,dom:desktop dom:mobile html:img[data-lazy-src]
https://pandaexteriors.com/wp-content/uploads/2025/05/item_19ea236e-ea45-4c67-b09d-85ae2170d35c.jpg.webp,site/wp-content/uploads/2025/05/item_19ea236e-ea45-4c67-b09d-85ae2170d35c.jpg.webp,200,image/webp,300052,browser:image dom:desktop dom:mobile
https://pandaexteriors.com/wp-content/uploads/2025/05/item_365962e8-638f-4055-b621-fa8b23f83e8f.jpg,site/wp-content/uploads/2025/05/item_365962e8-638f-4055-b621-fa8b23f83e8f.jpg,200,image/jpeg,493400,dom:desktop dom:mobile html:img[data-lazy-src]
https://pandaexteriors.com/wp-content/uploads/2025/05/item_365962e8-638f-4055-b621-fa8b23f83e8f.jpg.webp,site/wp-content/uploads/2025/05/item_365962e8-638f-4055-b621-fa8b23f83e8f.jpg.webp,200,image/webp,176920,browser:image dom:desktop dom:mobile
https://pandaexteriors.com/wp-content/uploads/2025/05/item_47b6199e-9677-4d0d-a9b2-eb0474d32c28.jpg,site/wp-content/uploads/2025/05/item_47b6199e-9677-4d0d-a9b2-eb0474d32c28.jpg,200,image/jpeg,775228,dom:desktop dom:mobile html:img[data-lazy-src]
https://pandaexteriors.com/wp-content/uploads/2025/05/item_47b6199e-9677-4d0d-a9b2-eb0474d32c28.jpg.webp,site/wp-content/uploads/2025/05/item_47b6199e-9677-4d0d-a9b2-eb0474d32c28.jpg.webp,200,image/webp,208874,browser:image dom:desktop dom:mobile
https://pandaexteriors.com/wp-content/uploads/2025/05/item_5cfe91f4-9b37-4055-bd93-fb8229cdb085.jpg,site/wp-content/uploads/2025/05/item_5cfe91f4-9b37-4055-bd93-fb8229cdb085.jpg,200,image/jpeg,978130,dom:desktop dom:mobile html:img[data-lazy-src]
https://pandaexteriors.com/wp-content/uploads/2025/05/item_5cfe91f4-9b37-4055-bd93-fb8229cdb085.jpg.webp,site/wp-content/uploads/2025/05/item_5cfe91f4-9b37-4055-bd93-fb8229cdb085.jpg.webp,200,image/webp,351114,browser:image dom:desktop dom:mobile
https://pandaexteriors.com/wp-content/uploads/2025/05/item_621dce2d-ce84-412c-bef7-cb7f2eed6540.jpg,site/wp-content/uploads/2025/05/item_621dce2d-ce84-412c-bef7-cb7f2eed6540.jpg,200,image/jpeg,969445,dom:desktop dom:mobile html:img[data-lazy-src]
https://pandaexteriors.com/wp-content/uploads/2025/05/item_621dce2d-ce84-412c-bef7-cb7f2eed6540.jpg.webp,site/wp-content/uploads/2025/05/item_621dce2d-ce84-412c-bef7-cb7f2eed6540.jpg.webp,200,image/webp,355390,browser:image dom:desktop dom:mobile
https://pandaexteriors.com/wp-content/uploads/2025/05/item_6c34585c-b132-422f-a83f-3833ff8c2599.jpg,site/wp-content/uploads/2025/05/item_6c34585c-b132-422f-a83f-3833ff8c2599.jpg,200,image/jpeg,1185005,dom:desktop dom:mobile html:img[data-lazy-src]
https://pandaexteriors.com/wp-content/uploads/2025/05/item_6c34585c-b132-422f-a83f-3833ff8c2599.jpg.webp,site/wp-content/uploads/2025/05/item_6c34585c-b132-422f-a83f-3833ff8c2599.jpg.webp,200,image/webp,525286,browser:image dom:desktop dom:mobile
https://pandaexteriors.com/wp-content/uploads/2025/05/item_888a096a-fda6-4f8b-888d-ce6121b0b245.jpg,site/wp-content/uploads/2025/05/item_888a096a-fda6-4f8b-888d-ce6121b0b245.jpg,200,image/jpeg,632019,dom:desktop dom:mobile html:img[data-lazy-src]
https://pandaexteriors.com/wp-content/uploads/2025/05/item_888a096a-fda6-4f8b-888d-ce6121b0b245.jpg.webp,site/wp-content/uploads/2025/05/item_888a096a-fda6-4f8b-888d-ce6121b0b245.jpg.webp,200,image/webp,267960,browser:image dom:desktop dom:mobile
https://pandaexteriors.com/wp-content/uploads/2025/05/Twitter-1-1024x576.png,site/wp-content/uploads/2025/05/Twitter-1-1024x576.png,200,image/png,573376,dom:desktop dom:mobile html:img[data-lazy-srcset]
https://pandaexteriors.com/wp-content/uploads/2025/05/Twitter-1-1024x576.png.webp,site/wp-content/uploads/2025/05/Twitter-1-1024x576.png.webp,200,image/webp,66950,dom:desktop dom:mobile html:source[data-lazy-srcset]
https://pandaexteriors.com/wp-content/uploads/2025/05/Twitter-1-300x169.png,site/wp-content/uploads/2025/05/Twitter-1-300x169.png,200,image/png,64875,dom:desktop dom:mobile html:img[data-lazy-srcset]
https://pandaexteriors.com/wp-content/uploads/2025/05/Twitter-1-300x169.png.webp,site/wp-content/uploads/2025/05/Twitter-1-300x169.png.webp,200,image/webp,11592,dom:desktop dom:mobile html:source[data-lazy-srcset]
https://pandaexteriors.com/wp-content/uploads/2025/05/Twitter-1-768x432.png,site/wp-content/uploads/2025/05/Twitter-1-768x432.png,200,image/png,343466,dom:desktop dom:mobile html:img[data-lazy-srcset]
https://pandaexteriors.com/wp-content/uploads/2025/05/Twitter-1-768x432.png.webp,site/wp-content/uploads/2025/05/Twitter-1-768x432.png.webp,200,image/webp,44698,dom:desktop browser:image dom:mobile
https://pandaexteriors.com/wp-content/uploads/2025/05/Twitter-1.png,site/wp-content/uploads/2025/05/Twitter-1.png,200,image/png,834229,dom:desktop dom:mobile html:img[data-lazy-srcset]
https://pandaexteriors.com/wp-content/uploads/2025/05/Twitter-1.png.webp,site/wp-content/uploads/2025/05/Twitter-1.png.webp,200,image/webp,96768,browser:image dom:desktop dom:mobile
https://pandaexteriors.com/wp-content/uploads/2025/06/blog-header-1-1024x576.png,site/wp-content/uploads/2025/06/blog-header-1-1024x576.png,200,image/png,153910,dom:desktop dom:mobile html:img[srcset]
https://pandaexteriors.com/wp-content/uploads/2025/06/blog-header-1-1024x576.png.webp,site/wp-content/uploads/2025/06/blog-header-1-1024x576.png.webp,200,image/webp,84722,dom:desktop dom:mobile html:link[imagesrcset]
https://pandaexteriors.com/wp-content/uploads/2025/06/blog-header-1-300x169.png,site/wp-content/uploads/2025/06/blog-header-1-300x169.png,200,image/png,21644,dom:desktop dom:mobile html:img[srcset]
https://pandaexteriors.com/wp-content/uploads/2025/06/blog-header-1-300x169.png.webp,site/wp-content/uploads/2025/06/blog-header-1-300x169.png.webp,200,image/webp,13418,dom:desktop dom:mobile html:link[imagesrcset]
https://pandaexteriors.com/wp-content/uploads/2025/06/blog-header-1-768x432.png,site/wp-content/uploads/2025/06/blog-header-1-768x432.png,200,image/png,94967,dom:desktop dom:mobile html:img[srcset]
https://pandaexteriors.com/wp-content/uploads/2025/06/blog-header-1-768x432.png.webp,site/wp-content/uploads/2025/06/blog-header-1-768x432.png.webp,200,image/webp,55314,dom:desktop browser:image dom:mobile
https://pandaexteriors.com/wp-content/uploads/2025/06/blog-header-1.png,site/wp-content/uploads/2025/06/blog-header-1.png,200,image/png,691106,dom:desktop dom:mobile html:meta[og:image]
https://pandaexteriors.com/wp-content/uploads/2025/06/blog-header-1.png.webp,site/wp-content/uploads/2025/06/blog-header-1.png.webp,200,image/webp,113940,browser:image dom:desktop dom:mobile
https://pandaexteriors.com/wp-content/uploads/2025/06/Blog-header-V1-1024x576.png,site/wp-content/uploads/2025/06/Blog-header-V1-1024x576.png,200,image/png,204822,dom:desktop dom:mobile html:img[srcset]
https://pandaexteriors.com/wp-content/uploads/2025/06/Blog-header-V1-1024x576.png.webp,site/wp-content/uploads/2025/06/Blog-header-V1-1024x576.png.webp,200,image/webp,94066,dom:desktop dom:mobile html:link[imagesrcset]
https://pandaexteriors.com/wp-content/uploads/2025/06/Blog-header-V1-300x169.png,site/wp-content/uploads/2025/06/Blog-header-V1-300x169.png,200,image/png,27478,dom:desktop dom:mobile html:img[srcset]
https://pandaexteriors.com/wp-content/uploads/2025/06/Blog-header-V1-300x169.png.webp,site/wp-content/uploads/2025/06/Blog-header-V1-300x169.png.webp,200,image/webp,14178,dom:desktop dom:mobile html:link[imagesrcset]
https://pandaexteriors.com/wp-content/uploads/2025/06/Blog-header-V1-768x432.png,site/wp-content/uploads/2025/06/Blog-header-V1-768x432.png,200,image/png,127808,dom:desktop dom:mobile html:img[srcset]
https://pandaexteriors.com/wp-content/uploads/2025/06/Blog-header-V1-768x432.png.webp,site/wp-content/uploads/2025/06/Blog-header-V1-768x432.png.webp,200,image/webp,60886,dom:desktop browser:image dom:mobile
https://pandaexteriors.com/wp-content/uploads/2025/06/Blog-header-V1.png,site/wp-content/uploads/2025/06/Blog-header-V1.png,200,image/png,954527,dom:desktop dom:mobile html:meta[og:image]
https://pandaexteriors.com/wp-content/uploads/2025/06/Blog-header-V1.png.webp,site/wp-content/uploads/2025/06/Blog-header-V1.png.webp,200,image/webp,126578,browser:image dom:desktop dom:mobile
https://pandaexteriors.com/wp-content/uploads/2025/06/Blog-header-V2-1024x576.png,site/wp-content/uploads/2025/06/Blog-header-V2-1024x576.png,200,image/png,235544,dom:desktop dom:mobile html:img[data-lazy-srcset]
https://pandaexteriors.com/wp-content/uploads/2025/06/Blog-header-V2-1024x576.png.webp,site/wp-content/uploads/2025/06/Blog-header-V2-1024x576.png.webp,200,image/webp,95470,dom:desktop dom:mobile html:source[data-lazy-srcset]
https://pandaexteriors.com/wp-content/uploads/2025/06/Blog-header-V2-300x169.png,site/wp-content/uploads/2025/06/Blog-header-V2-300x169.png,200,image/png,29097,dom:desktop dom:mobile html:img[data-lazy-srcset]
https://pandaexteriors.com/wp-content/uploads/2025/06/Blog-header-V2-300x169.png.webp,site/wp-content/uploads/2025/06/Blog-header-V2-300x169.png.webp,200,image/webp,14988,dom:desktop dom:mobile html:source[data-lazy-srcset]
https://pandaexteriors.com/wp-content/uploads/2025/06/Blog-header-V2-768x432.png,site/wp-content/uploads/2025/06/Blog-header-V2-768x432.png,200,image/png,143630,dom:desktop dom:mobile html:img[data-lazy-srcset]
https://pandaexteriors.com/wp-content/uploads/2025/06/Blog-header-V2-768x432.png.webp,site/wp-content/uploads/2025/06/Blog-header-V2-768x432.png.webp,200,image/webp,62310,dom:desktop browser:image dom:mobile
https://pandaexteriors.com/wp-content/uploads/2025/06/Blog-header-V2.png,site/wp-content/uploads/2025/06/Blog-header-V2.png,200,image/png,1069618,dom:desktop dom:mobile html:img[data-lazy-srcset]
https://pandaexteriors.com/wp-content/uploads/2025/06/Blog-header-V2.png.webp,site/wp-content/uploads/2025/06/Blog-header-V2.png.webp,200,image/webp,129688,browser:image dom:desktop dom:mobile
https://pandaexteriors.com/wp-content/uploads/2025/06/LinkdIn-2-300x161.png,site/wp-content/uploads/2025/06/LinkdIn-2-300x161.png,200,image/png,22346,dom:desktop dom:mobile html:img[data-lazy-srcset]
https://pandaexteriors.com/wp-content/uploads/2025/06/LinkdIn-2-300x161.png.webp,site/wp-content/uploads/2025/06/LinkdIn-2-300x161.png.webp,200,image/webp,10438,dom:desktop dom:mobile html:source[data-lazy-srcset]
https://pandaexteriors.com/wp-content/uploads/2025/06/LinkdIn-2.png,site/wp-content/uploads/2025/06/LinkdIn-2.png,200,image/png,180694,dom:desktop dom:mobile html:img[data-lazy-srcset]
https://pandaexteriors.com/wp-content/uploads/2025/06/LinkdIn-2.png.webp,site/wp-content/uploads/2025/06/LinkdIn-2.png.webp,200,image/webp,32244,browser:image dom:desktop dom:mobile
https://pandaexteriors.com/wp-content/uploads/2025/07/1-Aug-09-2024-02_22am-io94-scaled.jpg,site/wp-content/uploads/2025/07/1-Aug-09-2024-02_22am-io94-scaled.jpg,200,image/jpeg,871082,dom:desktop dom:mobile html:img[data-lazy-src]
https://pandaexteriors.com/wp-content/uploads/2025/07/1-Aug-09-2024-02_22am-io94-scaled.jpg.webp,site/wp-content/uploads/2025/07/1-Aug-09-2024-02_22am-io94-scaled.jpg.webp,200,image/webp,1445428,browser:image dom:desktop dom:mobile
https://pandaexteriors.com/wp-content/uploads/2025/07/1-Jun-24-2025-09_32am-Qg47-scaled.jpg,site/wp-content/uploads/2025/07/1-Jun-24-2025-09_32am-Qg47-scaled.jpg,200,image/jpeg,634729,dom:desktop dom:mobile html:img[data-lazy-src]
https://pandaexteriors.com/wp-content/uploads/2025/07/1-Jun-24-2025-09_32am-Qg47-scaled.jpg.webp,site/wp-content/uploads/2025/07/1-Jun-24-2025-09_32am-Qg47-scaled.jpg.webp,200,image/webp,493266,browser:image dom:desktop dom:mobile
https://pandaexteriors.com/wp-content/uploads/2025/07/1-Jun-24-2025-09_32am-Qg47.jpg,site/wp-content/uploads/2025/07/1-Jun-24-2025-09_32am-Qg47.jpg,200,image/jpeg,855078,browser:image dom:desktop dom:mobile
https://pandaexteriors.com/wp-content/uploads/2025/07/10-Jul-14-2025-03_23pm-Qrvs.jpg,site/wp-content/uploads/2025/07/10-Jul-14-2025-03_23pm-Qrvs.jpg,200,image/jpeg,635573,browser:image dom:desktop dom:mobile
https://pandaexteriors.com/wp-content/uploads/2025/07/14-Dec-12-2024-01_55am-e6rD.jpg,site/wp-content/uploads/2025/07/14-Dec-12-2024-01_55am-e6rD.jpg,200,image/jpeg,565360,dom:desktop dom:mobile html:img[data-lazy-src]
https://pandaexteriors.com/wp-content/uploads/2025/07/14-Dec-12-2024-01_55am-e6rD.jpg.webp,site/wp-content/uploads/2025/07/14-Dec-12-2024-01_55am-e6rD.jpg.webp,200,image/webp,255074,browser:image dom:desktop dom:mobile
https://pandaexteriors.com/wp-content/uploads/2025/07/19-Dec-12-2024-03_02am-7DWo.jpg,site/wp-content/uploads/2025/07/19-Dec-12-2024-03_02am-7DWo.jpg,200,image/jpeg,614588,dom:desktop dom:mobile html:img[src]
https://pandaexteriors.com/wp-content/uploads/2025/07/19-Dec-12-2024-03_02am-7DWo.jpg.webp,site/wp-content/uploads/2025/07/19-Dec-12-2024-03_02am-7DWo.jpg.webp,200,image/webp,295046,browser:image dom:desktop dom:mobile
https://pandaexteriors.com/wp-content/uploads/2025/07/2-Jul-12-2025-02_36pm-yUzG.jpg,site/wp-content/uploads/2025/07/2-Jul-12-2025-02_36pm-yUzG.jpg,200,image/jpeg,334320,dom:desktop dom:mobile html:img[data-lazy-src]
https://pandaexteriors.com/wp-content/uploads/2025/07/2-Jul-12-2025-02_36pm-yUzG.jpg.webp,site/wp-content/uploads/2025/07/2-Jul-12-2025-02_36pm-yUzG.jpg.webp,200,image/webp,277598,browser:image dom:desktop dom:mobile
https://pandaexteriors.com/wp-content/uploads/2025/07/2025-Capabilties-Statement-1-1024x266.png,site/wp-content/uploads/2025/07/2025-Capabilties-Statement-1-1024x266.png,200,image/png,32513,dom:desktop dom:mobile html:img[data-lazy-srcset]
https://pandaexteriors.com/wp-content/uploads/2025/07/2025-Capabilties-Statement-1-1024x266.png.webp,site/wp-content/uploads/2025/07/2025-Capabilties-Statement-1-1024x266.png.webp,200,image/webp,34998,dom:desktop dom:mobile html:source[data-lazy-srcset]
https://pandaexteriors.com/wp-content/uploads/2025/07/2025-Capabilties-Statement-1-1536x399.png,site/wp-content/uploads/2025/07/2025-Capabilties-Statement-1-1536x399.png,200,image/png,53980,dom:desktop dom:mobile html:img[data-lazy-srcset]
https://pandaexteriors.com/wp-content/uploads/2025/07/2025-Capabilties-Statement-1-2.png,site/wp-content/uploads/2025/07/2025-Capabilties-Statement-1-2.png,200,image/png,783092,dom:desktop dom:mobile html:img[data-lazy-src]
https://pandaexteriors.com/wp-content/uploads/2025/07/2025-Capabilties-Statement-1-2.png.webp,site/wp-content/uploads/2025/07/2025-Capabilties-Statement-1-2.png.webp,200,image/webp,126628,browser:image dom:desktop dom:mobile
https://pandaexteriors.com/wp-content/uploads/2025/07/2025-Capabilties-Statement-1-2048x532.png,site/wp-content/uploads/2025/07/2025-Capabilties-Statement-1-2048x532.png,200,image/png,74966,dom:desktop dom:mobile html:img[data-lazy-srcset]
https://pandaexteriors.com/wp-content/uploads/2025/07/2025-Capabilties-Statement-1-2048x532.png.webp,site/wp-content/uploads/2025/07/2025-Capabilties-Statement-1-2048x532.png.webp,200,image/webp,80702,browser:image dom:desktop dom:mobile
https://pandaexteriors.com/wp-content/uploads/2025/07/2025-Capabilties-Statement-1-300x78.png,site/wp-content/uploads/2025/07/2025-Capabilties-Statement-1-300x78.png,200,image/png,7214,dom:desktop dom:mobile html:img[data-lazy-srcset]
https://pandaexteriors.com/wp-content/uploads/2025/07/2025-Capabilties-Statement-1-300x78.png.webp,site/wp-content/uploads/2025/07/2025-Capabilties-Statement-1-300x78.png.webp,200,image/webp,6200,dom:desktop dom:mobile html:source[data-lazy-srcset]
https://pandaexteriors.com/wp-content/uploads/2025/07/2025-Capabilties-Statement-1-768x199.png,site/wp-content/uploads/2025/07/2025-Capabilties-Statement-1-768x199.png,200,image/png,22925,dom:desktop dom:mobile html:img[data-lazy-srcset]
https://pandaexteriors.com/wp-content/uploads/2025/07/2025-Capabilties-Statement-1-768x199.png.webp,site/wp-content/uploads/2025/07/2025-Capabilties-Statement-1-768x199.png.webp,200,image/webp,24572,dom:desktop browser:image dom:mobile
https://pandaexteriors.com/wp-content/uploads/2025/07/2025-Capabilties-Statement-1-scaled.png,site/wp-content/uploads/2025/07/2025-Capabilties-Statement-1-scaled.png,200,image/png,100495,dom:desktop dom:mobile html:img[data-lazy-srcset]
https://pandaexteriors.com/wp-content/uploads/2025/07/2025-Capabilties-Statement-1-scaled.png.webp,site/wp-content/uploads/2025/07/2025-Capabilties-Statement-1-scaled.png.webp,200,image/webp,102378,dom:desktop dom:mobile html:source[data-lazy-srcset]
https://pandaexteriors.com/wp-content/uploads/2025/07/218828-Big-Head-logo-Color-01.png,site/wp-content/uploads/2025/07/218828-Big-Head-logo-Color-01.png,200,image/png,17672,html:json-ld
https://pandaexteriors.com/wp-content/uploads/2025/07/22-Aug-09-2024-03_14am-FUCJ-1-scaled.jpg,site/wp-content/uploads/2025/07/22-Aug-09-2024-03_14am-FUCJ-1-scaled.jpg,200,image/jpeg,855405,dom:desktop dom:mobile html:img[data-lazy-src]
https://pandaexteriors.com/wp-content/uploads/2025/07/22-Aug-09-2024-03_14am-FUCJ-1-scaled.jpg.webp,site/wp-content/uploads/2025/07/22-Aug-09-2024-03_14am-FUCJ-1-scaled.jpg.webp,200,image/webp,894672,browser:image dom:desktop dom:mobile
https://pandaexteriors.com/wp-content/uploads/2025/07/23-Mar-07-2025-12_46am-bdWn.jpg,site/wp-content/uploads/2025/07/23-Mar-07-2025-12_46am-bdWn.jpg,200,image/jpeg,508188,dom:desktop dom:mobile html:img[data-lazy-src]
https://pandaexteriors.com/wp-content/uploads/2025/07/23-Mar-07-2025-12_46am-bdWn.jpg.webp,site/wp-content/uploads/2025/07/23-Mar-07-2025-12_46am-bdWn.jpg.webp,200,image/webp,194472,browser:image dom:desktop dom:mobile
https://pandaexteriors.com/wp-content/uploads/2025/07/28-Aug-26-2024-12_21am-UcHY-scaled.jpg,site/wp-content/uploads/2025/07/28-Aug-26-2024-12_21am-UcHY-scaled.jpg,200,image/jpeg,745696,dom:desktop dom:mobile html:img[data-lazy-src]
https://pandaexteriors.com/wp-content/uploads/2025/07/28-Aug-26-2024-12_21am-UcHY-scaled.jpg.webp,site/wp-content/uploads/2025/07/28-Aug-26-2024-12_21am-UcHY-scaled.jpg.webp,200,image/webp,710316,browser:image dom:desktop dom:mobile
https://pandaexteriors.com/wp-content/uploads/2025/07/3-Jul-14-2025-07_57am-5LCD.jpg,site/wp-content/uploads/2025/07/3-Jul-14-2025-07_57am-5LCD.jpg,200,image/jpeg,511544,dom:desktop dom:mobile html:img[data-lazy-src]
https://pandaexteriors.com/wp-content/uploads/2025/07/3-Jul-14-2025-07_57am-5LCD.jpg.webp,site/wp-content/uploads/2025/07/3-Jul-14-2025-07_57am-5LCD.jpg.webp,200,image/webp,446068,browser:image dom:desktop dom:mobile
https://pandaexteriors.com/wp-content/uploads/2025/07/31-Apr-10-2025-09_23pm-PQ5H.jpg,site/wp-content/uploads/2025/07/31-Apr-10-2025-09_23pm-PQ5H.jpg,200,image/jpeg,580924,dom:desktop dom:mobile html:img[data-lazy-src]
https://pandaexteriors.com/wp-content/uploads/2025/07/31-Apr-10-2025-09_23pm-PQ5H.jpg.webp,site/wp-content/uploads/2025/07/31-Apr-10-2025-09_23pm-PQ5H.jpg.webp,200,image/webp,258550,browser:image dom:desktop dom:mobile
https://pandaexteriors.com/wp-content/uploads/2025/07/33-Apr-10-2025-09_23pm-XVai.jpg,site/wp-content/uploads/2025/07/33-Apr-10-2025-09_23pm-XVai.jpg,200,image/jpeg,474574,dom:desktop dom:mobile html:img[data-lazy-src]
https://pandaexteriors.com/wp-content/uploads/2025/07/33-Apr-10-2025-09_23pm-XVai.jpg.webp,site/wp-content/uploads/2025/07/33-Apr-10-2025-09_23pm-XVai.jpg.webp,200,image/webp,224266,browser:image dom:desktop dom:mobile
https://pandaexteriors.com/wp-content/uploads/2025/07/34-Apr-10-2025-09_24pm-XCnn.jpg,site/wp-content/uploads/2025/07/34-Apr-10-2025-09_24pm-XCnn.jpg,200,image/jpeg,650345,dom:desktop dom:mobile html:img[data-lazy-src]
https://pandaexteriors.com/wp-content/uploads/2025/07/34-Apr-10-2025-09_24pm-XCnn.jpg.webp,site/wp-content/uploads/2025/07/34-Apr-10-2025-09_24pm-XCnn.jpg.webp,200,image/webp,324120,browser:image dom:desktop dom:mobile
https://pandaexteriors.com/wp-content/uploads/2025/07/36-Aug-27-2024-04_02am-kn5V-scaled.jpg,site/wp-content/uploads/2025/07/36-Aug-27-2024-04_02am-kn5V-scaled.jpg,200,image/jpeg,879676,dom:desktop dom:mobile html:img[data-lazy-src]
https://pandaexteriors.com/wp-content/uploads/2025/07/36-Aug-27-2024-04_02am-kn5V-scaled.jpg.webp,site/wp-content/uploads/2025/07/36-Aug-27-2024-04_02am-kn5V-scaled.jpg.webp,200,image/webp,1020034,browser:image dom:desktop dom:mobile
https://pandaexteriors.com/wp-content/uploads/2025/07/39-Apr-10-2025-09_26pm-bh1J.jpg,site/wp-content/uploads/2025/07/39-Apr-10-2025-09_26pm-bh1J.jpg,200,image/jpeg,442307,dom:desktop dom:mobile html:img[data-lazy-src]
https://pandaexteriors.com/wp-content/uploads/2025/07/39-Apr-10-2025-09_26pm-bh1J.jpg.webp,site/wp-content/uploads/2025/07/39-Apr-10-2025-09_26pm-bh1J.jpg.webp,200,image/webp,223392,browser:image dom:desktop dom:mobile
https://pandaexteriors.com/wp-content/uploads/2025/07/4-Jul-14-2025-08_58am-pm3u-scaled.jpg,site/wp-content/uploads/2025/07/4-Jul-14-2025-08_58am-pm3u-scaled.jpg,200,image/jpeg,428888,dom:desktop dom:mobile html:img[data-lazy-src]
https://pandaexteriors.com/wp-content/uploads/2025/07/4-Jul-14-2025-08_58am-pm3u-scaled.jpg.webp,site/wp-content/uploads/2025/07/4-Jul-14-2025-08_58am-pm3u-scaled.jpg.webp,200,image/webp,380886,browser:image dom:desktop dom:mobile
https://pandaexteriors.com/wp-content/uploads/2025/07/42-Apr-10-2025-09_27pm-D9j1-225x300.jpg,site/wp-content/uploads/2025/07/42-Apr-10-2025-09_27pm-D9j1-225x300.jpg,200,image/jpeg,19339,dom:desktop dom:mobile html:img[srcset]
https://pandaexteriors.com/wp-content/uploads/2025/07/42-Apr-10-2025-09_27pm-D9j1-225x300.jpg.webp,site/wp-content/uploads/2025/07/42-Apr-10-2025-09_27pm-D9j1-225x300.jpg.webp,200,image/webp,15568,dom:desktop browser:image dom:mobile
https://pandaexteriors.com/wp-content/uploads/2025/07/42-Apr-10-2025-09_27pm-D9j1-768x1024.jpg,site/wp-content/uploads/2025/07/42-Apr-10-2025-09_27pm-D9j1-768x1024.jpg,200,image/jpeg,174585,dom:desktop dom:mobile html:img[srcset]
https://pandaexteriors.com/wp-content/uploads/2025/07/42-Apr-10-2025-09_27pm-D9j1-768x1024.jpg.webp,site/wp-content/uploads/2025/07/42-Apr-10-2025-09_27pm-D9j1-768x1024.jpg.webp,200,image/webp,134232,dom:desktop browser:image dom:mobile
https://pandaexteriors.com/wp-content/uploads/2025/07/42-Apr-10-2025-09_27pm-D9j1.jpg,site/wp-content/uploads/2025/07/42-Apr-10-2025-09_27pm-D9j1.jpg,200,image/jpeg,583845,dom:desktop dom:mobile html:meta[og:image]
https://pandaexteriors.com/wp-content/uploads/2025/07/42-Apr-10-2025-09_27pm-D9j1.jpg.webp,site/wp-content/uploads/2025/07/42-Apr-10-2025-09_27pm-D9j1.jpg.webp,200,image/webp,242370,browser:image dom:desktop dom:mobile
https://pandaexteriors.com/wp-content/uploads/2025/07/45-Apr-10-2025-09_37pm-i8Ke.jpg,site/wp-content/uploads/2025/07/45-Apr-10-2025-09_37pm-i8Ke.jpg,200,image/jpeg,687338,dom:desktop dom:mobile html:img[data-lazy-src]
https://pandaexteriors.com/wp-content/uploads/2025/07/45-Apr-10-2025-09_37pm-i8Ke.jpg.webp,site/wp-content/uploads/2025/07/45-Apr-10-2025-09_37pm-i8Ke.jpg.webp,200,image/webp,357002,browser:image dom:desktop dom:mobile
https://pandaexteriors.com/wp-content/uploads/2025/07/45-Aug-28-2024-04_15am-Qv1Q-1152x1536.jpg,site/wp-content/uploads/2025/07/45-Aug-28-2024-04_15am-Qv1Q-1152x1536.jpg,200,image/jpeg,346231,dom:desktop dom:mobile html:img[data-lazy-srcset]
https://pandaexteriors.com/wp-content/uploads/2025/07/45-Aug-28-2024-04_15am-Qv1Q-1536x2048.jpg,site/wp-content/uploads/2025/07/45-Aug-28-2024-04_15am-Qv1Q-1536x2048.jpg,200,image/jpeg,578031,browser:image dom:desktop dom:mobile
https://pandaexteriors.com/wp-content/uploads/2025/07/45-Aug-28-2024-04_15am-Qv1Q-225x300.jpg,site/wp-content/uploads/2025/07/45-Aug-28-2024-04_15am-Qv1Q-225x300.jpg,200,image/jpeg,24862,dom:desktop dom:mobile html:img[data-lazy-srcset]
https://pandaexteriors.com/wp-content/uploads/2025/07/45-Aug-28-2024-04_15am-Qv1Q-768x1024.jpg,site/wp-content/uploads/2025/07/45-Aug-28-2024-04_15am-Qv1Q-768x1024.jpg,200,image/jpeg,168288,dom:desktop browser:image dom:mobile
https://pandaexteriors.com/wp-content/uploads/2025/07/45-Aug-28-2024-04_15am-Qv1Q-scaled.jpg,site/wp-content/uploads/2025/07/45-Aug-28-2024-04_15am-Qv1Q-scaled.jpg,200,image/jpeg,855145,dom:desktop dom:mobile html:img[data-lazy-srcset]
https://pandaexteriors.com/wp-content/uploads/2025/07/47-Apr-10-2025-09_37pm-pbjr.jpg,site/wp-content/uploads/2025/07/47-Apr-10-2025-09_37pm-pbjr.jpg,200,image/jpeg,550125,dom:desktop dom:mobile html:img[data-lazy-src]
https://pandaexteriors.com/wp-content/uploads/2025/07/47-Apr-10-2025-09_37pm-pbjr.jpg.webp,site/wp-content/uploads/2025/07/47-Apr-10-2025-09_37pm-pbjr.jpg.webp,200,image/webp,271362,browser:image dom:desktop dom:mobile
https://pandaexteriors.com/wp-content/uploads/2025/07/5-Jul-14-2025-09_45am-7WgH.jpg,site/wp-content/uploads/2025/07/5-Jul-14-2025-09_45am-7WgH.jpg,200,image/jpeg,277119,browser:image dom:desktop dom:mobile
https://pandaexteriors.com/wp-content/uploads/2025/07/51-Aug-28-2024-05_32am-qkFt-scaled.jpg,site/wp-content/uploads/2025/07/51-Aug-28-2024-05_32am-qkFt-scaled.jpg,200,image/jpeg,784256,dom:desktop dom:mobile html:img[data-lazy-src]
https://pandaexteriors.com/wp-content/uploads/2025/07/51-Aug-28-2024-05_32am-qkFt-scaled.jpg.webp,site/wp-content/uploads/2025/07/51-Aug-28-2024-05_32am-qkFt-scaled.jpg.webp,200,image/webp,849436,browser:image dom:desktop dom:mobile
https://pandaexteriors.com/wp-content/uploads/2025/07/51-Aug-28-2024-05_32am-qkFt.jpg,site/wp-content/uploads/2025/07/51-Aug-28-2024-05_32am-qkFt.jpg,200,image/jpeg,1439041,browser:image dom:desktop dom:mobile
https://pandaexteriors.com/wp-content/uploads/2025/07/6-Aug-09-2024-02_23am-4HwG-scaled.jpg,site/wp-content/uploads/2025/07/6-Aug-09-2024-02_23am-4HwG-scaled.jpg,200,image/jpeg,805424,dom:desktop dom:mobile html:img[data-lazy-src]
https://pandaexteriors.com/wp-content/uploads/2025/07/6-Aug-09-2024-02_23am-4HwG-scaled.jpg.webp,site/wp-content/uploads/2025/07/6-Aug-09-2024-02_23am-4HwG-scaled.jpg.webp,200,image/webp,1102564,browser:image dom:desktop dom:mobile
https://pandaexteriors.com/wp-content/uploads/2025/07/6-Jul-14-2025-02_51pm-n5g1-scaled.jpg,site/wp-content/uploads/2025/07/6-Jul-14-2025-02_51pm-n5g1-scaled.jpg,200,image/jpeg,678241,dom:desktop dom:mobile html:img[data-lazy-src]
https://pandaexteriors.com/wp-content/uploads/2025/07/6-Jul-14-2025-02_51pm-n5g1-scaled.jpg.webp,site/wp-content/uploads/2025/07/6-Jul-14-2025-02_51pm-n5g1-scaled.jpg.webp,200,image/webp,642530,browser:image dom:desktop dom:mobile
https://pandaexteriors.com/wp-content/uploads/2025/07/7-Jul-14-2025-02_54pm-SsVL-scaled.jpg,site/wp-content/uploads/2025/07/7-Jul-14-2025-02_54pm-SsVL-scaled.jpg,200,image/jpeg,867981,dom:desktop dom:mobile html:img[data-lazy-src]
https://pandaexteriors.com/wp-content/uploads/2025/07/7-Jul-14-2025-02_54pm-SsVL-scaled.jpg.webp,site/wp-content/uploads/2025/07/7-Jul-14-2025-02_54pm-SsVL-scaled.jpg.webp,200,image/webp,757904,browser:image dom:desktop dom:mobile
https://pandaexteriors.com/wp-content/uploads/2025/07/8-Jul-14-2025-02_59pm-CVeg-1024x473.jpg,site/wp-content/uploads/2025/07/8-Jul-14-2025-02_59pm-CVeg-1024x473.jpg,200,image/jpeg,118276,dom:desktop dom:mobile html:meta[og:image]
https://pandaexteriors.com/wp-content/uploads/2025/07/8-Jul-14-2025-02_59pm-CVeg-1024x473.jpg.webp,site/wp-content/uploads/2025/07/8-Jul-14-2025-02_59pm-CVeg-1024x473.jpg.webp,200,image/webp,92758,dom:desktop dom:mobile html:source[data-lazy-srcset]
https://pandaexteriors.com/wp-content/uploads/2025/07/8-Jul-14-2025-02_59pm-CVeg-1536x709.jpg,site/wp-content/uploads/2025/07/8-Jul-14-2025-02_59pm-CVeg-1536x709.jpg,200,image/jpeg,280825,dom:desktop dom:mobile html:img[data-lazy-srcset]
https://pandaexteriors.com/wp-content/uploads/2025/07/8-Jul-14-2025-02_59pm-CVeg-1536x709.jpg.webp,site/wp-content/uploads/2025/07/8-Jul-14-2025-02_59pm-CVeg-1536x709.jpg.webp,200,image/webp,232792,browser:image dom:desktop dom:mobile
https://pandaexteriors.com/wp-content/uploads/2025/07/8-Jul-14-2025-02_59pm-CVeg-2048x946.jpg,site/wp-content/uploads/2025/07/8-Jul-14-2025-02_59pm-CVeg-2048x946.jpg,200,image/jpeg,518110,dom:desktop dom:mobile html:img[data-lazy-srcset]
https://pandaexteriors.com/wp-content/uploads/2025/07/8-Jul-14-2025-02_59pm-CVeg-2048x946.jpg.webp,site/wp-content/uploads/2025/07/8-Jul-14-2025-02_59pm-CVeg-2048x946.jpg.webp,200,image/webp,440552,dom:desktop dom:mobile html:source[data-lazy-srcset]
https://pandaexteriors.com/wp-content/uploads/2025/07/8-Jul-14-2025-02_59pm-CVeg-300x139.jpg,site/wp-content/uploads/2025/07/8-Jul-14-2025-02_59pm-CVeg-300x139.jpg,200,image/jpeg,12279,dom:desktop dom:mobile html:img[data-lazy-srcset]
https://pandaexteriors.com/wp-content/uploads/2025/07/8-Jul-14-2025-02_59pm-CVeg-300x139.jpg.webp,site/wp-content/uploads/2025/07/8-Jul-14-2025-02_59pm-CVeg-300x139.jpg.webp,200,image/webp,8970,dom:desktop dom:mobile html:source[data-lazy-srcset]
https://pandaexteriors.com/wp-content/uploads/2025/07/8-Jul-14-2025-02_59pm-CVeg-768x355.jpg,site/wp-content/uploads/2025/07/8-Jul-14-2025-02_59pm-CVeg-768x355.jpg,200,image/jpeg,67106,dom:desktop dom:mobile html:img[data-lazy-srcset]
https://pandaexteriors.com/wp-content/uploads/2025/07/8-Jul-14-2025-02_59pm-CVeg-768x355.jpg.webp,site/wp-content/uploads/2025/07/8-Jul-14-2025-02_59pm-CVeg-768x355.jpg.webp,200,image/webp,51802,dom:desktop browser:image dom:mobile
https://pandaexteriors.com/wp-content/uploads/2025/07/8-Jul-14-2025-02_59pm-CVeg-scaled.jpg,site/wp-content/uploads/2025/07/8-Jul-14-2025-02_59pm-CVeg-scaled.jpg,200,image/jpeg,807444,dom:desktop dom:mobile html:img[data-lazy-srcset]
https://pandaexteriors.com/wp-content/uploads/2025/07/8-Jul-14-2025-02_59pm-CVeg-scaled.jpg.webp,site/wp-content/uploads/2025/07/8-Jul-14-2025-02_59pm-CVeg-scaled.jpg.webp,200,image/webp,685656,browser:image dom:desktop dom:mobile
https://pandaexteriors.com/wp-content/uploads/2025/07/9-Jul-14-2025-03_21pm-z5uh-scaled.jpg,site/wp-content/uploads/2025/07/9-Jul-14-2025-03_21pm-z5uh-scaled.jpg,200,image/jpeg,543403,browser:image dom:desktop dom:mobile
https://pandaexteriors.com/wp-content/uploads/2025/07/bighead-1402x1536.png,site/wp-content/uploads/2025/07/bighead-1402x1536.png,200,image/png,83318,dom:desktop dom:mobile html:img[srcset]
https://pandaexteriors.com/wp-content/uploads/2025/07/bighead-1870x2048.png,site/wp-content/uploads/2025/07/bighead-1870x2048.png,200,image/png,114178,browser:image dom:desktop dom:mobile
https://pandaexteriors.com/wp-content/uploads/2025/07/bighead-274x300.png,site/wp-content/uploads/2025/07/bighead-274x300.png,200,image/png,14129,dom:desktop dom:mobile html:img[srcset]
https://pandaexteriors.com/wp-content/uploads/2025/07/bighead-768x841.png,site/wp-content/uploads/2025/07/bighead-768x841.png,200,image/png,42434,dom:desktop browser:image dom:mobile
https://pandaexteriors.com/wp-content/uploads/2025/07/bighead-935x1024.png,site/wp-content/uploads/2025/07/bighead-935x1024.png,200,image/png,52680,dom:desktop dom:mobile html:img[srcset]
https://pandaexteriors.com/wp-content/uploads/2025/07/bighead-scaled.png,site/wp-content/uploads/2025/07/bighead-scaled.png,200,image/png,147338,dom:desktop dom:mobile html:img[src]
https://pandaexteriors.com/wp-content/uploads/2025/07/Blog-1024x576.png,site/wp-content/uploads/2025/07/Blog-1024x576.png,200,image/png,160430,dom:desktop dom:mobile html:img[data-lazy-srcset]
https://pandaexteriors.com/wp-content/uploads/2025/07/Blog-1024x576.png.webp,site/wp-content/uploads/2025/07/Blog-1024x576.png.webp,200,image/webp,73696,dom:desktop dom:mobile html:source[data-lazy-srcset]
https://pandaexteriors.com/wp-content/uploads/2025/07/Blog-300x169.png,site/wp-content/uploads/2025/07/Blog-300x169.png,200,image/png,23871,dom:desktop dom:mobile html:img[data-lazy-srcset]
https://pandaexteriors.com/wp-content/uploads/2025/07/Blog-300x169.png.webp,site/wp-content/uploads/2025/07/Blog-300x169.png.webp,200,image/webp,12700,dom:desktop dom:mobile html:source[data-lazy-srcset]
https://pandaexteriors.com/wp-content/uploads/2025/07/Blog-768x432.png,site/wp-content/uploads/2025/07/Blog-768x432.png,200,image/png,103744,dom:desktop dom:mobile html:img[data-lazy-srcset]
https://pandaexteriors.com/wp-content/uploads/2025/07/Blog-768x432.png.webp,site/wp-content/uploads/2025/07/Blog-768x432.png.webp,200,image/webp,51356,dom:desktop browser:image dom:mobile
https://pandaexteriors.com/wp-content/uploads/2025/07/blog-header-1-1024x576.png,site/wp-content/uploads/2025/07/blog-header-1-1024x576.png,200,image/png,111330,dom:desktop dom:mobile html:img[srcset]
https://pandaexteriors.com/wp-content/uploads/2025/07/blog-header-1-1024x576.png.webp,site/wp-content/uploads/2025/07/blog-header-1-1024x576.png.webp,200,image/webp,81508,dom:desktop dom:mobile html:link[imagesrcset]
https://pandaexteriors.com/wp-content/uploads/2025/07/blog-header-1-300x169.png,site/wp-content/uploads/2025/07/blog-header-1-300x169.png,200,image/png,17355,dom:desktop dom:mobile html:img[srcset]
https://pandaexteriors.com/wp-content/uploads/2025/07/blog-header-1-300x169.png.webp,site/wp-content/uploads/2025/07/blog-header-1-300x169.png.webp,200,image/webp,12658,dom:desktop dom:mobile html:link[imagesrcset]
https://pandaexteriors.com/wp-content/uploads/2025/07/blog-header-1-768x432.png,site/wp-content/uploads/2025/07/blog-header-1-768x432.png,200,image/png,71163,dom:desktop dom:mobile html:img[srcset]
https://pandaexteriors.com/wp-content/uploads/2025/07/blog-header-1-768x432.png.webp,site/wp-content/uploads/2025/07/blog-header-1-768x432.png.webp,200,image/webp,54644,dom:desktop browser:image dom:mobile
https://pandaexteriors.com/wp-content/uploads/2025/07/blog-header-1.png,site/wp-content/uploads/2025/07/blog-header-1.png,200,image/png,500666,dom:desktop dom:mobile html:meta[og:image]
https://pandaexteriors.com/wp-content/uploads/2025/07/blog-header-1.png.webp,site/wp-content/uploads/2025/07/blog-header-1.png.webp,200,image/webp,112660,browser:image dom:desktop dom:mobile
https://pandaexteriors.com/wp-content/uploads/2025/07/blog-header-1024x576.png,site/wp-content/uploads/2025/07/blog-header-1024x576.png,200,image/png,146271,dom:desktop dom:mobile html:img[srcset]
https://pandaexteriors.com/wp-content/uploads/2025/07/blog-header-1024x576.png.webp,site/wp-content/uploads/2025/07/blog-header-1024x576.png.webp,200,image/webp,97854,dom:desktop dom:mobile html:link[imagesrcset]
https://pandaexteriors.com/wp-content/uploads/2025/07/blog-header-2-1024x576.png,site/wp-content/uploads/2025/07/blog-header-2-1024x576.png,200,image/png,160758,dom:desktop dom:mobile html:img[srcset]
https://pandaexteriors.com/wp-content/uploads/2025/07/blog-header-2-1024x576.png.webp,site/wp-content/uploads/2025/07/blog-header-2-1024x576.png.webp,200,image/webp,85116,dom:desktop dom:mobile html:link[imagesrcset]
https://pandaexteriors.com/wp-content/uploads/2025/07/blog-header-2-300x169.png,site/wp-content/uploads/2025/07/blog-header-2-300x169.png,200,image/png,21238,dom:desktop dom:mobile html:img[srcset]
https://pandaexteriors.com/wp-content/uploads/2025/07/blog-header-2-300x169.png.webp,site/wp-content/uploads/2025/07/blog-header-2-300x169.png.webp,200,image/webp,12180,dom:desktop dom:mobile html:link[imagesrcset]
https://pandaexteriors.com/wp-content/uploads/2025/07/blog-header-2-768x432.png,site/wp-content/uploads/2025/07/blog-header-2-768x432.png,200,image/png,98395,dom:desktop dom:mobile html:img[srcset]
https://pandaexteriors.com/wp-content/uploads/2025/07/blog-header-2-768x432.png.webp,site/wp-content/uploads/2025/07/blog-header-2-768x432.png.webp,200,image/webp,54108,dom:desktop browser:image dom:mobile
https://pandaexteriors.com/wp-content/uploads/2025/07/blog-header-2.png,site/wp-content/uploads/2025/07/blog-header-2.png,200,image/png,693777,dom:desktop dom:mobile html:meta[og:image]
https://pandaexteriors.com/wp-content/uploads/2025/07/blog-header-2.png.webp,site/wp-content/uploads/2025/07/blog-header-2.png.webp,200,image/webp,119540,browser:image dom:desktop dom:mobile
https://pandaexteriors.com/wp-content/uploads/2025/07/blog-header-3-1024x576.png,site/wp-content/uploads/2025/07/blog-header-3-1024x576.png,200,image/png,132034,dom:desktop dom:mobile html:img[data-lazy-srcset]
https://pandaexteriors.com/wp-content/uploads/2025/07/blog-header-3-300x169.png,site/wp-content/uploads/2025/07/blog-header-3-300x169.png,200,image/png,21771,dom:desktop dom:mobile html:img[data-lazy-srcset]
https://pandaexteriors.com/wp-content/uploads/2025/07/blog-header-3-768x432.png,site/wp-content/uploads/2025/07/blog-header-3-768x432.png,200,image/png,84431,dom:desktop browser:image dom:mobile
https://pandaexteriors.com/wp-content/uploads/2025/07/blog-header-3.png,site/wp-content/uploads/2025/07/blog-header-3.png,200,image/png,790896,browser:image dom:desktop dom:mobile
https://pandaexteriors.com/wp-content/uploads/2025/07/blog-header-300x169.png,site/wp-content/uploads/2025/07/blog-header-300x169.png,200,image/png,19524,dom:desktop dom:mobile html:img[srcset]
https://pandaexteriors.com/wp-content/uploads/2025/07/blog-header-300x169.png.webp,site/wp-content/uploads/2025/07/blog-header-300x169.png.webp,200,image/webp,13288,dom:desktop dom:mobile html:link[imagesrcset]
https://pandaexteriors.com/wp-content/uploads/2025/07/blog-header-4-1024x576.png,site/wp-content/uploads/2025/07/blog-header-4-1024x576.png,200,image/png,131334,dom:desktop dom:mobile html:img[data-lazy-srcset]
https://pandaexteriors.com/wp-content/uploads/2025/07/blog-header-4-300x169.png,site/wp-content/uploads/2025/07/blog-header-4-300x169.png,200,image/png,20870,dom:desktop dom:mobile html:img[data-lazy-srcset]
https://pandaexteriors.com/wp-content/uploads/2025/07/blog-header-4-768x432.png,site/wp-content/uploads/2025/07/blog-header-4-768x432.png,200,image/png,86252,dom:desktop browser:image dom:mobile
https://pandaexteriors.com/wp-content/uploads/2025/07/blog-header-4.png,site/wp-content/uploads/2025/07/blog-header-4.png,200,image/png,577398,browser:image dom:desktop dom:mobile
https://pandaexteriors.com/wp-content/uploads/2025/07/blog-header-5-1024x576.png,site/wp-content/uploads/2025/07/blog-header-5-1024x576.png,200,image/png,131506,dom:desktop dom:mobile html:img[data-lazy-srcset]
https://pandaexteriors.com/wp-content/uploads/2025/07/blog-header-5-300x169.png,site/wp-content/uploads/2025/07/blog-header-5-300x169.png,200,image/png,21674,dom:desktop dom:mobile html:img[data-lazy-srcset]
https://pandaexteriors.com/wp-content/uploads/2025/07/blog-header-5-768x432.png,site/wp-content/uploads/2025/07/blog-header-5-768x432.png,200,image/png,85883,dom:desktop browser:image dom:mobile
https://pandaexteriors.com/wp-content/uploads/2025/07/blog-header-5.png,site/wp-content/uploads/2025/07/blog-header-5.png,200,image/png,683913,browser:image dom:desktop dom:mobile
https://pandaexteriors.com/wp-content/uploads/2025/07/blog-header-7-1024x576.png,site/wp-content/uploads/2025/07/blog-header-7-1024x576.png,200,image/png,132012,dom:desktop dom:mobile html:img[data-lazy-srcset]
https://pandaexteriors.com/wp-content/uploads/2025/07/blog-header-7-300x169.png,site/wp-content/uploads/2025/07/blog-header-7-300x169.png,200,image/png,21599,dom:desktop dom:mobile html:img[data-lazy-srcset]
https://pandaexteriors.com/wp-content/uploads/2025/07/blog-header-7-768x432.png,site/wp-content/uploads/2025/07/blog-header-7-768x432.png,200,image/png,85121,dom:desktop browser:image dom:mobile
https://pandaexteriors.com/wp-content/uploads/2025/07/blog-header-7.png,site/wp-content/uploads/2025/07/blog-header-7.png,200,image/png,582143,browser:image dom:desktop dom:mobile
https://pandaexteriors.com/wp-content/uploads/2025/07/blog-header-768x432.png,site/wp-content/uploads/2025/07/blog-header-768x432.png,200,image/png,89602,dom:desktop dom:mobile html:img[srcset]
https://pandaexteriors.com/wp-content/uploads/2025/07/blog-header-768x432.png.webp,site/wp-content/uploads/2025/07/blog-header-768x432.png.webp,200,image/webp,61682,dom:desktop browser:image dom:mobile
https://pandaexteriors.com/wp-content/uploads/2025/07/blog-header.png,site/wp-content/uploads/2025/07/blog-header.png,200,image/png,698918,dom:desktop dom:mobile html:meta[og:image]
https://pandaexteriors.com/wp-content/uploads/2025/07/blog-header.png.webp,site/wp-content/uploads/2025/07/blog-header.png.webp,200,image/webp,143130,browser:image dom:desktop dom:mobile
https://pandaexteriors.com/wp-content/uploads/2025/07/Blog.png,site/wp-content/uploads/2025/07/Blog.png,200,image/png,766739,dom:desktop dom:mobile html:img[data-lazy-srcset]
https://pandaexteriors.com/wp-content/uploads/2025/07/Blog.png.webp,site/wp-content/uploads/2025/07/Blog.png.webp,200,image/webp,93074,browser:image dom:desktop dom:mobile
https://pandaexteriors.com/wp-content/uploads/2025/07/DJI_20250722134520_0995_D.jpg,site/wp-content/uploads/2025/07/DJI_20250722134520_0995_D.jpg,200,image/jpeg,630459,html:inline-script dom:desktop dom:mobile
https://pandaexteriors.com/wp-content/uploads/2025/07/DJI_20250722134520_0995_D.jpg.webp,site/wp-content/uploads/2025/07/DJI_20250722134520_0995_D.jpg.webp,200,image/webp,273502,browser:image dom:desktop dom:mobile
https://pandaexteriors.com/wp-content/uploads/2025/07/DJI_20250722134549_0997_D.jpg,site/wp-content/uploads/2025/07/DJI_20250722134549_0997_D.jpg,200,image/jpeg,645237,dom:desktop dom:mobile html:img[data-lazy-src]
https://pandaexteriors.com/wp-content/uploads/2025/07/DJI_20250722134549_0997_D.jpg.webp,site/wp-content/uploads/2025/07/DJI_20250722134549_0997_D.jpg.webp,200,image/webp,298630,browser:image dom:desktop dom:mobile
https://pandaexteriors.com/wp-content/uploads/2025/07/DJI_20250722134618_0999_D.jpg,site/wp-content/uploads/2025/07/DJI_20250722134618_0999_D.jpg,200,image/jpeg,481200,dom:desktop dom:mobile html:img[data-lazy-src]
https://pandaexteriors.com/wp-content/uploads/2025/07/DJI_20250722134618_0999_D.jpg.webp,site/wp-content/uploads/2025/07/DJI_20250722134618_0999_D.jpg.webp,200,image/webp,219372,browser:image dom:desktop dom:mobile
https://pandaexteriors.com/wp-content/uploads/2025/07/DJI_20250722134707_0004_D-1024x417.jpg,site/wp-content/uploads/2025/07/DJI_20250722134707_0004_D-1024x417.jpg,200,image/jpeg,90380,dom:desktop dom:mobile html:img[data-lazy-srcset]
https://pandaexteriors.com/wp-content/uploads/2025/07/DJI_20250722134707_0004_D-1024x417.jpg.webp,site/wp-content/uploads/2025/07/DJI_20250722134707_0004_D-1024x417.jpg.webp,200,image/webp,94932,dom:desktop browser:image dom:mobile
https://pandaexteriors.com/wp-content/uploads/2025/07/DJI_20250722134707_0004_D-300x122.jpg,site/wp-content/uploads/2025/07/DJI_20250722134707_0004_D-300x122.jpg,200,image/jpeg,10963,dom:desktop dom:mobile html:img[data-lazy-srcset]
https://pandaexteriors.com/wp-content/uploads/2025/07/DJI_20250722134707_0004_D-300x122.jpg.webp,site/wp-content/uploads/2025/07/DJI_20250722134707_0004_D-300x122.jpg.webp,200,image/webp,8952,browser:image dom:desktop dom:mobile
https://pandaexteriors.com/wp-content/uploads/2025/07/DJI_20250722134707_0004_D-768x313.jpg,site/wp-content/uploads/2025/07/DJI_20250722134707_0004_D-768x313.jpg,200,image/jpeg,52925,dom:desktop dom:mobile html:img[data-lazy-srcset]
https://pandaexteriors.com/wp-content/uploads/2025/07/DJI_20250722134707_0004_D.jpg,site/wp-content/uploads/2025/07/DJI_20250722134707_0004_D.jpg,200,image/jpeg,391941,dom:desktop dom:mobile html:meta[og:image]
https://pandaexteriors.com/wp-content/uploads/2025/07/DJI_20250722134707_0004_D.jpg.webp,site/wp-content/uploads/2025/07/DJI_20250722134707_0004_D.jpg.webp,200,image/webp,238866,browser:image dom:desktop dom:mobile
https://pandaexteriors.com/wp-content/uploads/2025/07/down-net_http20250709-108-6rl95u-1-scaled.jpg,site/wp-content/uploads/2025/07/down-net_http20250709-108-6rl95u-1-scaled.jpg,200,image/jpeg,692027,dom:desktop dom:mobile html:img[data-lazy-src]
https://pandaexteriors.com/wp-content/uploads/2025/07/down-net_http20250709-108-6rl95u-1-scaled.jpg.webp,site/wp-content/uploads/2025/07/down-net_http20250709-108-6rl95u-1-scaled.jpg.webp,200,image/webp,703922,browser:image dom:desktop dom:mobile
https://pandaexteriors.com/wp-content/uploads/2025/07/down-net_http20250709-108-6rl95u-scaled.jpg,site/wp-content/uploads/2025/07/down-net_http20250709-108-6rl95u-scaled.jpg,200,image/jpeg,692027,dom:desktop dom:mobile html:img[data-lazy-src]
https://pandaexteriors.com/wp-content/uploads/2025/07/down-net_http20250709-108-6rl95u-scaled.jpg.webp,site/wp-content/uploads/2025/07/down-net_http20250709-108-6rl95u-scaled.jpg.webp,200,image/webp,703922,browser:image dom:desktop dom:mobile
https://pandaexteriors.com/wp-content/uploads/2025/07/down-net_http20250709-122-gisi51-scaled.jpg,site/wp-content/uploads/2025/07/down-net_http20250709-122-gisi51-scaled.jpg,200,image/jpeg,759806,dom:desktop dom:mobile html:img[data-lazy-src]
https://pandaexteriors.com/wp-content/uploads/2025/07/down-net_http20250709-122-gisi51-scaled.jpg.webp,site/wp-content/uploads/2025/07/down-net_http20250709-122-gisi51-scaled.jpg.webp,200,image/webp,732884,browser:image dom:desktop dom:mobile
https://pandaexteriors.com/wp-content/uploads/2025/07/down-net_http20250709-138-e3gu1x-scaled.jpg,site/wp-content/uploads/2025/07/down-net_http20250709-138-e3gu1x-scaled.jpg,200,image/jpeg,821854,dom:desktop dom:mobile html:img[data-lazy-src]
https://pandaexteriors.com/wp-content/uploads/2025/07/down-net_http20250709-138-e3gu1x-scaled.jpg.webp,site/wp-content/uploads/2025/07/down-net_http20250709-138-e3gu1x-scaled.jpg.webp,200,image/webp,781190,browser:image dom:desktop dom:mobile
https://pandaexteriors.com/wp-content/uploads/2025/07/down-net_http20250709-70-rpl92v-scaled.jpg,site/wp-content/uploads/2025/07/down-net_http20250709-70-rpl92v-scaled.jpg,200,image/jpeg,857995,dom:desktop dom:mobile html:img[data-lazy-src]
https://pandaexteriors.com/wp-content/uploads/2025/07/down-net_http20250709-70-rpl92v-scaled.jpg.webp,site/wp-content/uploads/2025/07/down-net_http20250709-70-rpl92v-scaled.jpg.webp,200,image/webp,912082,browser:image dom:desktop dom:mobile
https://pandaexteriors.com/wp-content/uploads/2025/07/down-net_http20250709-70-rpl92v.jpg,site/wp-content/uploads/2025/07/down-net_http20250709-70-rpl92v.jpg,200,image/jpeg,1393817,browser:image dom:desktop dom:mobile
https://pandaexteriors.com/wp-content/uploads/2025/07/down-net_http20250709-85-ozg25g-scaled.jpg,site/wp-content/uploads/2025/07/down-net_http20250709-85-ozg25g-scaled.jpg,200,image/jpeg,548093,dom:desktop dom:mobile html:img[data-lazy-src]
https://pandaexteriors.com/wp-content/uploads/2025/07/down-net_http20250709-85-ozg25g-scaled.jpg.webp,site/wp-content/uploads/2025/07/down-net_http20250709-85-ozg25g-scaled.jpg.webp,200,image/webp,503872,browser:image dom:desktop dom:mobile
https://pandaexteriors.com/wp-content/uploads/2025/07/down-net_http20250709-93-nmqqfk-scaled.jpg,site/wp-content/uploads/2025/07/down-net_http20250709-93-nmqqfk-scaled.jpg,200,image/jpeg,827187,browser:image dom:desktop dom:mobile
https://pandaexteriors.com/wp-content/uploads/2025/07/down-net_http20250709-96-yidm03-1024x768.jpg,site/wp-content/uploads/2025/07/down-net_http20250709-96-yidm03-1024x768.jpg,200,image/jpeg,110680,dom:desktop dom:mobile html:meta[og:image]
https://pandaexteriors.com/wp-content/uploads/2025/07/down-net_http20250709-96-yidm03-1024x768.jpg.webp,site/wp-content/uploads/2025/07/down-net_http20250709-96-yidm03-1024x768.jpg.webp,200,image/webp,75072,dom:desktop dom:mobile html:source[data-lazy-srcset]
https://pandaexteriors.com/wp-content/uploads/2025/07/down-net_http20250709-96-yidm03-1536x1152.jpg,site/wp-content/uploads/2025/07/down-net_http20250709-96-yidm03-1536x1152.jpg,200,image/jpeg,238398,dom:desktop dom:mobile html:img[data-lazy-srcset]
https://pandaexteriors.com/wp-content/uploads/2025/07/down-net_http20250709-96-yidm03-1536x1152.jpg.webp,site/wp-content/uploads/2025/07/down-net_http20250709-96-yidm03-1536x1152.jpg.webp,200,image/webp,153750,browser:image dom:desktop dom:mobile
https://pandaexteriors.com/wp-content/uploads/2025/07/down-net_http20250709-96-yidm03-2048x1536.jpg,site/wp-content/uploads/2025/07/down-net_http20250709-96-yidm03-2048x1536.jpg,200,image/jpeg,412544,dom:desktop dom:mobile html:img[data-lazy-srcset]
https://pandaexteriors.com/wp-content/uploads/2025/07/down-net_http20250709-96-yidm03-2048x1536.jpg.webp,site/wp-content/uploads/2025/07/down-net_http20250709-96-yidm03-2048x1536.jpg.webp,200,image/webp,245306,dom:desktop dom:mobile html:source[data-lazy-srcset]
https://pandaexteriors.com/wp-content/uploads/2025/07/down-net_http20250709-96-yidm03-300x225.jpg,site/wp-content/uploads/2025/07/down-net_http20250709-96-yidm03-300x225.jpg,200,image/jpeg,13284,dom:desktop dom:mobile html:img[data-lazy-srcset]
https://pandaexteriors.com/wp-content/uploads/2025/07/down-net_http20250709-96-yidm03-300x225.jpg.webp,site/wp-content/uploads/2025/07/down-net_http20250709-96-yidm03-300x225.jpg.webp,200,image/webp,10118,dom:desktop dom:mobile html:source[data-lazy-srcset]
https://pandaexteriors.com/wp-content/uploads/2025/07/down-net_http20250709-96-yidm03-768x576.jpg,site/wp-content/uploads/2025/07/down-net_http20250709-96-yidm03-768x576.jpg,200,image/jpeg,66308,dom:desktop dom:mobile html:img[data-lazy-srcset]
https://pandaexteriors.com/wp-content/uploads/2025/07/down-net_http20250709-96-yidm03-768x576.jpg.webp,site/wp-content/uploads/2025/07/down-net_http20250709-96-yidm03-768x576.jpg.webp,200,image/webp,47024,dom:desktop browser:image dom:mobile
https://pandaexteriors.com/wp-content/uploads/2025/07/down-net_http20250709-96-yidm03-scaled.jpg,site/wp-content/uploads/2025/07/down-net_http20250709-96-yidm03-scaled.jpg,200,image/jpeg,624457,dom:desktop dom:mobile html:img[data-lazy-srcset]
https://pandaexteriors.com/wp-content/uploads/2025/07/down-net_http20250709-96-yidm03-scaled.jpg.webp,site/wp-content/uploads/2025/07/down-net_http20250709-96-yidm03-scaled.jpg.webp,200,image/webp,367996,browser:image dom:desktop dom:mobile
https://pandaexteriors.com/wp-content/uploads/2025/07/Panda-Exteriors-Roof-Replacement.png,site/wp-content/uploads/2025/07/Panda-Exteriors-Roof-Replacement.png,200,image/png,1249128,dom:desktop dom:mobile html:meta[og:image]
https://pandaexteriors.com/wp-content/uploads/2025/07/Panda-Seasonal-Maintenance-Flyer-Sketch--1024x731.jpg,site/wp-content/uploads/2025/07/Panda-Seasonal-Maintenance-Flyer-Sketch--1024x731.jpg,200,image/jpeg,120177,dom:desktop dom:mobile html:img[data-lazy-srcset]
https://pandaexteriors.com/wp-content/uploads/2025/07/Panda-Seasonal-Maintenance-Flyer-Sketch--1024x731.jpg.webp,site/wp-content/uploads/2025/07/Panda-Seasonal-Maintenance-Flyer-Sketch--1024x731.jpg.webp,200,image/webp,67190,dom:desktop dom:mobile html:source[data-lazy-srcset]
https://pandaexteriors.com/wp-content/uploads/2025/07/Panda-Seasonal-Maintenance-Flyer-Sketch--1536x1097.jpg,site/wp-content/uploads/2025/07/Panda-Seasonal-Maintenance-Flyer-Sketch--1536x1097.jpg,200,image/jpeg,205866,dom:desktop dom:mobile html:img[data-lazy-srcset]
https://pandaexteriors.com/wp-content/uploads/2025/07/Panda-Seasonal-Maintenance-Flyer-Sketch--1536x1097.jpg.webp,site/wp-content/uploads/2025/07/Panda-Seasonal-Maintenance-Flyer-Sketch--1536x1097.jpg.webp,200,image/webp,107464,browser:image dom:desktop dom:mobile
https://pandaexteriors.com/wp-content/uploads/2025/07/Panda-Seasonal-Maintenance-Flyer-Sketch--2048x1463.jpg,site/wp-content/uploads/2025/07/Panda-Seasonal-Maintenance-Flyer-Sketch--2048x1463.jpg,200,image/jpeg,297568,dom:desktop dom:mobile html:img[data-lazy-srcset]
https://pandaexteriors.com/wp-content/uploads/2025/07/Panda-Seasonal-Maintenance-Flyer-Sketch--2048x1463.jpg.webp,site/wp-content/uploads/2025/07/Panda-Seasonal-Maintenance-Flyer-Sketch--2048x1463.jpg.webp,200,image/webp,143698,dom:desktop dom:mobile html:source[data-lazy-srcset]
https://pandaexteriors.com/wp-content/uploads/2025/07/Panda-Seasonal-Maintenance-Flyer-Sketch--300x214.jpg,site/wp-content/uploads/2025/07/Panda-Seasonal-Maintenance-Flyer-Sketch--300x214.jpg,200,image/jpeg,24498,dom:desktop dom:mobile html:img[data-lazy-srcset]
https://pandaexteriors.com/wp-content/uploads/2025/07/Panda-Seasonal-Maintenance-Flyer-Sketch--300x214.jpg.webp,site/wp-content/uploads/2025/07/Panda-Seasonal-Maintenance-Flyer-Sketch--300x214.jpg.webp,200,image/webp,16028,dom:desktop dom:mobile html:source[data-lazy-srcset]
https://pandaexteriors.com/wp-content/uploads/2025/07/Panda-Seasonal-Maintenance-Flyer-Sketch--768x549.jpg,site/wp-content/uploads/2025/07/Panda-Seasonal-Maintenance-Flyer-Sketch--768x549.jpg,200,image/jpeg,81940,dom:desktop dom:mobile html:img[data-lazy-srcset]
https://pandaexteriors.com/wp-content/uploads/2025/07/Panda-Seasonal-Maintenance-Flyer-Sketch--768x549.jpg.webp,site/wp-content/uploads/2025/07/Panda-Seasonal-Maintenance-Flyer-Sketch--768x549.jpg.webp,200,image/webp,49200,dom:desktop browser:image dom:mobile
https://pandaexteriors.com/wp-content/uploads/2025/07/Panda-Seasonal-Maintenance-Flyer-Sketch-.jpg,site/wp-content/uploads/2025/07/Panda-Seasonal-Maintenance-Flyer-Sketch-.jpg,200,image/jpeg,682423,dom:desktop dom:mobile html:img[data-lazy-srcset]
https://pandaexteriors.com/wp-content/uploads/2025/07/Panda-Seasonal-Maintenance-Flyer-Sketch-.jpg.webp,site/wp-content/uploads/2025/07/Panda-Seasonal-Maintenance-Flyer-Sketch-.jpg.webp,200,image/webp,153582,dom:desktop dom:mobile html:source[data-lazy-srcset]
https://pandaexteriors.com/wp-content/uploads/2025/07/Website-Map-1-Jun-19-2025-12_42pm-LXrA.jpg,site/wp-content/uploads/2025/07/Website-Map-1-Jun-19-2025-12_42pm-LXrA.jpg,200,image/jpeg,1058730,browser:image dom:desktop dom:mobile
https://pandaexteriors.com/wp-content/uploads/2025/07/Website-Map-1-May-19-2025-09_59am-g9NW.jpg,site/wp-content/uploads/2025/07/Website-Map-1-May-19-2025-09_59am-g9NW.jpg,200,image/jpeg,956463,dom:desktop dom:mobile html:img[data-lazy-src]
https://pandaexteriors.com/wp-content/uploads/2025/07/Website-Map-1-May-19-2025-09_59am-g9NW.jpg.webp,site/wp-content/uploads/2025/07/Website-Map-1-May-19-2025-09_59am-g9NW.jpg.webp,200,image/webp,459806,browser:image dom:desktop dom:mobile
https://pandaexteriors.com/wp-content/uploads/2025/07/Website-Map-1-May-24-2025-11_34am-TyCg.jpg,site/wp-content/uploads/2025/07/Website-Map-1-May-24-2025-11_34am-TyCg.jpg,200,image/jpeg,606199,browser:image dom:desktop dom:mobile
https://pandaexteriors.com/wp-content/uploads/2025/07/Website-Map-1-May-27-2025-07_35am-F1Db.jpg,site/wp-content/uploads/2025/07/Website-Map-1-May-27-2025-07_35am-F1Db.jpg,200,image/jpeg,234823,browser:image dom:desktop dom:mobile
https://pandaexteriors.com/wp-content/uploads/2025/07/Website-Map-1-Sep-29-2024-08_59pm-HMXJ-scaled.jpg,site/wp-content/uploads/2025/07/Website-Map-1-Sep-29-2024-08_59pm-HMXJ-scaled.jpg,200,image/jpeg,343735,dom:desktop dom:mobile html:img[data-lazy-src]
https://pandaexteriors.com/wp-content/uploads/2025/07/Website-Map-1-Sep-29-2024-08_59pm-HMXJ-scaled.jpg.webp,site/wp-content/uploads/2025/07/Website-Map-1-Sep-29-2024-08_59pm-HMXJ-scaled.jpg.webp,200,image/webp,180034,browser:image dom:desktop dom:mobile
https://pandaexteriors.com/wp-content/uploads/2025/07/Website-Map-10-Jul-01-2025-06_20am-QHvN.jpg,site/wp-content/uploads/2025/07/Website-Map-10-Jul-01-2025-06_20am-QHvN.jpg,200,image/jpeg,501555,browser:image dom:desktop dom:mobile
https://pandaexteriors.com/wp-content/uploads/2025/07/Website-Map-10-Jul-16-2025-07_00pm-jjhX.jpg,site/wp-content/uploads/2025/07/Website-Map-10-Jul-16-2025-07_00pm-jjhX.jpg,200,image/jpeg,949624,browser:image dom:desktop dom:mobile
https://pandaexteriors.com/wp-content/uploads/2025/07/Website-Map-11-Jul-01-2025-06_20am-HVdN.jpg,site/wp-content/uploads/2025/07/Website-Map-11-Jul-01-2025-06_20am-HVdN.jpg,200,image/jpeg,588407,browser:image dom:desktop dom:mobile
https://pandaexteriors.com/wp-content/uploads/2025/07/Website-Map-11-Jul-08-2025-09_15am-KuFX.jpg,site/wp-content/uploads/2025/07/Website-Map-11-Jul-08-2025-09_15am-KuFX.jpg,200,image/jpeg,483876,dom:desktop dom:mobile html:img[data-lazy-src]
https://pandaexteriors.com/wp-content/uploads/2025/07/Website-Map-11-Jul-08-2025-09_15am-KuFX.jpg.webp,site/wp-content/uploads/2025/07/Website-Map-11-Jul-08-2025-09_15am-KuFX.jpg.webp,200,image/webp,441474,browser:image dom:desktop dom:mobile
https://pandaexteriors.com/wp-content/uploads/2025/07/Website-Map-11-Jul-24-2025-12_11pm-aCFd-scaled.jpg,site/wp-content/uploads/2025/07/Website-Map-11-Jul-24-2025-12_11pm-aCFd-scaled.jpg,200,image/jpeg,846363,browser:image dom:desktop dom:mobile
https://pandaexteriors.com/wp-content/uploads/2025/07/Website-Map-12-Jul-01-2025-06_21am-BY7w.jpg,site/wp-content/uploads/2025/07/Website-Map-12-Jul-01-2025-06_21am-BY7w.jpg,200,image/jpeg,601412,browser:image dom:desktop dom:mobile
https://pandaexteriors.com/wp-content/uploads/2025/07/Website-Map-12-Jul-08-2025-09_15am-BcLM.jpg,site/wp-content/uploads/2025/07/Website-Map-12-Jul-08-2025-09_15am-BcLM.jpg,200,image/jpeg,540382,dom:desktop dom:mobile html:img[data-lazy-src]
https://pandaexteriors.com/wp-content/uploads/2025/07/Website-Map-12-Jul-08-2025-09_15am-BcLM.jpg.webp,site/wp-content/uploads/2025/07/Website-Map-12-Jul-08-2025-09_15am-BcLM.jpg.webp,200,image/webp,513254,browser:image dom:desktop dom:mobile
https://pandaexteriors.com/wp-content/uploads/2025/07/Website-Map-12-Jul-24-2025-12_11pm-QLV7-scaled.jpg,site/wp-content/uploads/2025/07/Website-Map-12-Jul-24-2025-12_11pm-QLV7-scaled.jpg,200,image/jpeg,698125,browser:image dom:desktop dom:mobile
https://pandaexteriors.com/wp-content/uploads/2025/07/Website-Map-13-Jul-08-2025-09_15am-8n3a-1152x1536.jpg,site/wp-content/uploads/2025/07/Website-Map-13-Jul-08-2025-09_15am-8n3a-1152x1536.jpg,200,image/jpeg,357584,dom:desktop dom:mobile html:img[data-lazy-srcset]
https://pandaexteriors.com/wp-content/uploads/2025/07/Website-Map-13-Jul-08-2025-09_15am-8n3a-1152x1536.jpg.webp,site/wp-content/uploads/2025/07/Website-Map-13-Jul-08-2025-09_15am-8n3a-1152x1536.jpg.webp,200,image/webp,288984,dom:desktop dom:mobile html:source[data-lazy-srcset]
https://pandaexteriors.com/wp-content/uploads/2025/07/Website-Map-13-Jul-08-2025-09_15am-8n3a-225x300.jpg,site/wp-content/uploads/2025/07/Website-Map-13-Jul-08-2025-09_15am-8n3a-225x300.jpg,200,image/jpeg,16524,dom:desktop dom:mobile html:img[data-lazy-srcset]
https://pandaexteriors.com/wp-content/uploads/2025/07/Website-Map-13-Jul-08-2025-09_15am-8n3a-225x300.jpg.webp,site/wp-content/uploads/2025/07/Website-Map-13-Jul-08-2025-09_15am-8n3a-225x300.jpg.webp,200,image/webp,13988,dom:desktop dom:mobile html:source[data-lazy-srcset]
https://pandaexteriors.com/wp-content/uploads/2025/07/Website-Map-13-Jul-08-2025-09_15am-8n3a-768x1024.jpg,site/wp-content/uploads/2025/07/Website-Map-13-Jul-08-2025-09_15am-8n3a-768x1024.jpg,200,image/jpeg,164505,dom:desktop dom:mobile html:img[data-lazy-srcset]
https://pandaexteriors.com/wp-content/uploads/2025/07/Website-Map-13-Jul-08-2025-09_15am-8n3a-768x1024.jpg.webp,site/wp-content/uploads/2025/07/Website-Map-13-Jul-08-2025-09_15am-8n3a-768x1024.jpg.webp,200,image/webp,133596,dom:desktop browser:image dom:mobile
https://pandaexteriors.com/wp-content/uploads/2025/07/Website-Map-13-Jul-08-2025-09_15am-8n3a.jpg,site/wp-content/uploads/2025/07/Website-Map-13-Jul-08-2025-09_15am-8n3a.jpg,200,image/jpeg,396604,dom:desktop dom:mobile html:meta[og:image]
https://pandaexteriors.com/wp-content/uploads/2025/07/Website-Map-13-Jul-08-2025-09_15am-8n3a.jpg.webp,site/wp-content/uploads/2025/07/Website-Map-13-Jul-08-2025-09_15am-8n3a.jpg.webp,200,image/webp,370534,browser:image dom:desktop dom:mobile
https://pandaexteriors.com/wp-content/uploads/2025/07/Website-Map-2-Jun-19-2025-12_43pm-b6fD.jpg,site/wp-content/uploads/2025/07/Website-Map-2-Jun-19-2025-12_43pm-b6fD.jpg,200,image/jpeg,1083743,browser:image dom:desktop dom:mobile
https://pandaexteriors.com/wp-content/uploads/2025/07/Website-Map-2-May-19-2025-09_59am-pnJn.jpg,site/wp-content/uploads/2025/07/Website-Map-2-May-19-2025-09_59am-pnJn.jpg,200,image/jpeg,832466,dom:desktop dom:mobile html:img[data-lazy-src]
https://pandaexteriors.com/wp-content/uploads/2025/07/Website-Map-2-May-19-2025-09_59am-pnJn.jpg.webp,site/wp-content/uploads/2025/07/Website-Map-2-May-19-2025-09_59am-pnJn.jpg.webp,200,image/webp,337788,browser:image dom:desktop dom:mobile
https://pandaexteriors.com/wp-content/uploads/2025/07/Website-Map-2-May-24-2025-11_36am-ibu6.jpg,site/wp-content/uploads/2025/07/Website-Map-2-May-24-2025-11_36am-ibu6.jpg,200,image/jpeg,920979,browser:image dom:desktop dom:mobile
https://pandaexteriors.com/wp-content/uploads/2025/07/Website-Map-2-May-27-2025-07_45am-jMJF.jpg,site/wp-content/uploads/2025/07/Website-Map-2-May-27-2025-07_45am-jMJF.jpg,200,image/jpeg,742294,browser:image dom:desktop dom:mobile
https://pandaexteriors.com/wp-content/uploads/2025/07/Website-Map-2-Sep-30-2024-01_50am-UdHa-scaled.jpg,site/wp-content/uploads/2025/07/Website-Map-2-Sep-30-2024-01_50am-UdHa-scaled.jpg,200,image/jpeg,888757,browser:image dom:desktop dom:mobile
https://pandaexteriors.com/wp-content/uploads/2025/07/Website-Map-3-Jun-04-2025-09_19am-XQuX.jpg,site/wp-content/uploads/2025/07/Website-Map-3-Jun-04-2025-09_19am-XQuX.jpg,200,image/jpeg,272520,browser:image dom:desktop dom:mobile
https://pandaexteriors.com/wp-content/uploads/2025/07/Website-Map-3-Jun-19-2025-02_37pm-3ixF.jpg,site/wp-content/uploads/2025/07/Website-Map-3-Jun-19-2025-02_37pm-3ixF.jpg,200,image/jpeg,392427,browser:image dom:desktop dom:mobile
https://pandaexteriors.com/wp-content/uploads/2025/07/Website-Map-3-May-19-2025-10_03am-p2QQ.jpg,site/wp-content/uploads/2025/07/Website-Map-3-May-19-2025-10_03am-p2QQ.jpg,200,image/jpeg,892388,dom:desktop dom:mobile html:img[data-lazy-src]
https://pandaexteriors.com/wp-content/uploads/2025/07/Website-Map-3-May-19-2025-10_03am-p2QQ.jpg.webp,site/wp-content/uploads/2025/07/Website-Map-3-May-19-2025-10_03am-p2QQ.jpg.webp,200,image/webp,489460,browser:image dom:desktop dom:mobile
https://pandaexteriors.com/wp-content/uploads/2025/07/Website-Map-3-May-27-2025-07_46am-ndqJ.jpg,site/wp-content/uploads/2025/07/Website-Map-3-May-27-2025-07_46am-ndqJ.jpg,200,image/jpeg,1022513,browser:image dom:desktop dom:mobile
https://pandaexteriors.com/wp-content/uploads/2025/07/Website-Map-3-Sep-30-2024-01_50am-XnUc-scaled.jpg,site/wp-content/uploads/2025/07/Website-Map-3-Sep-30-2024-01_50am-XnUc-scaled.jpg,200,image/jpeg,772882,dom:desktop dom:mobile html:img[data-lazy-src]
https://pandaexteriors.com/wp-content/uploads/2025/07/Website-Map-3-Sep-30-2024-01_50am-XnUc-scaled.jpg.webp,site/wp-content/uploads/2025/07/Website-Map-3-Sep-30-2024-01_50am-XnUc-scaled.jpg.webp,200,image/webp,555366,browser:image dom:desktop dom:mobile
https://pandaexteriors.com/wp-content/uploads/2025/07/Website-Map-4-Jul-04-2025-02_06pm-TVfN.jpg,site/wp-content/uploads/2025/07/Website-Map-4-Jul-04-2025-02_06pm-TVfN.jpg,200,image/jpeg,639782,dom:desktop dom:mobile html:img[data-lazy-src]
https://pandaexteriors.com/wp-content/uploads/2025/07/Website-Map-4-Jul-04-2025-02_06pm-TVfN.jpg.webp,site/wp-content/uploads/2025/07/Website-Map-4-Jul-04-2025-02_06pm-TVfN.jpg.webp,200,image/webp,554884,browser:image dom:desktop dom:mobile
https://pandaexteriors.com/wp-content/uploads/2025/07/Website-Map-4-Jul-16-2025-06_57am-6hvr.jpg,site/wp-content/uploads/2025/07/Website-Map-4-Jul-16-2025-06_57am-6hvr.jpg,200,image/jpeg,516467,browser:image dom:desktop dom:mobile
https://pandaexteriors.com/wp-content/uploads/2025/07/Website-Map-4-Jun-04-2025-09_19am-5HjX.jpg,site/wp-content/uploads/2025/07/Website-Map-4-Jun-04-2025-09_19am-5HjX.jpg,200,image/jpeg,251715,browser:image dom:desktop dom:mobile
https://pandaexteriors.com/wp-content/uploads/2025/07/Website-Map-4-May-27-2025-07_51am-CzYQ.jpg,site/wp-content/uploads/2025/07/Website-Map-4-May-27-2025-07_51am-CzYQ.jpg,200,image/jpeg,724305,browser:image dom:desktop dom:mobile
https://pandaexteriors.com/wp-content/uploads/2025/07/Website-Map-4-Sep-30-2024-01_51am-nrmi-scaled.jpg,site/wp-content/uploads/2025/07/Website-Map-4-Sep-30-2024-01_51am-nrmi-scaled.jpg,200,image/jpeg,1112563,dom:desktop dom:mobile html:img[data-lazy-src]
https://pandaexteriors.com/wp-content/uploads/2025/07/Website-Map-4-Sep-30-2024-01_51am-nrmi-scaled.jpg.webp,site/wp-content/uploads/2025/07/Website-Map-4-Sep-30-2024-01_51am-nrmi-scaled.jpg.webp,200,image/webp,974326,browser:image dom:desktop dom:mobile
https://pandaexteriors.com/wp-content/uploads/2025/07/Website-Map-5-Jul-04-2025-02_06pm-Kytj.jpg,site/wp-content/uploads/2025/07/Website-Map-5-Jul-04-2025-02_06pm-Kytj.jpg,200,image/jpeg,312542,dom:desktop dom:mobile html:img[data-lazy-src]
https://pandaexteriors.com/wp-content/uploads/2025/07/Website-Map-5-Jul-04-2025-02_06pm-Kytj.jpg.webp,site/wp-content/uploads/2025/07/Website-Map-5-Jul-04-2025-02_06pm-Kytj.jpg.webp,200,image/webp,269892,browser:image dom:desktop dom:mobile
https://pandaexteriors.com/wp-content/uploads/2025/07/Website-Map-5-Jul-16-2025-01_14pm-khRg.jpg,site/wp-content/uploads/2025/07/Website-Map-5-Jul-16-2025-01_14pm-khRg.jpg,200,image/jpeg,784122,browser:image dom:desktop dom:mobile
https://pandaexteriors.com/wp-content/uploads/2025/07/Website-Map-5-Jun-04-2025-05_14pm-bHXV-1024x473.jpg,site/wp-content/uploads/2025/07/Website-Map-5-Jun-04-2025-05_14pm-bHXV-1024x473.jpg,200,image/jpeg,158581,dom:desktop dom:mobile html:img[data-lazy-srcset]
https://pandaexteriors.com/wp-content/uploads/2025/07/Website-Map-5-Jun-04-2025-05_14pm-bHXV-300x139.jpg,site/wp-content/uploads/2025/07/Website-Map-5-Jun-04-2025-05_14pm-bHXV-300x139.jpg,200,image/jpeg,12613,dom:desktop dom:mobile html:img[data-lazy-srcset]
https://pandaexteriors.com/wp-content/uploads/2025/07/Website-Map-5-Jun-04-2025-05_14pm-bHXV-768x355.jpg,site/wp-content/uploads/2025/07/Website-Map-5-Jun-04-2025-05_14pm-bHXV-768x355.jpg,200,image/jpeg,81991,dom:desktop browser:image dom:mobile
https://pandaexteriors.com/wp-content/uploads/2025/07/Website-Map-5-Jun-04-2025-05_14pm-bHXV.jpg,site/wp-content/uploads/2025/07/Website-Map-5-Jun-04-2025-05_14pm-bHXV.jpg,200,image/jpeg,223187,browser:image dom:desktop dom:mobile
https://pandaexteriors.com/wp-content/uploads/2025/07/Website-Map-5-Jun-25-2025-09_20pm-qoLB.jpg,site/wp-content/uploads/2025/07/Website-Map-5-Jun-25-2025-09_20pm-qoLB.jpg,200,image/jpeg,639741,dom:desktop dom:mobile html:img[data-lazy-src]
https://pandaexteriors.com/wp-content/uploads/2025/07/Website-Map-5-Jun-25-2025-09_20pm-qoLB.jpg.webp,site/wp-content/uploads/2025/07/Website-Map-5-Jun-25-2025-09_20pm-qoLB.jpg.webp,200,image/webp,583204,browser:image dom:desktop dom:mobile
https://pandaexteriors.com/wp-content/uploads/2025/07/Website-Map-5-May-22-2025-04_21am-NpDB.jpg,site/wp-content/uploads/2025/07/Website-Map-5-May-22-2025-04_21am-NpDB.jpg,200,image/jpeg,124832,dom:desktop dom:mobile html:img[data-lazy-src]
https://pandaexteriors.com/wp-content/uploads/2025/07/Website-Map-5-May-22-2025-04_21am-NpDB.jpg.webp,site/wp-content/uploads/2025/07/Website-Map-5-May-22-2025-04_21am-NpDB.jpg.webp,200,image/webp,120902,browser:image dom:desktop dom:mobile
https://pandaexteriors.com/wp-content/uploads/2025/07/Website-Map-6-Jul-04-2025-02_20pm-z3oQ.jpg,site/wp-content/uploads/2025/07/Website-Map-6-Jul-04-2025-02_20pm-z3oQ.jpg,200,image/jpeg,698476,dom:desktop dom:mobile html:img[data-lazy-src]
https://pandaexteriors.com/wp-content/uploads/2025/07/Website-Map-6-Jul-04-2025-02_20pm-z3oQ.jpg.webp,site/wp-content/uploads/2025/07/Website-Map-6-Jul-04-2025-02_20pm-z3oQ.jpg.webp,200,image/webp,591194,browser:image dom:desktop dom:mobile
https://pandaexteriors.com/wp-content/uploads/2025/07/Website-Map-6-Jul-16-2025-07_00pm-n84R.jpg,site/wp-content/uploads/2025/07/Website-Map-6-Jul-16-2025-07_00pm-n84R.jpg,200,image/jpeg,650448,browser:image dom:desktop dom:mobile
https://pandaexteriors.com/wp-content/uploads/2025/07/Website-Map-6-Jun-04-2025-05_14pm-5SYS.jpg,site/wp-content/uploads/2025/07/Website-Map-6-Jun-04-2025-05_14pm-5SYS.jpg,200,image/jpeg,169475,browser:image dom:desktop dom:mobile
https://pandaexteriors.com/wp-content/uploads/2025/07/Website-Map-6-Jun-25-2025-09_21pm-1eyG.jpg,site/wp-content/uploads/2025/07/Website-Map-6-Jun-25-2025-09_21pm-1eyG.jpg,200,image/jpeg,428911,dom:desktop dom:mobile html:img[data-lazy-src]
https://pandaexteriors.com/wp-content/uploads/2025/07/Website-Map-6-Jun-25-2025-09_21pm-1eyG.jpg.webp,site/wp-content/uploads/2025/07/Website-Map-6-Jun-25-2025-09_21pm-1eyG.jpg.webp,200,image/webp,335848,browser:image dom:desktop dom:mobile
https://pandaexteriors.com/wp-content/uploads/2025/07/Website-Map-6-May-22-2025-04_22am-tg7o.jpg,site/wp-content/uploads/2025/07/Website-Map-6-May-22-2025-04_22am-tg7o.jpg,200,image/jpeg,129447,browser:image dom:desktop dom:mobile
https://pandaexteriors.com/wp-content/uploads/2025/07/Website-Map-7-Jul-01-2025-06_20am-YKqL.jpg,site/wp-content/uploads/2025/07/Website-Map-7-Jul-01-2025-06_20am-YKqL.jpg,200,image/jpeg,267527,dom:desktop dom:mobile html:img[data-lazy-src]
https://pandaexteriors.com/wp-content/uploads/2025/07/Website-Map-7-Jul-01-2025-06_20am-YKqL.jpg.webp,site/wp-content/uploads/2025/07/Website-Map-7-Jul-01-2025-06_20am-YKqL.jpg.webp,200,image/webp,244934,browser:image dom:desktop dom:mobile
https://pandaexteriors.com/wp-content/uploads/2025/07/Website-Map-7-Jul-16-2025-07_00pm-aZPX.jpg,site/wp-content/uploads/2025/07/Website-Map-7-Jul-16-2025-07_00pm-aZPX.jpg,200,image/jpeg,809936,browser:image dom:desktop dom:mobile
https://pandaexteriors.com/wp-content/uploads/2025/07/Website-Map-7-May-22-2025-05_46am-iYjP-1024x576.jpg,site/wp-content/uploads/2025/07/Website-Map-7-May-22-2025-05_46am-iYjP-1024x576.jpg,200,image/jpeg,155833,dom:desktop dom:mobile html:img[data-lazy-srcset]
https://pandaexteriors.com/wp-content/uploads/2025/07/Website-Map-7-May-22-2025-05_46am-iYjP-300x169.jpg,site/wp-content/uploads/2025/07/Website-Map-7-May-22-2025-05_46am-iYjP-300x169.jpg,200,image/jpeg,15615,browser:image dom:desktop dom:mobile
https://pandaexteriors.com/wp-content/uploads/2025/07/Website-Map-7-May-22-2025-05_46am-iYjP-768x432.jpg,site/wp-content/uploads/2025/07/Website-Map-7-May-22-2025-05_46am-iYjP-768x432.jpg,200,image/jpeg,92282,dom:desktop browser:image dom:mobile
https://pandaexteriors.com/wp-content/uploads/2025/07/Website-Map-7-May-22-2025-05_46am-iYjP.jpg,site/wp-content/uploads/2025/07/Website-Map-7-May-22-2025-05_46am-iYjP.jpg,200,image/jpeg,185329,browser:image dom:desktop dom:mobile
https://pandaexteriors.com/wp-content/uploads/2025/07/Website-Map-8-Jul-01-2025-06_20am-7KcJ-169x300.jpg,site/wp-content/uploads/2025/07/Website-Map-8-Jul-01-2025-06_20am-7KcJ-169x300.jpg,200,image/jpeg,15064,dom:desktop dom:mobile html:img[data-lazy-srcset]
https://pandaexteriors.com/wp-content/uploads/2025/07/Website-Map-8-Jul-01-2025-06_20am-7KcJ-576x1024.jpg,site/wp-content/uploads/2025/07/Website-Map-8-Jul-01-2025-06_20am-7KcJ-576x1024.jpg,200,image/jpeg,171226,dom:desktop browser:image dom:mobile
https://pandaexteriors.com/wp-content/uploads/2025/07/Website-Map-8-Jul-01-2025-06_20am-7KcJ-768x1365.jpg,site/wp-content/uploads/2025/07/Website-Map-8-Jul-01-2025-06_20am-7KcJ-768x1365.jpg,200,image/jpeg,328755,dom:desktop dom:mobile html:img[data-lazy-srcset]
https://pandaexteriors.com/wp-content/uploads/2025/07/Website-Map-8-Jul-01-2025-06_20am-7KcJ-864x1536.jpg,site/wp-content/uploads/2025/07/Website-Map-8-Jul-01-2025-06_20am-7KcJ-864x1536.jpg,200,image/jpeg,416033,dom:desktop dom:mobile html:img[data-lazy-srcset]
https://pandaexteriors.com/wp-content/uploads/2025/07/Website-Map-8-Jul-01-2025-06_20am-7KcJ.jpg,site/wp-content/uploads/2025/07/Website-Map-8-Jul-01-2025-06_20am-7KcJ.jpg,200,image/jpeg,616210,browser:image dom:desktop dom:mobile
https://pandaexteriors.com/wp-content/uploads/2025/07/Website-Map-8-Jul-16-2025-07_00pm-T7n3.jpg,site/wp-content/uploads/2025/07/Website-Map-8-Jul-16-2025-07_00pm-T7n3.jpg,200,image/jpeg,566056,browser:image dom:desktop dom:mobile
https://pandaexteriors.com/wp-content/uploads/2025/07/Website-Map-8-May-22-2025-05_46am-TbSZ.jpg,site/wp-content/uploads/2025/07/Website-Map-8-May-22-2025-05_46am-TbSZ.jpg,200,image/jpeg,154045,browser:image dom:desktop dom:mobile
https://pandaexteriors.com/wp-content/uploads/2025/07/Website-Map-9-Jul-01-2025-06_20am-8MoR.jpg,site/wp-content/uploads/2025/07/Website-Map-9-Jul-01-2025-06_20am-8MoR.jpg,200,image/jpeg,660329,browser:image dom:desktop dom:mobile
https://pandaexteriors.com/wp-content/uploads/2025/07/Website-Map-9-Jul-16-2025-07_00pm-wqbt-1152x1536.jpg,site/wp-content/uploads/2025/07/Website-Map-9-Jul-16-2025-07_00pm-wqbt-1152x1536.jpg,200,image/jpeg,504535,dom:desktop dom:mobile html:img[data-lazy-srcset]
https://pandaexteriors.com/wp-content/uploads/2025/07/Website-Map-9-Jul-16-2025-07_00pm-wqbt-225x300.jpg,site/wp-content/uploads/2025/07/Website-Map-9-Jul-16-2025-07_00pm-wqbt-225x300.jpg,200,image/jpeg,20152,dom:desktop dom:mobile html:img[data-lazy-srcset]
https://pandaexteriors.com/wp-content/uploads/2025/07/Website-Map-9-Jul-16-2025-07_00pm-wqbt-768x1024.jpg,site/wp-content/uploads/2025/07/Website-Map-9-Jul-16-2025-07_00pm-wqbt-768x1024.jpg,200,image/jpeg,225420,dom:desktop browser:image dom:mobile
https://pandaexteriors.com/wp-content/uploads/2025/07/Website-Map-9-Jul-16-2025-07_00pm-wqbt.jpg,site/wp-content/uploads/2025/07/Website-Map-9-Jul-16-2025-07_00pm-wqbt.jpg,200,image/jpeg,896328,browser:image dom:desktop dom:mobile
https://pandaexteriors.com/wp-content/uploads/2025/08/Blog-1024x576.jpg,site/wp-content/uploads/2025/08/Blog-1024x576.jpg,200,image/jpeg,128115,dom:desktop dom:mobile html:img[data-lazy-srcset]
https://pandaexteriors.com/wp-content/uploads/2025/08/Blog-1024x576.jpg.webp,site/wp-content/uploads/2025/08/Blog-1024x576.jpg.webp,200,image/webp,97810,dom:desktop dom:mobile html:source[data-lazy-srcset]
https://pandaexteriors.com/wp-content/uploads/2025/08/Blog-1024x576.png,site/wp-content/uploads/2025/08/Blog-1024x576.png,200,image/png,108086,dom:desktop dom:mobile html:img[data-lazy-srcset]
https://pandaexteriors.com/wp-content/uploads/2025/08/Blog-1024x576.png.webp,site/wp-content/uploads/2025/08/Blog-1024x576.png.webp,200,image/webp,62476,dom:desktop dom:mobile html:source[data-lazy-srcset]
https://pandaexteriors.com/wp-content/uploads/2025/08/Blog-2-1024x576.png,site/wp-content/uploads/2025/08/Blog-2-1024x576.png,200,image/png,182353,dom:desktop dom:mobile html:img[srcset]
https://pandaexteriors.com/wp-content/uploads/2025/08/Blog-2-1024x576.png.webp,site/wp-content/uploads/2025/08/Blog-2-1024x576.png.webp,200,image/webp,85402,dom:desktop dom:mobile html:link[imagesrcset]
https://pandaexteriors.com/wp-content/uploads/2025/08/Blog-2-300x169.png,site/wp-content/uploads/2025/08/Blog-2-300x169.png,200,image/png,25474,dom:desktop dom:mobile html:img[srcset]
https://pandaexteriors.com/wp-content/uploads/2025/08/Blog-2-300x169.png.webp,site/wp-content/uploads/2025/08/Blog-2-300x169.png.webp,200,image/webp,13818,dom:desktop dom:mobile html:link[imagesrcset]
https://pandaexteriors.com/wp-content/uploads/2025/08/Blog-2-768x432.png,site/wp-content/uploads/2025/08/Blog-2-768x432.png,200,image/png,115365,dom:desktop dom:mobile html:img[srcset]
https://pandaexteriors.com/wp-content/uploads/2025/08/Blog-2-768x432.png.webp,site/wp-content/uploads/2025/08/Blog-2-768x432.png.webp,200,image/webp,58576,dom:desktop browser:image dom:mobile
https://pandaexteriors.com/wp-content/uploads/2025/08/Blog-2.png,site/wp-content/uploads/2025/08/Blog-2.png,200,image/png,850513,dom:desktop dom:mobile html:meta[og:image]
https://pandaexteriors.com/wp-content/uploads/2025/08/Blog-2.png.webp,site/wp-content/uploads/2025/08/Blog-2.png.webp,200,image/webp,110078,browser:image dom:desktop dom:mobile
https://pandaexteriors.com/wp-content/uploads/2025/08/Blog-3-1024x576.png,site/wp-content/uploads/2025/08/Blog-3-1024x576.png,200,image/png,126483,dom:desktop dom:mobile html:img[srcset]
https://pandaexteriors.com/wp-content/uploads/2025/08/Blog-3-1024x576.png.webp,site/wp-content/uploads/2025/08/Blog-3-1024x576.png.webp,200,image/webp,64700,dom:desktop dom:mobile html:link[imagesrcset]
https://pandaexteriors.com/wp-content/uploads/2025/08/Blog-3-300x169.png,site/wp-content/uploads/2025/08/Blog-3-300x169.png,200,image/png,19787,dom:desktop dom:mobile html:img[srcset]
https://pandaexteriors.com/wp-content/uploads/2025/08/Blog-3-300x169.png.webp,site/wp-content/uploads/2025/08/Blog-3-300x169.png.webp,200,image/webp,10990,dom:desktop dom:mobile html:link[imagesrcset]
https://pandaexteriors.com/wp-content/uploads/2025/08/Blog-3-768x432.png,site/wp-content/uploads/2025/08/Blog-3-768x432.png,200,image/png,80220,dom:desktop dom:mobile html:img[srcset]
https://pandaexteriors.com/wp-content/uploads/2025/08/Blog-3-768x432.png.webp,site/wp-content/uploads/2025/08/Blog-3-768x432.png.webp,200,image/webp,43596,dom:desktop browser:image dom:mobile
https://pandaexteriors.com/wp-content/uploads/2025/08/Blog-3.png,site/wp-content/uploads/2025/08/Blog-3.png,200,image/png,632578,dom:desktop dom:mobile html:meta[og:image]
https://pandaexteriors.com/wp-content/uploads/2025/08/Blog-3.png.webp,site/wp-content/uploads/2025/08/Blog-3.png.webp,200,image/webp,85544,browser:image dom:desktop dom:mobile
https://pandaexteriors.com/wp-content/uploads/2025/08/Blog-300x169.jpg,site/wp-content/uploads/2025/08/Blog-300x169.jpg,200,image/jpeg,19227,dom:desktop dom:mobile html:img[data-lazy-srcset]
https://pandaexteriors.com/wp-content/uploads/2025/08/Blog-300x169.jpg.webp,site/wp-content/uploads/2025/08/Blog-300x169.jpg.webp,200,image/webp,12856,dom:desktop dom:mobile html:source[data-lazy-srcset]
https://pandaexteriors.com/wp-content/uploads/2025/08/Blog-300x169.png,site/wp-content/uploads/2025/08/Blog-300x169.png,200,image/png,18447,dom:desktop dom:mobile html:img[data-lazy-srcset]
https://pandaexteriors.com/wp-content/uploads/2025/08/Blog-300x169.png.webp,site/wp-content/uploads/2025/08/Blog-300x169.png.webp,200,image/webp,11366,dom:desktop dom:mobile html:source[data-lazy-srcset]
https://pandaexteriors.com/wp-content/uploads/2025/08/Blog-768x432.jpg,site/wp-content/uploads/2025/08/Blog-768x432.jpg,200,image/jpeg,81828,dom:desktop dom:mobile html:img[data-lazy-srcset]
https://pandaexteriors.com/wp-content/uploads/2025/08/Blog-768x432.jpg.webp,site/wp-content/uploads/2025/08/Blog-768x432.jpg.webp,200,image/webp,63212,dom:desktop browser:image dom:mobile
https://pandaexteriors.com/wp-content/uploads/2025/08/Blog-768x432.png,site/wp-content/uploads/2025/08/Blog-768x432.png,200,image/png,70353,dom:desktop dom:mobile html:img[data-lazy-srcset]
https://pandaexteriors.com/wp-content/uploads/2025/08/Blog-768x432.png.webp,site/wp-content/uploads/2025/08/Blog-768x432.png.webp,200,image/webp,42160,dom:desktop browser:image dom:mobile
https://pandaexteriors.com/wp-content/uploads/2025/08/blog-header-1-1024x576.png,site/wp-content/uploads/2025/08/blog-header-1-1024x576.png,200,image/png,138619,dom:desktop dom:mobile html:img[srcset]
https://pandaexteriors.com/wp-content/uploads/2025/08/blog-header-1-1024x576.png.webp,site/wp-content/uploads/2025/08/blog-header-1-1024x576.png.webp,200,image/webp,78722,dom:desktop dom:mobile html:link[imagesrcset]
https://pandaexteriors.com/wp-content/uploads/2025/08/blog-header-1-300x169.png,site/wp-content/uploads/2025/08/blog-header-1-300x169.png,200,image/png,19992,dom:desktop dom:mobile html:img[srcset]
https://pandaexteriors.com/wp-content/uploads/2025/08/blog-header-1-300x169.png.webp,site/wp-content/uploads/2025/08/blog-header-1-300x169.png.webp,200,image/webp,12670,dom:desktop dom:mobile html:link[imagesrcset]
https://pandaexteriors.com/wp-content/uploads/2025/08/blog-header-1-768x432.png,site/wp-content/uploads/2025/08/blog-header-1-768x432.png,200,image/png,85770,dom:desktop dom:mobile html:img[srcset]
https://pandaexteriors.com/wp-content/uploads/2025/08/blog-header-1-768x432.png.webp,site/wp-content/uploads/2025/08/blog-header-1-768x432.png.webp,200,image/webp,52088,dom:desktop browser:image dom:mobile
https://pandaexteriors.com/wp-content/uploads/2025/08/blog-header-1.png,site/wp-content/uploads/2025/08/blog-header-1.png,200,image/png,629247,dom:desktop dom:mobile html:meta[og:image]
https://pandaexteriors.com/wp-content/uploads/2025/08/blog-header-1.png.webp,site/wp-content/uploads/2025/08/blog-header-1.png.webp,200,image/webp,107610,browser:image dom:desktop dom:mobile
https://pandaexteriors.com/wp-content/uploads/2025/08/blog-header-1024x576.png,site/wp-content/uploads/2025/08/blog-header-1024x576.png,200,image/png,155318,dom:desktop dom:mobile html:img[srcset]
https://pandaexteriors.com/wp-content/uploads/2025/08/blog-header-1024x576.png.webp,site/wp-content/uploads/2025/08/blog-header-1024x576.png.webp,200,image/webp,77234,dom:desktop dom:mobile html:link[imagesrcset]
https://pandaexteriors.com/wp-content/uploads/2025/08/blog-header-2-1024x576.png,site/wp-content/uploads/2025/08/blog-header-2-1024x576.png,200,image/png,178005,dom:desktop dom:mobile html:img[data-lazy-srcset]
https://pandaexteriors.com/wp-content/uploads/2025/08/blog-header-2-1024x576.png.webp,site/wp-content/uploads/2025/08/blog-header-2-1024x576.png.webp,200,image/webp,76070,dom:desktop dom:mobile html:source[data-lazy-srcset]
https://pandaexteriors.com/wp-content/uploads/2025/08/blog-header-2-300x169.png,site/wp-content/uploads/2025/08/blog-header-2-300x169.png,200,image/png,26046,dom:desktop dom:mobile html:img[data-lazy-srcset]
https://pandaexteriors.com/wp-content/uploads/2025/08/blog-header-2-300x169.png.webp,site/wp-content/uploads/2025/08/blog-header-2-300x169.png.webp,200,image/webp,12662,dom:desktop dom:mobile html:source[data-lazy-srcset]
https://pandaexteriors.com/wp-content/uploads/2025/08/blog-header-2-768x432.png,site/wp-content/uploads/2025/08/blog-header-2-768x432.png,200,image/png,111814,dom:desktop dom:mobile html:img[data-lazy-srcset]
https://pandaexteriors.com/wp-content/uploads/2025/08/blog-header-2-768x432.png.webp,site/wp-content/uploads/2025/08/blog-header-2-768x432.png.webp,200,image/webp,51838,dom:desktop browser:image dom:mobile
https://pandaexteriors.com/wp-content/uploads/2025/08/blog-header-2.png,site/wp-content/uploads/2025/08/blog-header-2.png,200,image/png,808981,dom:desktop dom:mobile html:img[data-lazy-srcset]
https://pandaexteriors.com/wp-content/uploads/2025/08/blog-header-2.png.webp,site/wp-content/uploads/2025/08/blog-header-2.png.webp,200,image/webp,95688,browser:image dom:desktop dom:mobile
https://pandaexteriors.com/wp-content/uploads/2025/08/blog-header-3-1024x576.png,site/wp-content/uploads/2025/08/blog-header-3-1024x576.png,200,image/png,160544,dom:desktop dom:mobile html:img[srcset]
https://pandaexteriors.com/wp-content/uploads/2025/08/blog-header-3-1024x576.png.webp,site/wp-content/uploads/2025/08/blog-header-3-1024x576.png.webp,200,image/webp,81448,dom:desktop dom:mobile html:link[imagesrcset]
https://pandaexteriors.com/wp-content/uploads/2025/08/blog-header-3-300x169.png,site/wp-content/uploads/2025/08/blog-header-3-300x169.png,200,image/png,21107,dom:desktop dom:mobile html:img[srcset]
https://pandaexteriors.com/wp-content/uploads/2025/08/blog-header-3-300x169.png.webp,site/wp-content/uploads/2025/08/blog-header-3-300x169.png.webp,200,image/webp,12626,dom:desktop dom:mobile html:link[imagesrcset]
https://pandaexteriors.com/wp-content/uploads/2025/08/blog-header-3-768x432.png,site/wp-content/uploads/2025/08/blog-header-3-768x432.png,200,image/png,96688,dom:desktop dom:mobile html:img[srcset]
https://pandaexteriors.com/wp-content/uploads/2025/08/blog-header-3-768x432.png.webp,site/wp-content/uploads/2025/08/blog-header-3-768x432.png.webp,200,image/webp,53448,dom:desktop browser:image dom:mobile
https://pandaexteriors.com/wp-content/uploads/2025/08/blog-header-3.png,site/wp-content/uploads/2025/08/blog-header-3.png,200,image/png,647455,dom:desktop dom:mobile html:meta[og:image]
https://pandaexteriors.com/wp-content/uploads/2025/08/blog-header-3.png.webp,site/wp-content/uploads/2025/08/blog-header-3.png.webp,200,image/webp,117344,browser:image dom:desktop dom:mobile
https://pandaexteriors.com/wp-content/uploads/2025/08/blog-header-300x169.png,site/wp-content/uploads/2025/08/blog-header-300x169.png,200,image/png,19677,dom:desktop dom:mobile html:img[srcset]
https://pandaexteriors.com/wp-content/uploads/2025/08/blog-header-300x169.png.webp,site/wp-content/uploads/2025/08/blog-header-300x169.png.webp,200,image/webp,11956,dom:desktop dom:mobile html:link[imagesrcset]
https://pandaexteriors.com/wp-content/uploads/2025/08/blog-header-4-1024x576.png,site/wp-content/uploads/2025/08/blog-header-4-1024x576.png,200,image/png,160640,dom:desktop dom:mobile html:img[srcset]
https://pandaexteriors.com/wp-content/uploads/2025/08/blog-header-4-1024x576.png.webp,site/wp-content/uploads/2025/08/blog-header-4-1024x576.png.webp,200,image/webp,67094,dom:desktop dom:mobile html:link[imagesrcset]
https://pandaexteriors.com/wp-content/uploads/2025/08/blog-header-4-300x169.png,site/wp-content/uploads/2025/08/blog-header-4-300x169.png,200,image/png,20716,dom:desktop dom:mobile html:img[srcset]
https://pandaexteriors.com/wp-content/uploads/2025/08/blog-header-4-300x169.png.webp,site/wp-content/uploads/2025/08/blog-header-4-300x169.png.webp,200,image/webp,10820,dom:desktop dom:mobile html:link[imagesrcset]
https://pandaexteriors.com/wp-content/uploads/2025/08/blog-header-4-768x432.png,site/wp-content/uploads/2025/08/blog-header-4-768x432.png,200,image/png,97031,dom:desktop dom:mobile html:img[srcset]
https://pandaexteriors.com/wp-content/uploads/2025/08/blog-header-4-768x432.png.webp,site/wp-content/uploads/2025/08/blog-header-4-768x432.png.webp,200,image/webp,44646,dom:desktop browser:image dom:mobile
https://pandaexteriors.com/wp-content/uploads/2025/08/blog-header-4.png,site/wp-content/uploads/2025/08/blog-header-4.png,200,image/png,532050,dom:desktop dom:mobile html:meta[og:image]
https://pandaexteriors.com/wp-content/uploads/2025/08/blog-header-4.png.webp,site/wp-content/uploads/2025/08/blog-header-4.png.webp,200,image/webp,93536,browser:image dom:desktop dom:mobile
https://pandaexteriors.com/wp-content/uploads/2025/08/blog-header-768x432.png,site/wp-content/uploads/2025/08/blog-header-768x432.png,200,image/png,94135,dom:desktop dom:mobile html:img[srcset]
https://pandaexteriors.com/wp-content/uploads/2025/08/blog-header-768x432.png.webp,site/wp-content/uploads/2025/08/blog-header-768x432.png.webp,200,image/webp,49666,dom:desktop browser:image dom:mobile
https://pandaexteriors.com/wp-content/uploads/2025/08/blog-header.png,site/wp-content/uploads/2025/08/blog-header.png,200,image/png,717449,dom:desktop dom:mobile html:meta[og:image]
https://pandaexteriors.com/wp-content/uploads/2025/08/blog-header.png.webp,site/wp-content/uploads/2025/08/blog-header.png.webp,200,image/webp,114448,browser:image dom:desktop dom:mobile
https://pandaexteriors.com/wp-content/uploads/2025/08/Blog.jpg,site/wp-content/uploads/2025/08/Blog.jpg,200,image/jpeg,170216,dom:desktop dom:mobile html:img[data-lazy-srcset]
https://pandaexteriors.com/wp-content/uploads/2025/08/Blog.jpg.webp,site/wp-content/uploads/2025/08/Blog.jpg.webp,200,image/webp,136708,browser:image dom:desktop dom:mobile
https://pandaexteriors.com/wp-content/uploads/2025/08/Blog.png,site/wp-content/uploads/2025/08/Blog.png,200,image/png,560227,dom:desktop dom:mobile html:img[data-lazy-srcset]
https://pandaexteriors.com/wp-content/uploads/2025/08/Blog.png.webp,site/wp-content/uploads/2025/08/Blog.png.webp,200,image/webp,78814,browser:image dom:desktop dom:mobile
https://pandaexteriors.com/wp-content/uploads/2025/10/alpine-2-tb-ch_n.jpg,site/wp-content/uploads/2025/10/alpine-2-tb-ch_n.jpg,200,image/jpeg,56441,dom:desktop dom:mobile html:img[data-lazy-src]
https://pandaexteriors.com/wp-content/uploads/2025/10/alpine-2-tb-ch_n.jpg.webp,site/wp-content/uploads/2025/10/alpine-2-tb-ch_n.jpg.webp,200,image/webp,19688,browser:image dom:desktop dom:mobile
https://pandaexteriors.com/wp-content/uploads/2025/10/alpine-2-tb-or_n.jpg,site/wp-content/uploads/2025/10/alpine-2-tb-or_n.jpg,200,image/jpeg,57705,dom:desktop dom:mobile html:img[data-lazy-src]
https://pandaexteriors.com/wp-content/uploads/2025/10/alpine-2-tb-or_n.jpg.webp,site/wp-content/uploads/2025/10/alpine-2-tb-or_n.jpg.webp,200,image/webp,20256,browser:image dom:desktop dom:mobile
https://pandaexteriors.com/wp-content/uploads/2025/10/alpine-tub-2-tb-ch_n.jpg,site/wp-content/uploads/2025/10/alpine-tub-2-tb-ch_n.jpg,200,image/jpeg,66463,dom:desktop dom:mobile html:img[data-lazy-src]
https://pandaexteriors.com/wp-content/uploads/2025/10/alpine-tub-2-tb-ch_n.jpg.webp,site/wp-content/uploads/2025/10/alpine-tub-2-tb-ch_n.jpg.webp,200,image/webp,12126,browser:image dom:desktop dom:mobile
https://pandaexteriors.com/wp-content/uploads/2025/10/alpine-tub-2-tb-mb_n.jpg,site/wp-content/uploads/2025/10/alpine-tub-2-tb-mb_n.jpg,200,image/jpeg,67280,dom:desktop dom:mobile html:img[data-lazy-src]
https://pandaexteriors.com/wp-content/uploads/2025/10/alpine-tub-2-tb-mb_n.jpg.webp,site/wp-content/uploads/2025/10/alpine-tub-2-tb-mb_n.jpg.webp,200,image/webp,12208,browser:image dom:desktop dom:mobile
https://pandaexteriors.com/wp-content/uploads/2025/10/blog-header-1024x576.png,site/wp-content/uploads/2025/10/blog-header-1024x576.png,200,image/png,217765,dom:desktop dom:mobile html:img[data-lazy-srcset]
https://pandaexteriors.com/wp-content/uploads/2025/10/blog-header-1024x576.png.webp,site/wp-content/uploads/2025/10/blog-header-1024x576.png.webp,200,image/webp,82476,dom:desktop dom:mobile html:source[data-lazy-srcset]
https://pandaexteriors.com/wp-content/uploads/2025/10/blog-header-300x169.png,site/wp-content/uploads/2025/10/blog-header-300x169.png,200,image/png,27762,dom:desktop dom:mobile html:img[data-lazy-srcset]
https://pandaexteriors.com/wp-content/uploads/2025/10/blog-header-300x169.png.webp,site/wp-content/uploads/2025/10/blog-header-300x169.png.webp,200,image/webp,14088,dom:desktop dom:mobile html:source[data-lazy-srcset]
https://pandaexteriors.com/wp-content/uploads/2025/10/blog-header-768x432.png,site/wp-content/uploads/2025/10/blog-header-768x432.png,200,image/png,133500,dom:desktop dom:mobile html:img[data-lazy-srcset]
https://pandaexteriors.com/wp-content/uploads/2025/10/blog-header-768x432.png.webp,site/wp-content/uploads/2025/10/blog-header-768x432.png.webp,200,image/webp,56304,dom:desktop browser:image dom:mobile
https://pandaexteriors.com/wp-content/uploads/2025/10/blog-header.png,site/wp-content/uploads/2025/10/blog-header.png,200,image/png,893091,dom:desktop dom:mobile html:img[data-lazy-srcset]
https://pandaexteriors.com/wp-content/uploads/2025/10/blog-header.png.webp,site/wp-content/uploads/2025/10/blog-header.png.webp,200,image/webp,116778,browser:image dom:desktop dom:mobile
https://pandaexteriors.com/wp-content/uploads/2025/10/dr-cvr-4_n.jpg,site/wp-content/uploads/2025/10/dr-cvr-4_n.jpg,200,image/jpeg,13399,dom:desktop dom:mobile html:img[data-lazy-src]
https://pandaexteriors.com/wp-content/uploads/2025/10/dr-cvr-4_n.jpg.webp,site/wp-content/uploads/2025/10/dr-cvr-4_n.jpg.webp,200,image/webp,8494,browser:image dom:desktop dom:mobile
https://pandaexteriors.com/wp-content/uploads/2025/10/la-de4874chcl16_n.jpg,site/wp-content/uploads/2025/10/la-de4874chcl16_n.jpg,200,image/jpeg,71799,dom:desktop dom:mobile html:img[data-lazy-src]
https://pandaexteriors.com/wp-content/uploads/2025/10/la-de4874chcl16_n.jpg.webp,site/wp-content/uploads/2025/10/la-de4874chcl16_n.jpg.webp,200,image/webp,18832,browser:image dom:desktop dom:mobile
https://pandaexteriors.com/wp-content/uploads/2025/10/la-rsh01-c_n.jpg,site/wp-content/uploads/2025/10/la-rsh01-c_n.jpg,200,image/jpeg,24693,dom:desktop dom:mobile html:img[data-lazy-src]
https://pandaexteriors.com/wp-content/uploads/2025/10/la-rsh01-c_n.jpg.webp,site/wp-content/uploads/2025/10/la-rsh01-c_n.jpg.webp,200,image/webp,15022,browser:image dom:desktop dom:mobile
https://pandaexteriors.com/wp-content/uploads/2025/10/la-sfr-bn_n.jpg,site/wp-content/uploads/2025/10/la-sfr-bn_n.jpg,200,image/jpeg,9844,dom:desktop dom:mobile html:img[data-lazy-src]
https://pandaexteriors.com/wp-content/uploads/2025/10/la-sfr-bn_n.jpg.webp,site/wp-content/uploads/2025/10/la-sfr-bn_n.jpg.webp,200,image/webp,4362,browser:image dom:desktop dom:mobile
https://pandaexteriors.com/wp-content/uploads/2025/10/mt-2473-tc_n.jpg,site/wp-content/uploads/2025/10/mt-2473-tc_n.jpg,200,image/jpeg,17988,dom:desktop dom:mobile html:img[data-lazy-src]
https://pandaexteriors.com/wp-content/uploads/2025/10/mt-2473-tc_n.jpg.webp,site/wp-content/uploads/2025/10/mt-2473-tc_n.jpg.webp,200,image/webp,11848,browser:image dom:desktop dom:mobile
https://pandaexteriors.com/wp-content/uploads/2025/10/Resized_20250915_144918.JPEG,,404,text/html,320,browser:image dom:desktop dom:mobile
https://pandaexteriors.com/wp-content/uploads/2025/10/Resized952025100195135114.jpg,site/wp-content/uploads/2025/10/Resized952025100195135114.jpg,200,image/jpeg,26713,dom:desktop dom:mobile html:img[data-lazy-src]
https://pandaexteriors.com/wp-content/uploads/2025/10/Resized952025100195135114.jpg.webp,site/wp-content/uploads/2025/10/Resized952025100195135114.jpg.webp,200,image/webp,22896,browser:image dom:desktop dom:mobile
https://pandaexteriors.com/wp-content/uploads/2025/10/trm-lkt-s-bn_n.jpg,site/wp-content/uploads/2025/10/trm-lkt-s-bn_n.jpg,200,image/jpeg,53647,dom:desktop dom:mobile html:img[data-lazy-src]
https://pandaexteriors.com/wp-content/uploads/2025/10/trm-lkt-s-bn_n.jpg.webp,site/wp-content/uploads/2025/10/trm-lkt-s-bn_n.jpg.webp,200,image/webp,9010,browser:image dom:desktop dom:mobile
https://pandaexteriors.com/wp-content/uploads/2025/11/1112-1024x576.png,site/wp-content/uploads/2025/11/1112-1024x576.png,200,image/png,228937,dom:desktop dom:mobile html:img[data-lazy-srcset]
https://pandaexteriors.com/wp-content/uploads/2025/11/1112-1024x576.png.webp,site/wp-content/uploads/2025/11/1112-1024x576.png.webp,200,image/webp,116504,dom:desktop dom:mobile html:source[data-lazy-srcset]
https://pandaexteriors.com/wp-content/uploads/2025/11/1112-300x169.png,site/wp-content/uploads/2025/11/1112-300x169.png,200,image/png,28354,dom:desktop dom:mobile html:img[data-lazy-srcset]
https://pandaexteriors.com/wp-content/uploads/2025/11/1112-300x169.png.webp,site/wp-content/uploads/2025/11/1112-300x169.png.webp,200,image/webp,17874,dom:desktop dom:mobile html:source[data-lazy-srcset]
https://pandaexteriors.com/wp-content/uploads/2025/11/1112-768x432.png,site/wp-content/uploads/2025/11/1112-768x432.png,200,image/png,138483,dom:desktop dom:mobile html:img[data-lazy-srcset]
https://pandaexteriors.com/wp-content/uploads/2025/11/1112-768x432.png.webp,site/wp-content/uploads/2025/11/1112-768x432.png.webp,200,image/webp,74044,dom:desktop browser:image dom:mobile
https://pandaexteriors.com/wp-content/uploads/2025/11/1112.png,site/wp-content/uploads/2025/11/1112.png,200,image/png,1029264,dom:desktop dom:mobile html:img[data-lazy-srcset]
https://pandaexteriors.com/wp-content/uploads/2025/11/1112.png.webp,site/wp-content/uploads/2025/11/1112.png.webp,200,image/webp,164086,browser:image dom:desktop dom:mobile
https://pandaexteriors.com/wp-content/uploads/2025/11/1119-1024x576.png,site/wp-content/uploads/2025/11/1119-1024x576.png,200,image/png,262683,dom:desktop dom:mobile html:img[srcset]
https://pandaexteriors.com/wp-content/uploads/2025/11/1119-1024x576.png.webp,site/wp-content/uploads/2025/11/1119-1024x576.png.webp,200,image/webp,102968,dom:desktop dom:mobile html:link[imagesrcset]
https://pandaexteriors.com/wp-content/uploads/2025/11/1119-300x169.png,site/wp-content/uploads/2025/11/1119-300x169.png,200,image/png,29035,dom:desktop dom:mobile html:img[srcset]
https://pandaexteriors.com/wp-content/uploads/2025/11/1119-300x169.png.webp,site/wp-content/uploads/2025/11/1119-300x169.png.webp,200,image/webp,16962,dom:desktop dom:mobile html:link[imagesrcset]
https://pandaexteriors.com/wp-content/uploads/2025/11/1119-768x432.png,site/wp-content/uploads/2025/11/1119-768x432.png,200,image/png,154526,dom:desktop dom:mobile html:img[srcset]
https://pandaexteriors.com/wp-content/uploads/2025/11/1119-768x432.png.webp,site/wp-content/uploads/2025/11/1119-768x432.png.webp,200,image/webp,65828,dom:desktop browser:image dom:mobile
https://pandaexteriors.com/wp-content/uploads/2025/11/1119.png,site/wp-content/uploads/2025/11/1119.png,200,image/png,1051176,dom:desktop dom:mobile html:meta[og:image]
https://pandaexteriors.com/wp-content/uploads/2025/11/1119.png.webp,site/wp-content/uploads/2025/11/1119.png.webp,200,image/webp,158220,browser:image dom:desktop dom:mobile
https://pandaexteriors.com/wp-content/uploads/2025/11/1126-1024x576.png,site/wp-content/uploads/2025/11/1126-1024x576.png,200,image/png,193819,dom:desktop dom:mobile html:img[srcset]
https://pandaexteriors.com/wp-content/uploads/2025/11/1126-1024x576.png.webp,site/wp-content/uploads/2025/11/1126-1024x576.png.webp,200,image/webp,80728,dom:desktop dom:mobile html:source[srcset]
https://pandaexteriors.com/wp-content/uploads/2025/11/1126-300x169.png,site/wp-content/uploads/2025/11/1126-300x169.png,200,image/png,26799,dom:desktop dom:mobile html:img[srcset]
https://pandaexteriors.com/wp-content/uploads/2025/11/1126-300x169.png.webp,site/wp-content/uploads/2025/11/1126-300x169.png.webp,200,image/webp,15746,dom:desktop dom:mobile html:source[srcset]
https://pandaexteriors.com/wp-content/uploads/2025/11/1126-768x432.png,site/wp-content/uploads/2025/11/1126-768x432.png,200,image/png,119152,dom:desktop dom:mobile html:img[srcset]
https://pandaexteriors.com/wp-content/uploads/2025/11/1126-768x432.png.webp,site/wp-content/uploads/2025/11/1126-768x432.png.webp,200,image/webp,55094,dom:desktop browser:image dom:mobile
https://pandaexteriors.com/wp-content/uploads/2025/11/1126.png,site/wp-content/uploads/2025/11/1126.png,200,image/png,718905,dom:desktop dom:mobile html:img[src]
https://pandaexteriors.com/wp-content/uploads/2025/11/1126.png.webp,site/wp-content/uploads/2025/11/1126.png.webp,200,image/webp,107422,browser:image dom:desktop dom:mobile
https://pandaexteriors.com/wp-content/uploads/2025/12/1203-1024x576.png,site/wp-content/uploads/2025/12/1203-1024x576.png,200,image/png,191145,dom:desktop dom:mobile html:img[srcset]
https://pandaexteriors.com/wp-content/uploads/2025/12/1203-1024x576.png.webp,site/wp-content/uploads/2025/12/1203-1024x576.png.webp,200,image/webp,96454,dom:desktop dom:mobile html:source[srcset]
https://pandaexteriors.com/wp-content/uploads/2025/12/1203-300x169.png,site/wp-content/uploads/2025/12/1203-300x169.png,200,image/png,25672,dom:desktop dom:mobile html:img[srcset]
https://pandaexteriors.com/wp-content/uploads/2025/12/1203-300x169.png.webp,site/wp-content/uploads/2025/12/1203-300x169.png.webp,200,image/webp,16370,dom:desktop dom:mobile html:source[srcset]
https://pandaexteriors.com/wp-content/uploads/2025/12/1203-768x432.png,site/wp-content/uploads/2025/12/1203-768x432.png,200,image/png,117679,dom:desktop dom:mobile html:img[srcset]
https://pandaexteriors.com/wp-content/uploads/2025/12/1203-768x432.png.webp,site/wp-content/uploads/2025/12/1203-768x432.png.webp,200,image/webp,64172,dom:desktop browser:image dom:mobile
https://pandaexteriors.com/wp-content/uploads/2025/12/1203.png,site/wp-content/uploads/2025/12/1203.png,200,image/png,712168,dom:desktop dom:mobile html:img[src]
https://pandaexteriors.com/wp-content/uploads/2025/12/1203.png.webp,site/wp-content/uploads/2025/12/1203.png.webp,200,image/webp,135910,browser:image dom:desktop dom:mobile
https://pandaexteriors.com/wp-content/uploads/2025/12/1210-1024x576.png,site/wp-content/uploads/2025/12/1210-1024x576.png,200,image/png,186259,dom:desktop dom:mobile html:img[srcset]
https://pandaexteriors.com/wp-content/uploads/2025/12/1210-1024x576.png.webp,site/wp-content/uploads/2025/12/1210-1024x576.png.webp,200,image/webp,102338,dom:desktop dom:mobile html:source[srcset]
https://pandaexteriors.com/wp-content/uploads/2025/12/1210-300x169.png,site/wp-content/uploads/2025/12/1210-300x169.png,200,image/png,24646,dom:desktop dom:mobile html:img[srcset]
https://pandaexteriors.com/wp-content/uploads/2025/12/1210-300x169.png.webp,site/wp-content/uploads/2025/12/1210-300x169.png.webp,200,image/webp,15018,dom:desktop dom:mobile html:source[srcset]
https://pandaexteriors.com/wp-content/uploads/2025/12/1210-768x432.png,site/wp-content/uploads/2025/12/1210-768x432.png,200,image/png,114642,dom:desktop dom:mobile html:img[srcset]
https://pandaexteriors.com/wp-content/uploads/2025/12/1210-768x432.png.webp,site/wp-content/uploads/2025/12/1210-768x432.png.webp,200,image/webp,65550,dom:desktop browser:image dom:mobile
https://pandaexteriors.com/wp-content/uploads/2025/12/1210.png,site/wp-content/uploads/2025/12/1210.png,200,image/png,810227,dom:desktop dom:mobile html:img[src]
https://pandaexteriors.com/wp-content/uploads/2025/12/1210.png.webp,site/wp-content/uploads/2025/12/1210.png.webp,200,image/webp,148242,browser:image dom:desktop dom:mobile
https://pandaexteriors.com/wp-content/uploads/2025/12/1217-1024x576.png,site/wp-content/uploads/2025/12/1217-1024x576.png,200,image/png,171942,dom:desktop dom:mobile html:img[srcset]
https://pandaexteriors.com/wp-content/uploads/2025/12/1217-1024x576.png.webp,site/wp-content/uploads/2025/12/1217-1024x576.png.webp,200,image/webp,101640,dom:desktop dom:mobile html:link[imagesrcset]
https://pandaexteriors.com/wp-content/uploads/2025/12/1217-300x169.png,site/wp-content/uploads/2025/12/1217-300x169.png,200,image/png,24368,dom:desktop dom:mobile html:img[srcset]
https://pandaexteriors.com/wp-content/uploads/2025/12/1217-300x169.png.webp,site/wp-content/uploads/2025/12/1217-300x169.png.webp,200,image/webp,16684,dom:desktop dom:mobile html:link[imagesrcset]
https://pandaexteriors.com/wp-content/uploads/2025/12/1217-768x432.png,site/wp-content/uploads/2025/12/1217-768x432.png,200,image/png,107648,dom:desktop dom:mobile html:img[srcset]
https://pandaexteriors.com/wp-content/uploads/2025/12/1217-768x432.png.webp,site/wp-content/uploads/2025/12/1217-768x432.png.webp,200,image/webp,69930,dom:desktop browser:image dom:mobile
https://pandaexteriors.com/wp-content/uploads/2025/12/1217.png,site/wp-content/uploads/2025/12/1217.png,200,image/png,744015,dom:desktop dom:mobile html:meta[og:image]
https://pandaexteriors.com/wp-content/uploads/2025/12/1217.png.webp,site/wp-content/uploads/2025/12/1217.png.webp,200,image/webp,140962,browser:image dom:desktop dom:mobile
https://pandaexteriors.com/wp-content/uploads/2026/01/01_07-1024x576.png,site/wp-content/uploads/2026/01/01_07-1024x576.png,200,image/png,221640,dom:desktop dom:mobile html:img[srcset]
https://pandaexteriors.com/wp-content/uploads/2026/01/01_07-1024x576.png.webp,site/wp-content/uploads/2026/01/01_07-1024x576.png.webp,200,image/webp,151124,dom:desktop dom:mobile html:link[imagesrcset]
https://pandaexteriors.com/wp-content/uploads/2026/01/01_07-300x169.png,site/wp-content/uploads/2026/01/01_07-300x169.png,200,image/png,26078,dom:desktop dom:mobile html:img[srcset]
https://pandaexteriors.com/wp-content/uploads/2026/01/01_07-300x169.png.webp,site/wp-content/uploads/2026/01/01_07-300x169.png.webp,200,image/webp,20338,dom:desktop dom:mobile html:link[imagesrcset]
https://pandaexteriors.com/wp-content/uploads/2026/01/01_07-768x432.png,site/wp-content/uploads/2026/01/01_07-768x432.png,200,image/png,130192,dom:desktop dom:mobile html:img[srcset]
https://pandaexteriors.com/wp-content/uploads/2026/01/01_07-768x432.png.webp,site/wp-content/uploads/2026/01/01_07-768x432.png.webp,200,image/webp,93428,dom:desktop browser:image dom:mobile
https://pandaexteriors.com/wp-content/uploads/2026/01/01_07.png,site/wp-content/uploads/2026/01/01_07.png,200,image/png,1015204,dom:desktop dom:mobile html:meta[og:image]
https://pandaexteriors.com/wp-content/uploads/2026/01/01_07.png.webp,site/wp-content/uploads/2026/01/01_07.png.webp,200,image/webp,240916,browser:image dom:desktop dom:mobile
https://pandaexteriors.com/wp-content/uploads/2026/01/01_14-1024x576.png,site/wp-content/uploads/2026/01/01_14-1024x576.png,200,image/png,216534,dom:desktop dom:mobile html:img[srcset]
https://pandaexteriors.com/wp-content/uploads/2026/01/01_14-1024x576.png.webp,site/wp-content/uploads/2026/01/01_14-1024x576.png.webp,200,image/webp,90924,dom:desktop dom:mobile html:source[srcset]
https://pandaexteriors.com/wp-content/uploads/2026/01/01_14-300x169.png,site/wp-content/uploads/2026/01/01_14-300x169.png,200,image/png,26515,dom:desktop dom:mobile html:img[srcset]
https://pandaexteriors.com/wp-content/uploads/2026/01/01_14-300x169.png.webp,site/wp-content/uploads/2026/01/01_14-300x169.png.webp,200,image/webp,16074,dom:desktop dom:mobile html:source[srcset]
https://pandaexteriors.com/wp-content/uploads/2026/01/01_14-768x432.png,site/wp-content/uploads/2026/01/01_14-768x432.png,200,image/png,130996,dom:desktop dom:mobile html:img[srcset]
https://pandaexteriors.com/wp-content/uploads/2026/01/01_14-768x432.png.webp,site/wp-content/uploads/2026/01/01_14-768x432.png.webp,200,image/webp,61932,dom:desktop browser:image dom:mobile
https://pandaexteriors.com/wp-content/uploads/2026/01/01_14.png,site/wp-content/uploads/2026/01/01_14.png,200,image/png,791362,dom:desktop dom:mobile html:img[src]
https://pandaexteriors.com/wp-content/uploads/2026/01/01_14.png.webp,site/wp-content/uploads/2026/01/01_14.png.webp,200,image/webp,118684,browser:image dom:desktop dom:mobile
https://pandaexteriors.com/wp-content/uploads/2026/01/12_31-1024x576.png,site/wp-content/uploads/2026/01/12_31-1024x576.png,200,image/png,199494,dom:desktop dom:mobile html:img[srcset]
https://pandaexteriors.com/wp-content/uploads/2026/01/12_31-1024x576.png.webp,site/wp-content/uploads/2026/01/12_31-1024x576.png.webp,200,image/webp,92436,dom:desktop dom:mobile html:link[imagesrcset]
https://pandaexteriors.com/wp-content/uploads/2026/01/12_31-300x169.png,site/wp-content/uploads/2026/01/12_31-300x169.png,200,image/png,28749,dom:desktop dom:mobile html:img[srcset]
https://pandaexteriors.com/wp-content/uploads/2026/01/12_31-300x169.png.webp,site/wp-content/uploads/2026/01/12_31-300x169.png.webp,200,image/webp,16622,dom:desktop dom:mobile html:link[imagesrcset]
https://pandaexteriors.com/wp-content/uploads/2026/01/12_31-768x432.png,site/wp-content/uploads/2026/01/12_31-768x432.png,200,image/png,127415,dom:desktop dom:mobile html:img[srcset]
https://pandaexteriors.com/wp-content/uploads/2026/01/12_31-768x432.png.webp,site/wp-content/uploads/2026/01/12_31-768x432.png.webp,200,image/webp,62568,dom:desktop browser:image dom:mobile
https://pandaexteriors.com/wp-content/uploads/2026/01/12_31.png,site/wp-content/uploads/2026/01/12_31.png,200,image/png,823781,dom:desktop dom:mobile html:meta[og:image]
https://pandaexteriors.com/wp-content/uploads/2026/01/12_31.png.webp,site/wp-content/uploads/2026/01/12_31.png.webp,200,image/webp,117970,browser:image dom:desktop dom:mobile
https://pandaexteriors.com/wp-content/uploads/2026/01/1224-1024x576.png,site/wp-content/uploads/2026/01/1224-1024x576.png,200,image/png,138822,dom:desktop dom:mobile html:img[srcset]
https://pandaexteriors.com/wp-content/uploads/2026/01/1224-1024x576.png.webp,site/wp-content/uploads/2026/01/1224-1024x576.png.webp,200,image/webp,63956,dom:desktop dom:mobile html:link[imagesrcset]
https://pandaexteriors.com/wp-content/uploads/2026/01/1224-300x169.png,site/wp-content/uploads/2026/01/1224-300x169.png,200,image/png,20243,dom:desktop dom:mobile html:img[srcset]
https://pandaexteriors.com/wp-content/uploads/2026/01/1224-300x169.png.webp,site/wp-content/uploads/2026/01/1224-300x169.png.webp,200,image/webp,11476,dom:desktop dom:mobile html:link[imagesrcset]
https://pandaexteriors.com/wp-content/uploads/2026/01/1224-768x432.png,site/wp-content/uploads/2026/01/1224-768x432.png,200,image/png,87294,dom:desktop dom:mobile html:img[srcset]
https://pandaexteriors.com/wp-content/uploads/2026/01/1224-768x432.png.webp,site/wp-content/uploads/2026/01/1224-768x432.png.webp,200,image/webp,43860,dom:desktop browser:image dom:mobile
https://pandaexteriors.com/wp-content/uploads/2026/01/1224.png,site/wp-content/uploads/2026/01/1224.png,200,image/png,537493,dom:desktop dom:mobile html:meta[og:image]
https://pandaexteriors.com/wp-content/uploads/2026/01/1224.png.webp,site/wp-content/uploads/2026/01/1224.png.webp,200,image/webp,83624,browser:image dom:desktop dom:mobile
https://pandaexteriors.com/wp-content/uploads/2026/01/128-1024x576.png,site/wp-content/uploads/2026/01/128-1024x576.png,200,image/png,113637,dom:desktop dom:mobile html:img[srcset]
https://pandaexteriors.com/wp-content/uploads/2026/01/128-1024x576.png.webp,site/wp-content/uploads/2026/01/128-1024x576.png.webp,200,image/webp,63980,dom:desktop dom:mobile html:link[imagesrcset]
https://pandaexteriors.com/wp-content/uploads/2026/01/128-300x169.png,site/wp-content/uploads/2026/01/128-300x169.png,200,image/png,17787,dom:desktop dom:mobile html:img[srcset]
https://pandaexteriors.com/wp-content/uploads/2026/01/128-300x169.png.webp,site/wp-content/uploads/2026/01/128-300x169.png.webp,200,image/webp,11370,dom:desktop dom:mobile html:link[imagesrcset]
https://pandaexteriors.com/wp-content/uploads/2026/01/128-768x432.png,site/wp-content/uploads/2026/01/128-768x432.png,200,image/png,71642,dom:desktop dom:mobile html:img[srcset]
https://pandaexteriors.com/wp-content/uploads/2026/01/128-768x432.png.webp,site/wp-content/uploads/2026/01/128-768x432.png.webp,200,image/webp,42482,dom:desktop browser:image dom:mobile
https://pandaexteriors.com/wp-content/uploads/2026/01/128.png,site/wp-content/uploads/2026/01/128.png,200,image/png,609169,dom:desktop dom:mobile html:meta[og:image]
https://pandaexteriors.com/wp-content/uploads/2026/01/128.png.webp,site/wp-content/uploads/2026/01/128.png.webp,200,image/webp,83202,browser:image dom:desktop dom:mobile
https://pandaexteriors.com/wp-content/uploads/2026/01/blog-header-1-1024x576.png,site/wp-content/uploads/2026/01/blog-header-1-1024x576.png,200,image/png,137678,dom:desktop dom:mobile html:img[srcset]
https://pandaexteriors.com/wp-content/uploads/2026/01/blog-header-1-1024x576.png.webp,site/wp-content/uploads/2026/01/blog-header-1-1024x576.png.webp,200,image/webp,79350,dom:desktop dom:mobile html:source[srcset]
https://pandaexteriors.com/wp-content/uploads/2026/01/blog-header-1-300x169.png,site/wp-content/uploads/2026/01/blog-header-1-300x169.png,200,image/png,19364,dom:desktop dom:mobile html:img[srcset]
https://pandaexteriors.com/wp-content/uploads/2026/01/blog-header-1-300x169.png.webp,site/wp-content/uploads/2026/01/blog-header-1-300x169.png.webp,200,image/webp,12592,dom:desktop dom:mobile html:source[srcset]
https://pandaexteriors.com/wp-content/uploads/2026/01/blog-header-1-768x432.png,site/wp-content/uploads/2026/01/blog-header-1-768x432.png,200,image/png,86652,dom:desktop dom:mobile html:img[srcset]
https://pandaexteriors.com/wp-content/uploads/2026/01/blog-header-1-768x432.png.webp,site/wp-content/uploads/2026/01/blog-header-1-768x432.png.webp,200,image/webp,53100,dom:desktop browser:image dom:mobile
https://pandaexteriors.com/wp-content/uploads/2026/01/blog-header-1.png,site/wp-content/uploads/2026/01/blog-header-1.png,200,image/png,666341,dom:desktop dom:mobile html:img[src]
https://pandaexteriors.com/wp-content/uploads/2026/01/blog-header-1.png.webp,site/wp-content/uploads/2026/01/blog-header-1.png.webp,200,image/webp,107454,browser:image dom:desktop dom:mobile
https://pandaexteriors.com/wp-content/uploads/2026/02/Blog-1024x576.png,site/wp-content/uploads/2026/02/Blog-1024x576.png,200,image/png,125489,dom:desktop dom:mobile html:img[srcset]
https://pandaexteriors.com/wp-content/uploads/2026/02/Blog-1024x576.png.webp,site/wp-content/uploads/2026/02/Blog-1024x576.png.webp,200,image/webp,56090,dom:desktop dom:mobile html:link[imagesrcset]
https://pandaexteriors.com/wp-content/uploads/2026/02/Blog-300x169.png,site/wp-content/uploads/2026/02/Blog-300x169.png,200,image/png,17505,dom:desktop dom:mobile html:img[srcset]
https://pandaexteriors.com/wp-content/uploads/2026/02/Blog-300x169.png.webp,site/wp-content/uploads/2026/02/Blog-300x169.png.webp,200,image/webp,9946,dom:desktop dom:mobile html:link[imagesrcset]
https://pandaexteriors.com/wp-content/uploads/2026/02/Blog-768x432.png,site/wp-content/uploads/2026/02/Blog-768x432.png,200,image/png,76865,dom:desktop dom:mobile html:img[srcset]
https://pandaexteriors.com/wp-content/uploads/2026/02/Blog-768x432.png.webp,site/wp-content/uploads/2026/02/Blog-768x432.png.webp,200,image/webp,39432,dom:desktop browser:image dom:mobile
https://pandaexteriors.com/wp-content/uploads/2026/02/Blog.png,site/wp-content/uploads/2026/02/Blog.png,200,image/png,553207,dom:desktop dom:mobile html:meta[og:image]
https://pandaexteriors.com/wp-content/uploads/2026/02/Blog.png.webp,site/wp-content/uploads/2026/02/Blog.png.webp,200,image/webp,77126,browser:image dom:desktop dom:mobile
https://pandaexteriors.com/wp-content/uploads/2026/02/Blogs-1024x576.png,site/wp-content/uploads/2026/02/Blogs-1024x576.png,200,image/png,115325,dom:desktop dom:mobile html:img[data-lazy-srcset]
https://pandaexteriors.com/wp-content/uploads/2026/02/Blogs-1024x576.png.webp,site/wp-content/uploads/2026/02/Blogs-1024x576.png.webp,200,image/webp,60894,dom:desktop dom:mobile html:source[data-lazy-srcset]
https://pandaexteriors.com/wp-content/uploads/2026/02/Blogs-300x169.png,site/wp-content/uploads/2026/02/Blogs-300x169.png,200,image/png,17093,dom:desktop dom:mobile html:img[data-lazy-srcset]
https://pandaexteriors.com/wp-content/uploads/2026/02/Blogs-300x169.png.webp,site/wp-content/uploads/2026/02/Blogs-300x169.png.webp,200,image/webp,11348,dom:desktop dom:mobile html:source[data-lazy-srcset]
https://pandaexteriors.com/wp-content/uploads/2026/02/Blogs-768x432.png,site/wp-content/uploads/2026/02/Blogs-768x432.png,200,image/png,72419,dom:desktop dom:mobile html:img[data-lazy-srcset]
https://pandaexteriors.com/wp-content/uploads/2026/02/Blogs-768x432.png.webp,site/wp-content/uploads/2026/02/Blogs-768x432.png.webp,200,image/webp,42076,dom:desktop browser:image dom:mobile
https://pandaexteriors.com/wp-content/uploads/2026/02/Blogs.png,site/wp-content/uploads/2026/02/Blogs.png,200,image/png,533865,dom:desktop dom:mobile html:meta[og:image]
https://pandaexteriors.com/wp-content/uploads/2026/02/Blogs.png.webp,site/wp-content/uploads/2026/02/Blogs.png.webp,200,image/webp,80678,browser:image dom:desktop dom:mobile
https://pandaexteriors.com/wp-content/uploads/2026/05/Blogs-2-2-300x169.png,site/wp-content/uploads/2026/05/Blogs-2-2-300x169.png,200,image/png,23154,dom:desktop dom:mobile html:img[data-lazy-srcset]
https://pandaexteriors.com/wp-content/uploads/2026/05/Blogs-2-2.png,site/wp-content/uploads/2026/05/Blogs-2-2.png,200,image/png,870849,browser:image dom:desktop dom:mobile
https://pandaexteriors.com/wp-content/uploads/2026/05/Blogs-3-1024x576.png,site/wp-content/uploads/2026/05/Blogs-3-1024x576.png,200,image/png,168456,dom:desktop dom:mobile html:img[srcset]
https://pandaexteriors.com/wp-content/uploads/2026/05/Blogs-3-1024x576.png.webp,site/wp-content/uploads/2026/05/Blogs-3-1024x576.png.webp,200,image/webp,80756,dom:desktop dom:mobile html:source[srcset]
https://pandaexteriors.com/wp-content/uploads/2026/05/Blogs-3-300x169.png,site/wp-content/uploads/2026/05/Blogs-3-300x169.png,200,image/png,24076,dom:desktop dom:mobile html:img[srcset]
https://pandaexteriors.com/wp-content/uploads/2026/05/Blogs-3-300x169.png.webp,site/wp-content/uploads/2026/05/Blogs-3-300x169.png.webp,200,image/webp,15002,dom:desktop dom:mobile html:source[srcset]
https://pandaexteriors.com/wp-content/uploads/2026/05/Blogs-3-768x432.png,site/wp-content/uploads/2026/05/Blogs-3-768x432.png,200,image/png,104416,dom:desktop dom:mobile html:img[srcset]
https://pandaexteriors.com/wp-content/uploads/2026/05/Blogs-3-768x432.png.webp,site/wp-content/uploads/2026/05/Blogs-3-768x432.png.webp,200,image/webp,55872,dom:desktop browser:image dom:mobile
https://pandaexteriors.com/wp-content/uploads/2026/05/Blogs-3.png,site/wp-content/uploads/2026/05/Blogs-3.png,200,image/png,936401,dom:desktop dom:mobile html:img[src]
https://pandaexteriors.com/wp-content/uploads/2026/05/Blogs-3.png.webp,site/wp-content/uploads/2026/05/Blogs-3.png.webp,200,image/webp,100962,browser:image dom:desktop dom:mobile
https://pandaexteriors.com/wp-content/uploads/2026/05/Blogs-4-1024x576.png,site/wp-content/uploads/2026/05/Blogs-4-1024x576.png,200,image/png,272292,dom:desktop dom:mobile html:img[srcset]
https://pandaexteriors.com/wp-content/uploads/2026/05/Blogs-4-1024x576.png.webp,site/wp-content/uploads/2026/05/Blogs-4-1024x576.png.webp,200,image/webp,123970,dom:desktop dom:mobile html:link[imagesrcset]
https://pandaexteriors.com/wp-content/uploads/2026/05/Blogs-4-300x169.png,site/wp-content/uploads/2026/05/Blogs-4-300x169.png,200,image/png,32303,dom:desktop dom:mobile html:img[srcset]
https://pandaexteriors.com/wp-content/uploads/2026/05/Blogs-4-300x169.png.webp,site/wp-content/uploads/2026/05/Blogs-4-300x169.png.webp,200,image/webp,18310,dom:desktop dom:mobile html:link[imagesrcset]
https://pandaexteriors.com/wp-content/uploads/2026/05/Blogs-4-768x432.png,site/wp-content/uploads/2026/05/Blogs-4-768x432.png,200,image/png,165130,dom:desktop dom:mobile html:img[srcset]
https://pandaexteriors.com/wp-content/uploads/2026/05/Blogs-4-768x432.png.webp,site/wp-content/uploads/2026/05/Blogs-4-768x432.png.webp,200,image/webp,81436,dom:desktop browser:image dom:mobile
https://pandaexteriors.com/wp-content/uploads/2026/05/Blogs-4.png,site/wp-content/uploads/2026/05/Blogs-4.png,200,image/png,1219357,dom:desktop dom:mobile html:meta[og:image]
https://pandaexteriors.com/wp-content/uploads/2026/05/Blogs-4.png.webp,site/wp-content/uploads/2026/05/Blogs-4.png.webp,200,image/webp,168638,browser:image dom:desktop dom:mobile
https://pandaexteriors.com/wp-content/uploads/2026/05/Blogs-5-1024x576.png,site/wp-content/uploads/2026/05/Blogs-5-1024x576.png,200,image/png,227030,dom:desktop dom:mobile html:img[data-lazy-srcset]
https://pandaexteriors.com/wp-content/uploads/2026/05/Blogs-5-1024x576.png.webp,site/wp-content/uploads/2026/05/Blogs-5-1024x576.png.webp,200,image/webp,125926,dom:desktop dom:mobile html:source[data-lazy-srcset]
https://pandaexteriors.com/wp-content/uploads/2026/05/Blogs-5-300x169.png,site/wp-content/uploads/2026/05/Blogs-5-300x169.png,200,image/png,28349,dom:desktop dom:mobile html:img[data-lazy-srcset]
https://pandaexteriors.com/wp-content/uploads/2026/05/Blogs-5-300x169.png.webp,site/wp-content/uploads/2026/05/Blogs-5-300x169.png.webp,200,image/webp,17568,dom:desktop dom:mobile html:source[data-lazy-srcset]
https://pandaexteriors.com/wp-content/uploads/2026/05/Blogs-5-768x432.png,site/wp-content/uploads/2026/05/Blogs-5-768x432.png,200,image/png,139622,dom:desktop dom:mobile html:img[data-lazy-srcset]
https://pandaexteriors.com/wp-content/uploads/2026/05/Blogs-5-768x432.png.webp,site/wp-content/uploads/2026/05/Blogs-5-768x432.png.webp,200,image/webp,80830,dom:desktop browser:image dom:mobile
https://pandaexteriors.com/wp-content/uploads/2026/05/Blogs-5.png,site/wp-content/uploads/2026/05/Blogs-5.png,200,image/png,1195079,dom:desktop dom:mobile html:img[data-lazy-srcset]
https://pandaexteriors.com/wp-content/uploads/2026/05/Blogs-5.png.webp,site/wp-content/uploads/2026/05/Blogs-5.png.webp,200,image/webp,166320,browser:image dom:desktop dom:mobile
https://pandaexteriors.com/wp-content/uploads/2026/05/Blogs-6-1024x576.png,site/wp-content/uploads/2026/05/Blogs-6-1024x576.png,200,image/png,162754,dom:desktop dom:mobile html:img[srcset]
https://pandaexteriors.com/wp-content/uploads/2026/05/Blogs-6-1024x576.png.webp,site/wp-content/uploads/2026/05/Blogs-6-1024x576.png.webp,200,image/webp,83706,dom:desktop dom:mobile html:link[imagesrcset]
https://pandaexteriors.com/wp-content/uploads/2026/05/Blogs-6-300x169.png,site/wp-content/uploads/2026/05/Blogs-6-300x169.png,200,image/png,21110,dom:desktop dom:mobile html:img[srcset]
https://pandaexteriors.com/wp-content/uploads/2026/05/Blogs-6-300x169.png.webp,site/wp-content/uploads/2026/05/Blogs-6-300x169.png.webp,200,image/webp,14112,dom:desktop dom:mobile html:link[imagesrcset]
https://pandaexteriors.com/wp-content/uploads/2026/05/Blogs-6-768x432.png,site/wp-content/uploads/2026/05/Blogs-6-768x432.png,200,image/png,100979,dom:desktop dom:mobile html:img[srcset]
https://pandaexteriors.com/wp-content/uploads/2026/05/Blogs-6-768x432.png.webp,site/wp-content/uploads/2026/05/Blogs-6-768x432.png.webp,200,image/webp,58144,dom:desktop browser:image dom:mobile
https://pandaexteriors.com/wp-content/uploads/2026/05/Blogs-6.png,site/wp-content/uploads/2026/05/Blogs-6.png,200,image/png,885197,dom:desktop dom:mobile html:meta[og:image]
https://pandaexteriors.com/wp-content/uploads/2026/05/Blogs-6.png.webp,site/wp-content/uploads/2026/05/Blogs-6.png.webp,200,image/webp,109750,browser:image dom:desktop dom:mobile
https://pandaexteriors.com/wp-content/uploads/2026/06/exterior_cleaning_services_with_mascot_fun_1200x675_under_1mb-1024x576.jpg,site/wp-content/uploads/2026/06/exterior_cleaning_services_with_mascot_fun_1200x675_under_1mb-1024x576.jpg,200,image/jpeg,117987,dom:desktop dom:mobile html:img[data-lazy-srcset]
https://pandaexteriors.com/wp-content/uploads/2026/06/exterior_cleaning_services_with_mascot_fun_1200x675_under_1mb-1024x576.jpg.webp,site/wp-content/uploads/2026/06/exterior_cleaning_services_with_mascot_fun_1200x675_under_1mb-1024x576.jpg.webp,200,image/webp,88774,dom:desktop dom:mobile html:source[data-lazy-srcset]
https://pandaexteriors.com/wp-content/uploads/2026/06/exterior_cleaning_services_with_mascot_fun_1200x675_under_1mb-300x169.jpg,site/wp-content/uploads/2026/06/exterior_cleaning_services_with_mascot_fun_1200x675_under_1mb-300x169.jpg,200,image/jpeg,16936,dom:desktop dom:mobile html:img[data-lazy-srcset]
https://pandaexteriors.com/wp-content/uploads/2026/06/exterior_cleaning_services_with_mascot_fun_1200x675_under_1mb-300x169.jpg.webp,site/wp-content/uploads/2026/06/exterior_cleaning_services_with_mascot_fun_1200x675_under_1mb-300x169.jpg.webp,200,image/webp,14426,dom:desktop dom:mobile html:source[data-lazy-srcset]
https://pandaexteriors.com/wp-content/uploads/2026/06/exterior_cleaning_services_with_mascot_fun_1200x675_under_1mb-768x432.jpg,site/wp-content/uploads/2026/06/exterior_cleaning_services_with_mascot_fun_1200x675_under_1mb-768x432.jpg,200,image/jpeg,74660,dom:desktop dom:mobile html:img[data-lazy-srcset]
https://pandaexteriors.com/wp-content/uploads/2026/06/exterior_cleaning_services_with_mascot_fun_1200x675_under_1mb-768x432.jpg.webp,site/wp-content/uploads/2026/06/exterior_cleaning_services_with_mascot_fun_1200x675_under_1mb-768x432.jpg.webp,200,image/webp,58510,dom:desktop browser:image dom:mobile
https://pandaexteriors.com/wp-content/uploads/2026/06/exterior_cleaning_services_with_mascot_fun_1200x675_under_1mb.jpg,site/wp-content/uploads/2026/06/exterior_cleaning_services_with_mascot_fun_1200x675_under_1mb.jpg,200,image/jpeg,247995,dom:desktop dom:mobile html:img[data-lazy-srcset]
https://pandaexteriors.com/wp-content/uploads/2026/06/exterior_cleaning_services_with_mascot_fun_1200x675_under_1mb.jpg.webp,site/wp-content/uploads/2026/06/exterior_cleaning_services_with_mascot_fun_1200x675_under_1mb.jpg.webp,200,image/webp,127180,browser:image dom:desktop dom:mobile
https://pandaexteriors.com/wp-content/uploads/2026/06/panda_exteriors_summer_upgrades_under_1mb-1024x576.jpg,site/wp-content/uploads/2026/06/panda_exteriors_summer_upgrades_under_1mb-1024x576.jpg,200,image/jpeg,151239,dom:desktop dom:mobile html:img[data-lazy-srcset]
https://pandaexteriors.com/wp-content/uploads/2026/06/panda_exteriors_summer_upgrades_under_1mb-1024x576.jpg.webp,site/wp-content/uploads/2026/06/panda_exteriors_summer_upgrades_under_1mb-1024x576.jpg.webp,200,image/webp,112182,dom:desktop dom:mobile html:source[data-lazy-srcset]
https://pandaexteriors.com/wp-content/uploads/2026/06/panda_exteriors_summer_upgrades_under_1mb-1536x864.jpg,site/wp-content/uploads/2026/06/panda_exteriors_summer_upgrades_under_1mb-1536x864.jpg,200,image/jpeg,287632,dom:desktop dom:mobile html:img[data-lazy-srcset]
https://pandaexteriors.com/wp-content/uploads/2026/06/panda_exteriors_summer_upgrades_under_1mb-1536x864.jpg.webp,site/wp-content/uploads/2026/06/panda_exteriors_summer_upgrades_under_1mb-1536x864.jpg.webp,200,image/webp,203076,browser:image dom:desktop dom:mobile
https://pandaexteriors.com/wp-content/uploads/2026/06/panda_exteriors_summer_upgrades_under_1mb-300x169.jpg,site/wp-content/uploads/2026/06/panda_exteriors_summer_upgrades_under_1mb-300x169.jpg,200,image/jpeg,20026,dom:desktop dom:mobile html:img[data-lazy-srcset]
https://pandaexteriors.com/wp-content/uploads/2026/06/panda_exteriors_summer_upgrades_under_1mb-300x169.jpg.webp,site/wp-content/uploads/2026/06/panda_exteriors_summer_upgrades_under_1mb-300x169.jpg.webp,200,image/webp,16314,dom:desktop dom:mobile html:source[data-lazy-srcset]
https://pandaexteriors.com/wp-content/uploads/2026/06/panda_exteriors_summer_upgrades_under_1mb-768x432.jpg,site/wp-content/uploads/2026/06/panda_exteriors_summer_upgrades_under_1mb-768x432.jpg,200,image/jpeg,94292,dom:desktop dom:mobile html:img[data-lazy-srcset]
https://pandaexteriors.com/wp-content/uploads/2026/06/panda_exteriors_summer_upgrades_under_1mb-768x432.jpg.webp,site/wp-content/uploads/2026/06/panda_exteriors_summer_upgrades_under_1mb-768x432.jpg.webp,200,image/webp,72168,dom:desktop browser:image dom:mobile
https://pandaexteriors.com/wp-content/uploads/2026/06/panda_exteriors_summer_upgrades_under_1mb.jpg,site/wp-content/uploads/2026/06/panda_exteriors_summer_upgrades_under_1mb.jpg,200,image/jpeg,656938,dom:desktop dom:mobile html:img[data-lazy-srcset]
https://pandaexteriors.com/wp-content/uploads/2026/06/panda_exteriors_summer_upgrades_under_1mb.jpg.webp,site/wp-content/uploads/2026/06/panda_exteriors_summer_upgrades_under_1mb.jpg.webp,200,image/webp,252676,dom:desktop dom:mobile html:source[data-lazy-srcset]
https://pandaexteriors.com/wp-content/uploads/2026/06/panda_siding_uv_blog_under_1mb-1024x576.jpg,site/wp-content/uploads/2026/06/panda_siding_uv_blog_under_1mb-1024x576.jpg,200,image/jpeg,118743,dom:desktop dom:mobile html:img[srcset]
https://pandaexteriors.com/wp-content/uploads/2026/06/panda_siding_uv_blog_under_1mb-1024x576.jpg.webp,site/wp-content/uploads/2026/06/panda_siding_uv_blog_under_1mb-1024x576.jpg.webp,200,image/webp,87806,dom:desktop dom:mobile html:link[imagesrcset]
https://pandaexteriors.com/wp-content/uploads/2026/06/panda_siding_uv_blog_under_1mb-1536x864.jpg,site/wp-content/uploads/2026/06/panda_siding_uv_blog_under_1mb-1536x864.jpg,200,image/jpeg,216308,dom:desktop dom:mobile html:img[srcset]
https://pandaexteriors.com/wp-content/uploads/2026/06/panda_siding_uv_blog_under_1mb-1536x864.jpg.webp,site/wp-content/uploads/2026/06/panda_siding_uv_blog_under_1mb-1536x864.jpg.webp,200,image/webp,147354,browser:image dom:desktop dom:mobile
https://pandaexteriors.com/wp-content/uploads/2026/06/panda_siding_uv_blog_under_1mb-300x169.jpg,site/wp-content/uploads/2026/06/panda_siding_uv_blog_under_1mb-300x169.jpg,200,image/jpeg,16872,dom:desktop dom:mobile html:img[srcset]
https://pandaexteriors.com/wp-content/uploads/2026/06/panda_siding_uv_blog_under_1mb-300x169.jpg.webp,site/wp-content/uploads/2026/06/panda_siding_uv_blog_under_1mb-300x169.jpg.webp,200,image/webp,14780,dom:desktop dom:mobile html:link[imagesrcset]
https://pandaexteriors.com/wp-content/uploads/2026/06/panda_siding_uv_blog_under_1mb-768x432.jpg,site/wp-content/uploads/2026/06/panda_siding_uv_blog_under_1mb-768x432.jpg,200,image/jpeg,75798,dom:desktop dom:mobile html:img[srcset]
https://pandaexteriors.com/wp-content/uploads/2026/06/panda_siding_uv_blog_under_1mb-768x432.jpg.webp,site/wp-content/uploads/2026/06/panda_siding_uv_blog_under_1mb-768x432.jpg.webp,200,image/webp,59856,dom:desktop browser:image dom:mobile
https://pandaexteriors.com/wp-content/uploads/2026/06/panda_siding_uv_blog_under_1mb.jpg,site/wp-content/uploads/2026/06/panda_siding_uv_blog_under_1mb.jpg,200,image/jpeg,357511,dom:desktop dom:mobile html:meta[og:image]
https://pandaexteriors.com/wp-content/uploads/2026/06/panda_siding_uv_blog_under_1mb.jpg.webp,site/wp-content/uploads/2026/06/panda_siding_uv_blog_under_1mb.jpg.webp,200,image/webp,172572,dom:desktop dom:mobile html:link[imagesrcset]
https://pandaexteriors.com/wp-content/uploads/2026/06/repair_vs_replace_after_storm_under_1mb_copy-1024x576.jpg,site/wp-content/uploads/2026/06/repair_vs_replace_after_storm_under_1mb_copy-1024x576.jpg,200,image/jpeg,112448,dom:desktop dom:mobile html:img[srcset]
https://pandaexteriors.com/wp-content/uploads/2026/06/repair_vs_replace_after_storm_under_1mb_copy-1024x576.jpg.webp,site/wp-content/uploads/2026/06/repair_vs_replace_after_storm_under_1mb_copy-1024x576.jpg.webp,200,image/webp,87430,dom:desktop dom:mobile html:source[srcset]
https://pandaexteriors.com/wp-content/uploads/2026/06/repair_vs_replace_after_storm_under_1mb_copy-300x169.jpg,site/wp-content/uploads/2026/06/repair_vs_replace_after_storm_under_1mb_copy-300x169.jpg,200,image/jpeg,15692,dom:desktop dom:mobile html:img[srcset]
https://pandaexteriors.com/wp-content/uploads/2026/06/repair_vs_replace_after_storm_under_1mb_copy-300x169.jpg.webp,site/wp-content/uploads/2026/06/repair_vs_replace_after_storm_under_1mb_copy-300x169.jpg.webp,200,image/webp,13020,dom:desktop dom:mobile html:source[srcset]
https://pandaexteriors.com/wp-content/uploads/2026/06/repair_vs_replace_after_storm_under_1mb_copy-768x432.jpg,site/wp-content/uploads/2026/06/repair_vs_replace_after_storm_under_1mb_copy-768x432.jpg,200,image/jpeg,69581,dom:desktop dom:mobile html:img[srcset]
https://pandaexteriors.com/wp-content/uploads/2026/06/repair_vs_replace_after_storm_under_1mb_copy-768x432.jpg.webp,site/wp-content/uploads/2026/06/repair_vs_replace_after_storm_under_1mb_copy-768x432.jpg.webp,200,image/webp,55602,dom:desktop browser:image dom:mobile
https://pandaexteriors.com/wp-content/uploads/2026/06/repair_vs_replace_after_storm_under_1mb_copy.jpg,site/wp-content/uploads/2026/06/repair_vs_replace_after_storm_under_1mb_copy.jpg,200,image/jpeg,245296,dom:desktop dom:mobile html:img[src]
https://pandaexteriors.com/wp-content/uploads/2026/06/repair_vs_replace_after_storm_under_1mb_copy.jpg.webp,site/wp-content/uploads/2026/06/repair_vs_replace_after_storm_under_1mb_copy.jpg.webp,200,image/webp,133074,browser:image dom:desktop dom:mobile
https://pandaexteriors.com/wp-content/uploads/2026/06/roof_leak_season_1200x675_under_1mb-1024x576.jpg,site/wp-content/uploads/2026/06/roof_leak_season_1200x675_under_1mb-1024x576.jpg,200,image/jpeg,118784,dom:desktop dom:mobile html:img[data-lazy-srcset]
https://pandaexteriors.com/wp-content/uploads/2026/06/roof_leak_season_1200x675_under_1mb-1024x576.jpg.webp,site/wp-content/uploads/2026/06/roof_leak_season_1200x675_under_1mb-1024x576.jpg.webp,200,image/webp,88788,dom:desktop dom:mobile html:source[data-lazy-srcset]
https://pandaexteriors.com/wp-content/uploads/2026/06/roof_leak_season_1200x675_under_1mb-300x169.jpg,site/wp-content/uploads/2026/06/roof_leak_season_1200x675_under_1mb-300x169.jpg,200,image/jpeg,16506,dom:desktop dom:mobile html:img[data-lazy-srcset]
https://pandaexteriors.com/wp-content/uploads/2026/06/roof_leak_season_1200x675_under_1mb-300x169.jpg.webp,site/wp-content/uploads/2026/06/roof_leak_season_1200x675_under_1mb-300x169.jpg.webp,200,image/webp,14526,dom:desktop dom:mobile html:source[data-lazy-srcset]
https://pandaexteriors.com/wp-content/uploads/2026/06/roof_leak_season_1200x675_under_1mb-768x432.jpg,site/wp-content/uploads/2026/06/roof_leak_season_1200x675_under_1mb-768x432.jpg,200,image/jpeg,76130,dom:desktop dom:mobile html:img[data-lazy-srcset]
https://pandaexteriors.com/wp-content/uploads/2026/06/roof_leak_season_1200x675_under_1mb-768x432.jpg.webp,site/wp-content/uploads/2026/06/roof_leak_season_1200x675_under_1mb-768x432.jpg.webp,200,image/webp,59394,dom:desktop browser:image dom:mobile
https://pandaexteriors.com/wp-content/uploads/2026/06/roof_leak_season_1200x675_under_1mb.jpg,site/wp-content/uploads/2026/06/roof_leak_season_1200x675_under_1mb.jpg,200,image/jpeg,302228,dom:desktop dom:mobile html:img[data-lazy-srcset]
https://pandaexteriors.com/wp-content/uploads/2026/06/roof_leak_season_1200x675_under_1mb.jpg.webp,site/wp-content/uploads/2026/06/roof_leak_season_1200x675_under_1mb.jpg.webp,200,image/webp,121260,browser:image dom:desktop dom:mobile
https://pandaexteriors.com/wp-content/uploads/2026/06/spring_insurance_roofing_with_panda_mascot_1200x675_under_1mb-1024x576.jpg,site/wp-content/uploads/2026/06/spring_insurance_roofing_with_panda_mascot_1200x675_under_1mb-1024x576.jpg,200,image/jpeg,99517,dom:desktop dom:mobile html:img[data-lazy-srcset]
https://pandaexteriors.com/wp-content/uploads/2026/06/spring_insurance_roofing_with_panda_mascot_1200x675_under_1mb-1024x576.jpg.webp,site/wp-content/uploads/2026/06/spring_insurance_roofing_with_panda_mascot_1200x675_under_1mb-1024x576.jpg.webp,200,image/webp,71652,dom:desktop dom:mobile html:source[data-lazy-srcset]
https://pandaexteriors.com/wp-content/uploads/2026/06/spring_insurance_roofing_with_panda_mascot_1200x675_under_1mb-300x169.jpg,site/wp-content/uploads/2026/06/spring_insurance_roofing_with_panda_mascot_1200x675_under_1mb-300x169.jpg,200,image/jpeg,15259,dom:desktop dom:mobile html:img[data-lazy-srcset]
https://pandaexteriors.com/wp-content/uploads/2026/06/spring_insurance_roofing_with_panda_mascot_1200x675_under_1mb-300x169.jpg.webp,site/wp-content/uploads/2026/06/spring_insurance_roofing_with_panda_mascot_1200x675_under_1mb-300x169.jpg.webp,200,image/webp,13250,dom:desktop browser:image dom:mobile
https://pandaexteriors.com/wp-content/uploads/2026/06/spring_insurance_roofing_with_panda_mascot_1200x675_under_1mb-768x432.jpg,site/wp-content/uploads/2026/06/spring_insurance_roofing_with_panda_mascot_1200x675_under_1mb-768x432.jpg,200,image/jpeg,64813,dom:desktop dom:mobile html:img[data-lazy-srcset]
https://pandaexteriors.com/wp-content/uploads/2026/06/spring_insurance_roofing_with_panda_mascot_1200x675_under_1mb-768x432.jpg.webp,site/wp-content/uploads/2026/06/spring_insurance_roofing_with_panda_mascot_1200x675_under_1mb-768x432.jpg.webp,200,image/webp,49756,dom:desktop browser:image dom:mobile
https://pandaexteriors.com/wp-content/uploads/2026/06/spring_insurance_roofing_with_panda_mascot_1200x675_under_1mb.jpg,site/wp-content/uploads/2026/06/spring_insurance_roofing_with_panda_mascot_1200x675_under_1mb.jpg,200,image/jpeg,202919,dom:desktop dom:mobile html:meta[og:image]
https://pandaexteriors.com/wp-content/uploads/2026/06/spring_insurance_roofing_with_panda_mascot_1200x675_under_1mb.jpg.webp,site/wp-content/uploads/2026/06/spring_insurance_roofing_with_panda_mascot_1200x675_under_1mb.jpg.webp,200,image/webp,96454,browser:image dom:desktop dom:mobile
https://pandaexteriors.com/wp-content/uploads/2026/06/spring_leak_map_1200x675_under_1mb-1024x576.jpg,site/wp-content/uploads/2026/06/spring_leak_map_1200x675_under_1mb-1024x576.jpg,200,image/jpeg,119868,dom:desktop dom:mobile html:img[data-lazy-srcset]
https://pandaexteriors.com/wp-content/uploads/2026/06/spring_leak_map_1200x675_under_1mb-1024x576.jpg.webp,site/wp-content/uploads/2026/06/spring_leak_map_1200x675_under_1mb-1024x576.jpg.webp,200,image/webp,91918,dom:desktop dom:mobile html:source[data-lazy-srcset]
https://pandaexteriors.com/wp-content/uploads/2026/06/spring_leak_map_1200x675_under_1mb-300x169.jpg,site/wp-content/uploads/2026/06/spring_leak_map_1200x675_under_1mb-300x169.jpg,200,image/jpeg,15563,dom:desktop dom:mobile html:img[data-lazy-srcset]
https://pandaexteriors.com/wp-content/uploads/2026/06/spring_leak_map_1200x675_under_1mb-300x169.jpg.webp,site/wp-content/uploads/2026/06/spring_leak_map_1200x675_under_1mb-300x169.jpg.webp,200,image/webp,13214,dom:desktop dom:mobile html:source[data-lazy-srcset]
https://pandaexteriors.com/wp-content/uploads/2026/06/spring_leak_map_1200x675_under_1mb-768x432.jpg,site/wp-content/uploads/2026/06/spring_leak_map_1200x675_under_1mb-768x432.jpg,200,image/jpeg,72928,dom:desktop dom:mobile html:img[data-lazy-srcset]
https://pandaexteriors.com/wp-content/uploads/2026/06/spring_leak_map_1200x675_under_1mb-768x432.jpg.webp,site/wp-content/uploads/2026/06/spring_leak_map_1200x675_under_1mb-768x432.jpg.webp,200,image/webp,57940,dom:desktop browser:image dom:mobile
https://pandaexteriors.com/wp-content/uploads/2026/06/spring_leak_map_1200x675_under_1mb.jpg,site/wp-content/uploads/2026/06/spring_leak_map_1200x675_under_1mb.jpg,200,image/jpeg,259361,dom:desktop dom:mobile html:img[data-lazy-srcset]
https://pandaexteriors.com/wp-content/uploads/2026/06/spring_leak_map_1200x675_under_1mb.jpg.webp,site/wp-content/uploads/2026/06/spring_leak_map_1200x675_under_1mb.jpg.webp,200,image/webp,141588,browser:image dom:desktop dom:mobile
https://pandaexteriors.com/wp-content/uploads/2026/06/spring_rain_leak_season_1200x675_under_1mb-1024x576.jpg,site/wp-content/uploads/2026/06/spring_rain_leak_season_1200x675_under_1mb-1024x576.jpg,200,image/jpeg,121056,dom:desktop dom:mobile html:img[srcset]
https://pandaexteriors.com/wp-content/uploads/2026/06/spring_rain_leak_season_1200x675_under_1mb-1024x576.jpg.webp,site/wp-content/uploads/2026/06/spring_rain_leak_season_1200x675_under_1mb-1024x576.jpg.webp,200,image/webp,103526,dom:desktop dom:mobile html:source[srcset]
https://pandaexteriors.com/wp-content/uploads/2026/06/spring_rain_leak_season_1200x675_under_1mb-300x169.jpg,site/wp-content/uploads/2026/06/spring_rain_leak_season_1200x675_under_1mb-300x169.jpg,200,image/jpeg,16119,dom:desktop dom:mobile html:img[srcset]
https://pandaexteriors.com/wp-content/uploads/2026/06/spring_rain_leak_season_1200x675_under_1mb-300x169.jpg.webp,site/wp-content/uploads/2026/06/spring_rain_leak_season_1200x675_under_1mb-300x169.jpg.webp,200,image/webp,13388,dom:desktop dom:mobile html:source[srcset]
https://pandaexteriors.com/wp-content/uploads/2026/06/spring_rain_leak_season_1200x675_under_1mb-768x432.jpg,site/wp-content/uploads/2026/06/spring_rain_leak_season_1200x675_under_1mb-768x432.jpg,200,image/jpeg,75979,dom:desktop dom:mobile html:img[srcset]
https://pandaexteriors.com/wp-content/uploads/2026/06/spring_rain_leak_season_1200x675_under_1mb-768x432.jpg.webp,site/wp-content/uploads/2026/06/spring_rain_leak_season_1200x675_under_1mb-768x432.jpg.webp,200,image/webp,65944,dom:desktop browser:image dom:mobile
https://pandaexteriors.com/wp-content/uploads/2026/06/spring_rain_leak_season_1200x675_under_1mb.jpg,site/wp-content/uploads/2026/06/spring_rain_leak_season_1200x675_under_1mb.jpg,200,image/jpeg,247894,dom:desktop dom:mobile html:img[src]
https://pandaexteriors.com/wp-content/uploads/2026/06/spring_rain_leak_season_1200x675_under_1mb.jpg.webp,site/wp-content/uploads/2026/06/spring_rain_leak_season_1200x675_under_1mb.jpg.webp,200,image/webp,148336,browser:image dom:desktop dom:mobile
https://pandaexteriors.com/wp-content/uploads/2026/06/spring_roof_inspection_checklist_ad_1200x675_under_1mb-1024x576.jpg,site/wp-content/uploads/2026/06/spring_roof_inspection_checklist_ad_1200x675_under_1mb-1024x576.jpg,200,image/jpeg,125288,dom:desktop dom:mobile html:img[data-lazy-srcset]
https://pandaexteriors.com/wp-content/uploads/2026/06/spring_roof_inspection_checklist_ad_1200x675_under_1mb-1024x576.jpg.webp,site/wp-content/uploads/2026/06/spring_roof_inspection_checklist_ad_1200x675_under_1mb-1024x576.jpg.webp,200,image/webp,102094,dom:desktop dom:mobile html:source[data-lazy-srcset]
https://pandaexteriors.com/wp-content/uploads/2026/06/spring_roof_inspection_checklist_ad_1200x675_under_1mb-300x169.jpg,site/wp-content/uploads/2026/06/spring_roof_inspection_checklist_ad_1200x675_under_1mb-300x169.jpg,200,image/jpeg,15876,dom:desktop dom:mobile html:img[data-lazy-srcset]
https://pandaexteriors.com/wp-content/uploads/2026/06/spring_roof_inspection_checklist_ad_1200x675_under_1mb-300x169.jpg.webp,site/wp-content/uploads/2026/06/spring_roof_inspection_checklist_ad_1200x675_under_1mb-300x169.jpg.webp,200,image/webp,13924,dom:desktop dom:mobile html:source[data-lazy-srcset]
https://pandaexteriors.com/wp-content/uploads/2026/06/spring_roof_inspection_checklist_ad_1200x675_under_1mb-768x432.jpg,site/wp-content/uploads/2026/06/spring_roof_inspection_checklist_ad_1200x675_under_1mb-768x432.jpg,200,image/jpeg,76803,dom:desktop dom:mobile html:img[data-lazy-srcset]
https://pandaexteriors.com/wp-content/uploads/2026/06/spring_roof_inspection_checklist_ad_1200x675_under_1mb-768x432.jpg.webp,site/wp-content/uploads/2026/06/spring_roof_inspection_checklist_ad_1200x675_under_1mb-768x432.jpg.webp,200,image/webp,63846,dom:desktop browser:image dom:mobile
https://pandaexteriors.com/wp-content/uploads/2026/06/spring_roof_inspection_checklist_ad_1200x675_under_1mb.jpg,site/wp-content/uploads/2026/06/spring_roof_inspection_checklist_ad_1200x675_under_1mb.jpg,200,image/jpeg,274208,dom:desktop dom:mobile html:img[data-lazy-srcset]
https://pandaexteriors.com/wp-content/uploads/2026/06/spring_roof_inspection_checklist_ad_1200x675_under_1mb.jpg.webp,site/wp-content/uploads/2026/06/spring_roof_inspection_checklist_ad_1200x675_under_1mb.jpg.webp,200,image/webp,157502,browser:image dom:desktop dom:mobile
https://pandaexteriors.com/wp-content/uploads/2026/06/summer_heat_roof_damage_under_1mb-1024x576.jpg,site/wp-content/uploads/2026/06/summer_heat_roof_damage_under_1mb-1024x576.jpg,200,image/jpeg,136756,dom:desktop dom:mobile html:img[data-lazy-srcset]
https://pandaexteriors.com/wp-content/uploads/2026/06/summer_heat_roof_damage_under_1mb-1024x576.jpg.webp,site/wp-content/uploads/2026/06/summer_heat_roof_damage_under_1mb-1024x576.jpg.webp,200,image/webp,118084,dom:desktop dom:mobile html:source[data-lazy-srcset]
https://pandaexteriors.com/wp-content/uploads/2026/06/summer_heat_roof_damage_under_1mb-1536x864.jpg,site/wp-content/uploads/2026/06/summer_heat_roof_damage_under_1mb-1536x864.jpg,200,image/jpeg,252761,dom:desktop dom:mobile html:img[data-lazy-srcset]
https://pandaexteriors.com/wp-content/uploads/2026/06/summer_heat_roof_damage_under_1mb-1536x864.jpg.webp,site/wp-content/uploads/2026/06/summer_heat_roof_damage_under_1mb-1536x864.jpg.webp,200,image/webp,206296,browser:image dom:desktop dom:mobile
https://pandaexteriors.com/wp-content/uploads/2026/06/summer_heat_roof_damage_under_1mb-300x169.jpg,site/wp-content/uploads/2026/06/summer_heat_roof_damage_under_1mb-300x169.jpg,200,image/jpeg,18201,dom:desktop dom:mobile html:img[data-lazy-srcset]
https://pandaexteriors.com/wp-content/uploads/2026/06/summer_heat_roof_damage_under_1mb-300x169.jpg.webp,site/wp-content/uploads/2026/06/summer_heat_roof_damage_under_1mb-300x169.jpg.webp,200,image/webp,16338,dom:desktop dom:mobile html:source[data-lazy-srcset]
https://pandaexteriors.com/wp-content/uploads/2026/06/summer_heat_roof_damage_under_1mb-768x432.jpg,site/wp-content/uploads/2026/06/summer_heat_roof_damage_under_1mb-768x432.jpg,200,image/jpeg,87225,dom:desktop dom:mobile html:img[data-lazy-srcset]
https://pandaexteriors.com/wp-content/uploads/2026/06/summer_heat_roof_damage_under_1mb-768x432.jpg.webp,site/wp-content/uploads/2026/06/summer_heat_roof_damage_under_1mb-768x432.jpg.webp,200,image/webp,76224,dom:desktop browser:image dom:mobile
https://pandaexteriors.com/wp-content/uploads/2026/06/summer_heat_roof_damage_under_1mb.jpg,site/wp-content/uploads/2026/06/summer_heat_roof_damage_under_1mb.jpg,200,image/jpeg,443144,dom:desktop dom:mobile html:meta[og:image]
https://pandaexteriors.com/wp-content/uploads/2026/06/summer_heat_roof_damage_under_1mb.jpg.webp,site/wp-content/uploads/2026/06/summer_heat_roof_damage_under_1mb.jpg.webp,200,image/webp,251326,dom:desktop dom:mobile html:source[data-lazy-srcset]
https://pandaexteriors.com/wp-content/uploads/2026/06/summer_siding_problems_under_1mb-1024x576.jpg,site/wp-content/uploads/2026/06/summer_siding_problems_under_1mb-1024x576.jpg,200,image/jpeg,139035,dom:desktop dom:mobile html:img[data-lazy-srcset]
https://pandaexteriors.com/wp-content/uploads/2026/06/summer_siding_problems_under_1mb-1024x576.jpg.webp,site/wp-content/uploads/2026/06/summer_siding_problems_under_1mb-1024x576.jpg.webp,200,image/webp,100680,dom:desktop dom:mobile html:source[data-lazy-srcset]
https://pandaexteriors.com/wp-content/uploads/2026/06/summer_siding_problems_under_1mb-1536x864.jpg,site/wp-content/uploads/2026/06/summer_siding_problems_under_1mb-1536x864.jpg,200,image/jpeg,270593,dom:desktop dom:mobile html:img[data-lazy-srcset]
https://pandaexteriors.com/wp-content/uploads/2026/06/summer_siding_problems_under_1mb-1536x864.jpg.webp,site/wp-content/uploads/2026/06/summer_siding_problems_under_1mb-1536x864.jpg.webp,200,image/webp,186414,browser:image dom:desktop dom:mobile
https://pandaexteriors.com/wp-content/uploads/2026/06/summer_siding_problems_under_1mb-300x169.jpg,site/wp-content/uploads/2026/06/summer_siding_problems_under_1mb-300x169.jpg,200,image/jpeg,18347,dom:desktop dom:mobile html:img[data-lazy-srcset]
https://pandaexteriors.com/wp-content/uploads/2026/06/summer_siding_problems_under_1mb-300x169.jpg.webp,site/wp-content/uploads/2026/06/summer_siding_problems_under_1mb-300x169.jpg.webp,200,image/webp,14330,dom:desktop dom:mobile html:source[data-lazy-srcset]
https://pandaexteriors.com/wp-content/uploads/2026/06/summer_siding_problems_under_1mb-768x432.jpg,site/wp-content/uploads/2026/06/summer_siding_problems_under_1mb-768x432.jpg,200,image/jpeg,85948,dom:desktop dom:mobile html:img[data-lazy-srcset]
https://pandaexteriors.com/wp-content/uploads/2026/06/summer_siding_problems_under_1mb-768x432.jpg.webp,site/wp-content/uploads/2026/06/summer_siding_problems_under_1mb-768x432.jpg.webp,200,image/webp,63370,dom:desktop browser:image dom:mobile
https://pandaexteriors.com/wp-content/uploads/2026/06/summer_siding_problems_under_1mb.jpg,site/wp-content/uploads/2026/06/summer_siding_problems_under_1mb.jpg,200,image/jpeg,641322,dom:desktop dom:mobile html:img[data-lazy-srcset]
https://pandaexteriors.com/wp-content/uploads/2026/06/summer_siding_problems_under_1mb.jpg.webp,site/wp-content/uploads/2026/06/summer_siding_problems_under_1mb.jpg.webp,200,image/webp,241756,dom:desktop dom:mobile html:source[data-lazy-srcset]
https://pandaexteriors.com/wp-content/uploads/2026/06/upstairs_too_hot_under_1mb-1024x576.jpg,site/wp-content/uploads/2026/06/upstairs_too_hot_under_1mb-1024x576.jpg,200,image/jpeg,123115,dom:desktop dom:mobile html:img[data-lazy-srcset]
https://pandaexteriors.com/wp-content/uploads/2026/06/upstairs_too_hot_under_1mb-1024x576.jpg.webp,site/wp-content/uploads/2026/06/upstairs_too_hot_under_1mb-1024x576.jpg.webp,200,image/webp,98170,dom:desktop dom:mobile html:source[data-lazy-srcset]
https://pandaexteriors.com/wp-content/uploads/2026/06/upstairs_too_hot_under_1mb-1536x864.jpg,site/wp-content/uploads/2026/06/upstairs_too_hot_under_1mb-1536x864.jpg,200,image/jpeg,228265,dom:desktop dom:mobile html:img[data-lazy-srcset]
https://pandaexteriors.com/wp-content/uploads/2026/06/upstairs_too_hot_under_1mb-1536x864.jpg.webp,site/wp-content/uploads/2026/06/upstairs_too_hot_under_1mb-1536x864.jpg.webp,200,image/webp,173050,browser:image dom:desktop dom:mobile
https://pandaexteriors.com/wp-content/uploads/2026/06/upstairs_too_hot_under_1mb-300x169.jpg,site/wp-content/uploads/2026/06/upstairs_too_hot_under_1mb-300x169.jpg,200,image/jpeg,16775,dom:desktop dom:mobile html:img[data-lazy-srcset]
https://pandaexteriors.com/wp-content/uploads/2026/06/upstairs_too_hot_under_1mb-300x169.jpg.webp,site/wp-content/uploads/2026/06/upstairs_too_hot_under_1mb-300x169.jpg.webp,200,image/webp,14538,dom:desktop dom:mobile html:source[data-lazy-srcset]
https://pandaexteriors.com/wp-content/uploads/2026/06/upstairs_too_hot_under_1mb-768x432.jpg,site/wp-content/uploads/2026/06/upstairs_too_hot_under_1mb-768x432.jpg,200,image/jpeg,78509,dom:desktop dom:mobile html:img[data-lazy-srcset]
https://pandaexteriors.com/wp-content/uploads/2026/06/upstairs_too_hot_under_1mb-768x432.jpg.webp,site/wp-content/uploads/2026/06/upstairs_too_hot_under_1mb-768x432.jpg.webp,200,image/webp,63086,dom:desktop browser:image dom:mobile
https://pandaexteriors.com/wp-content/uploads/2026/06/upstairs_too_hot_under_1mb.jpg,site/wp-content/uploads/2026/06/upstairs_too_hot_under_1mb.jpg,200,image/jpeg,414366,dom:desktop dom:mobile html:img[data-lazy-srcset]
https://pandaexteriors.com/wp-content/uploads/2026/06/upstairs_too_hot_under_1mb.jpg.webp,site/wp-content/uploads/2026/06/upstairs_too_hot_under_1mb.jpg.webp,200,image/webp,216530,dom:desktop dom:mobile html:source[data-lazy-srcset]
https://pandaexteriors.com/wp-content/uploads/2026/06/wind_and_hail_prep_1200x675_under_1mb-1024x576.jpg,site/wp-content/uploads/2026/06/wind_and_hail_prep_1200x675_under_1mb-1024x576.jpg,200,image/jpeg,126840,dom:desktop dom:mobile html:img[data-lazy-srcset]
https://pandaexteriors.com/wp-content/uploads/2026/06/wind_and_hail_prep_1200x675_under_1mb-1024x576.jpg.webp,site/wp-content/uploads/2026/06/wind_and_hail_prep_1200x675_under_1mb-1024x576.jpg.webp,200,image/webp,106948,dom:desktop dom:mobile html:source[data-lazy-srcset]
https://pandaexteriors.com/wp-content/uploads/2026/06/wind_and_hail_prep_1200x675_under_1mb-300x169.jpg,site/wp-content/uploads/2026/06/wind_and_hail_prep_1200x675_under_1mb-300x169.jpg,200,image/jpeg,16571,dom:desktop dom:mobile html:img[data-lazy-srcset]
https://pandaexteriors.com/wp-content/uploads/2026/06/wind_and_hail_prep_1200x675_under_1mb-300x169.jpg.webp,site/wp-content/uploads/2026/06/wind_and_hail_prep_1200x675_under_1mb-300x169.jpg.webp,200,image/webp,14678,dom:desktop dom:mobile html:source[data-lazy-srcset]
https://pandaexteriors.com/wp-content/uploads/2026/06/wind_and_hail_prep_1200x675_under_1mb-768x432.jpg,site/wp-content/uploads/2026/06/wind_and_hail_prep_1200x675_under_1mb-768x432.jpg,200,image/jpeg,80235,dom:desktop dom:mobile html:img[data-lazy-srcset]
https://pandaexteriors.com/wp-content/uploads/2026/06/wind_and_hail_prep_1200x675_under_1mb-768x432.jpg.webp,site/wp-content/uploads/2026/06/wind_and_hail_prep_1200x675_under_1mb-768x432.jpg.webp,200,image/webp,69200,dom:desktop browser:image dom:mobile
https://pandaexteriors.com/wp-content/uploads/2026/06/wind_and_hail_prep_1200x675_under_1mb.jpg,site/wp-content/uploads/2026/06/wind_and_hail_prep_1200x675_under_1mb.jpg,200,image/jpeg,261730,dom:desktop dom:mobile html:img[data-lazy-srcset]
https://pandaexteriors.com/wp-content/uploads/2026/06/wind_and_hail_prep_1200x675_under_1mb.jpg.webp,site/wp-content/uploads/2026/06/wind_and_hail_prep_1200x675_under_1mb.jpg.webp,200,image/webp,152608,browser:image dom:desktop dom:mobile
https://pandaexteriors.com/wp-content/uploads/2026/08/panda_acv_vs_rcv_under_1mb-1024x683.jpg,site/wp-content/uploads/2026/08/panda_acv_vs_rcv_under_1mb-1024x683.jpg,200,image/jpeg,208575,dom:desktop dom:mobile html:img[data-lazy-srcset]
https://pandaexteriors.com/wp-content/uploads/2026/08/panda_acv_vs_rcv_under_1mb-1024x683.jpg.webp,site/wp-content/uploads/2026/08/panda_acv_vs_rcv_under_1mb-1024x683.jpg.webp,200,image/webp,134312,dom:desktop dom:mobile html:source[data-lazy-srcset]
https://pandaexteriors.com/wp-content/uploads/2026/08/panda_acv_vs_rcv_under_1mb-300x200.jpg,site/wp-content/uploads/2026/08/panda_acv_vs_rcv_under_1mb-300x200.jpg,200,image/jpeg,26284,dom:desktop dom:mobile html:img[data-lazy-srcset]
https://pandaexteriors.com/wp-content/uploads/2026/08/panda_acv_vs_rcv_under_1mb-300x200.jpg.webp,site/wp-content/uploads/2026/08/panda_acv_vs_rcv_under_1mb-300x200.jpg.webp,200,image/webp,18024,dom:desktop dom:mobile html:source[data-lazy-srcset]
https://pandaexteriors.com/wp-content/uploads/2026/08/panda_acv_vs_rcv_under_1mb-768x512.jpg,site/wp-content/uploads/2026/08/panda_acv_vs_rcv_under_1mb-768x512.jpg,200,image/jpeg,126414,dom:desktop dom:mobile html:img[data-lazy-srcset]
https://pandaexteriors.com/wp-content/uploads/2026/08/panda_acv_vs_rcv_under_1mb-768x512.jpg.webp,site/wp-content/uploads/2026/08/panda_acv_vs_rcv_under_1mb-768x512.jpg.webp,200,image/webp,82966,dom:desktop browser:image dom:mobile
https://pandaexteriors.com/wp-content/uploads/2026/08/panda_acv_vs_rcv_under_1mb.jpg,site/wp-content/uploads/2026/08/panda_acv_vs_rcv_under_1mb.jpg,200,image/jpeg,814130,dom:desktop dom:mobile html:img[data-lazy-srcset]
https://pandaexteriors.com/wp-content/uploads/2026/08/panda_acv_vs_rcv_under_1mb.jpg.webp,site/wp-content/uploads/2026/08/panda_acv_vs_rcv_under_1mb.jpg.webp,200,image/webp,280192,browser:image dom:desktop dom:mobile
https://pandaexteriors.com/wp-content/uploads/2026/08/roof_claim_image_under_1mb-1024x576.jpg,site/wp-content/uploads/2026/08/roof_claim_image_under_1mb-1024x576.jpg,200,image/jpeg,184121,dom:desktop dom:mobile html:img[srcset]
https://pandaexteriors.com/wp-content/uploads/2026/08/roof_claim_image_under_1mb-1024x576.jpg.webp,site/wp-content/uploads/2026/08/roof_claim_image_under_1mb-1024x576.jpg.webp,200,image/webp,117078,dom:desktop dom:mobile html:source[srcset]
https://pandaexteriors.com/wp-content/uploads/2026/08/roof_claim_image_under_1mb-1536x864.jpg,site/wp-content/uploads/2026/08/roof_claim_image_under_1mb-1536x864.jpg,200,image/jpeg,334995,dom:desktop dom:mobile html:img[srcset]
https://pandaexteriors.com/wp-content/uploads/2026/08/roof_claim_image_under_1mb-1536x864.jpg.webp,site/wp-content/uploads/2026/08/roof_claim_image_under_1mb-1536x864.jpg.webp,200,image/webp,203920,browser:image dom:desktop dom:mobile
https://pandaexteriors.com/wp-content/uploads/2026/08/roof_claim_image_under_1mb-300x169.jpg,site/wp-content/uploads/2026/08/roof_claim_image_under_1mb-300x169.jpg,200,image/jpeg,24390,dom:desktop dom:mobile html:img[srcset]
https://pandaexteriors.com/wp-content/uploads/2026/08/roof_claim_image_under_1mb-300x169.jpg.webp,site/wp-content/uploads/2026/08/roof_claim_image_under_1mb-300x169.jpg.webp,200,image/webp,17860,dom:desktop dom:mobile html:source[srcset]
https://pandaexteriors.com/wp-content/uploads/2026/08/roof_claim_image_under_1mb-768x432.jpg,site/wp-content/uploads/2026/08/roof_claim_image_under_1mb-768x432.jpg,200,image/jpeg,117146,dom:desktop dom:mobile html:img[srcset]
https://pandaexteriors.com/wp-content/uploads/2026/08/roof_claim_image_under_1mb-768x432.jpg.webp,site/wp-content/uploads/2026/08/roof_claim_image_under_1mb-768x432.jpg.webp,200,image/webp,77798,dom:desktop browser:image dom:mobile
https://pandaexteriors.com/wp-content/uploads/2026/08/roof_claim_image_under_1mb.jpg,site/wp-content/uploads/2026/08/roof_claim_image_under_1mb.jpg,200,image/jpeg,747192,dom:desktop dom:mobile html:img[src]
https://pandaexteriors.com/wp-content/uploads/2026/08/roof_claim_image_under_1mb.jpg.webp,site/wp-content/uploads/2026/08/roof_claim_image_under_1mb.jpg.webp,200,image/webp,249750,dom:desktop dom:mobile html:source[srcset]
https://pandaexteriors.com/wp-content/uploads/2026/08/roofing-insurance-supplement-1200x675-1-1024x576.jpg,site/wp-content/uploads/2026/08/roofing-insurance-supplement-1200x675-1-1024x576.jpg,200,image/jpeg,130876,dom:desktop dom:mobile html:img[srcset]
https://pandaexteriors.com/wp-content/uploads/2026/08/roofing-insurance-supplement-1200x675-1-1024x576.jpg.webp,site/wp-content/uploads/2026/08/roofing-insurance-supplement-1200x675-1-1024x576.jpg.webp,200,image/webp,109514,dom:desktop dom:mobile html:source[srcset]
https://pandaexteriors.com/wp-content/uploads/2026/08/roofing-insurance-supplement-1200x675-1-300x169.jpg,site/wp-content/uploads/2026/08/roofing-insurance-supplement-1200x675-1-300x169.jpg,200,image/jpeg,18177,dom:desktop dom:mobile html:img[srcset]
https://pandaexteriors.com/wp-content/uploads/2026/08/roofing-insurance-supplement-1200x675-1-300x169.jpg.webp,site/wp-content/uploads/2026/08/roofing-insurance-supplement-1200x675-1-300x169.jpg.webp,200,image/webp,16146,dom:desktop dom:mobile html:source[srcset]
https://pandaexteriors.com/wp-content/uploads/2026/08/roofing-insurance-supplement-1200x675-1-768x432.jpg,site/wp-content/uploads/2026/08/roofing-insurance-supplement-1200x675-1-768x432.jpg,200,image/jpeg,84048,dom:desktop dom:mobile html:img[srcset]
https://pandaexteriors.com/wp-content/uploads/2026/08/roofing-insurance-supplement-1200x675-1-768x432.jpg.webp,site/wp-content/uploads/2026/08/roofing-insurance-supplement-1200x675-1-768x432.jpg.webp,200,image/webp,72498,dom:desktop browser:image dom:mobile
https://pandaexteriors.com/wp-content/uploads/2026/08/roofing-insurance-supplement-1200x675-1.jpg,site/wp-content/uploads/2026/08/roofing-insurance-supplement-1200x675-1.jpg,200,image/jpeg,217229,dom:desktop dom:mobile html:img[src]
https://pandaexteriors.com/wp-content/uploads/2026/08/roofing-insurance-supplement-1200x675-1.jpg.webp,site/wp-content/uploads/2026/08/roofing-insurance-supplement-1200x675-1.jpg.webp,200,image/webp,148244,browser:image dom:desktop dom:mobile
https://pandaexteriors.com/wp-content/uploads/2026/09/Blogs-9-1024x576.png,site/wp-content/uploads/2026/09/Blogs-9-1024x576.png,200,image/png,188498,dom:desktop dom:mobile html:img[srcset]
https://pandaexteriors.com/wp-content/uploads/2026/09/Blogs-9-1024x576.png.webp,site/wp-content/uploads/2026/09/Blogs-9-1024x576.png.webp,200,image/webp,93426,dom:desktop dom:mobile html:link[imagesrcset]
https://pandaexteriors.com/wp-content/uploads/2026/09/Blogs-9-300x169.png,site/wp-content/uploads/2026/09/Blogs-9-300x169.png,200,image/png,26214,dom:desktop dom:mobile html:img[srcset]
https://pandaexteriors.com/wp-content/uploads/2026/09/Blogs-9-300x169.png.webp,site/wp-content/uploads/2026/09/Blogs-9-300x169.png.webp,200,image/webp,15474,dom:desktop dom:mobile html:link[imagesrcset]
https://pandaexteriors.com/wp-content/uploads/2026/09/Blogs-9-768x432.png,site/wp-content/uploads/2026/09/Blogs-9-768x432.png,200,image/png,118011,dom:desktop dom:mobile html:img[srcset]
https://pandaexteriors.com/wp-content/uploads/2026/09/Blogs-9-768x432.png.webp,site/wp-content/uploads/2026/09/Blogs-9-768x432.png.webp,200,image/webp,63324,dom:desktop browser:image dom:mobile
https://pandaexteriors.com/wp-content/uploads/2026/09/Blogs-9.png,site/wp-content/uploads/2026/09/Blogs-9.png,200,image/png,870209,dom:desktop dom:mobile html:img[src]
https://pandaexteriors.com/wp-content/uploads/2026/09/Blogs-9.png.webp,site/wp-content/uploads/2026/09/Blogs-9.png.webp,200,image/webp,125892,browser:image dom:desktop dom:mobile
https://pandaexteriors.com/wp-content/uploads/2026/09/roof-insurance-deductibles-explained-1-1024x572.jpg,site/wp-content/uploads/2026/09/roof-insurance-deductibles-explained-1-1024x572.jpg,200,image/jpeg,123944,dom:desktop dom:mobile html:img[srcset]
https://pandaexteriors.com/wp-content/uploads/2026/09/roof-insurance-deductibles-explained-1-1024x572.jpg.webp,site/wp-content/uploads/2026/09/roof-insurance-deductibles-explained-1-1024x572.jpg.webp,200,image/webp,96544,dom:desktop dom:mobile html:source[srcset]
https://pandaexteriors.com/wp-content/uploads/2026/09/roof-insurance-deductibles-explained-1-1536x857.jpg,site/wp-content/uploads/2026/09/roof-insurance-deductibles-explained-1-1536x857.jpg,200,image/jpeg,230893,dom:desktop dom:mobile html:img[srcset]
https://pandaexteriors.com/wp-content/uploads/2026/09/roof-insurance-deductibles-explained-1-1536x857.jpg.webp,site/wp-content/uploads/2026/09/roof-insurance-deductibles-explained-1-1536x857.jpg.webp,200,image/webp,169854,browser:image dom:desktop dom:mobile
https://pandaexteriors.com/wp-content/uploads/2026/09/roof-insurance-deductibles-explained-1-2048x1143.jpg,site/wp-content/uploads/2026/09/roof-insurance-deductibles-explained-1-2048x1143.jpg,200,image/jpeg,360533,dom:desktop dom:mobile html:img[srcset]
https://pandaexteriors.com/wp-content/uploads/2026/09/roof-insurance-deductibles-explained-1-2048x1143.jpg.webp,site/wp-content/uploads/2026/09/roof-insurance-deductibles-explained-1-2048x1143.jpg.webp,200,image/webp,251478,dom:desktop dom:mobile html:source[srcset]
https://pandaexteriors.com/wp-content/uploads/2026/09/roof-insurance-deductibles-explained-1-300x167.jpg,site/wp-content/uploads/2026/09/roof-insurance-deductibles-explained-1-300x167.jpg,200,image/jpeg,17120,dom:desktop dom:mobile html:img[srcset]
https://pandaexteriors.com/wp-content/uploads/2026/09/roof-insurance-deductibles-explained-1-300x167.jpg.webp,site/wp-content/uploads/2026/09/roof-insurance-deductibles-explained-1-300x167.jpg.webp,200,image/webp,15156,dom:desktop dom:mobile html:source[srcset]
https://pandaexteriors.com/wp-content/uploads/2026/09/roof-insurance-deductibles-explained-1-768x429.jpg,site/wp-content/uploads/2026/09/roof-insurance-deductibles-explained-1-768x429.jpg,200,image/jpeg,79103,dom:desktop dom:mobile html:img[srcset]
https://pandaexteriors.com/wp-content/uploads/2026/09/roof-insurance-deductibles-explained-1-768x429.jpg.webp,site/wp-content/uploads/2026/09/roof-insurance-deductibles-explained-1-768x429.jpg.webp,200,image/webp,64184,dom:desktop browser:image dom:mobile
https://pandaexteriors.com/wp-content/uploads/2026/09/roof-insurance-deductibles-explained-1-scaled.jpg,site/wp-content/uploads/2026/09/roof-insurance-deductibles-explained-1-scaled.jpg,200,image/jpeg,509025,dom:desktop dom:mobile html:img[src]
https://pandaexteriors.com/wp-content/uploads/2026/09/roof-insurance-deductibles-explained-1-scaled.jpg.webp,site/wp-content/uploads/2026/09/roof-insurance-deductibles-explained-1-scaled.jpg.webp,200,image/webp,333672,dom:desktop dom:mobile html:source[srcset]
https://pandaexteriors.com/wp-content/uploads/oxygen/css/global-settings.css?v=31129e987fe4d3bc6b5eee19da46b5e3,site/wp-content/uploads/oxygen/css/global-settings.css,200,text/css,24851,browser:stylesheet dom:desktop dom:mobile
https://pandaexteriors.com/wp-content/uploads/oxygen/css/icons/eye.svg,,500,text/html,655,css:https://pandaexteriors.com/wp-content/cache/min/1/wp-content/uploads/oxygen/css/global-settings.css?ver=1781702180 css:https://pandaexteriors.com/wp-content/uploads/oxygen/css/global-settings.css?v=31129e987fe4d3bc6b5eee19da46b5e3
https://pandaexteriors.com/wp-content/uploads/oxygen/css/oxy-selectors.css?v=5cfadb424c83eca9c74a98ba01d27408,site/wp-content/uploads/oxygen/css/oxy-selectors.css,200,text/css,72685,browser:stylesheet dom:desktop dom:mobile
https://pandaexteriors.com/wp-content/uploads/oxygen/css/post-1048-defaults.css?v=38405d2bbcbf4fb0616c312622c56fc6,site/wp-content/uploads/oxygen/css/post-1048-defaults.css,200,text/css,0,browser:stylesheet dom:desktop dom:mobile
https://pandaexteriors.com/wp-content/uploads/oxygen/css/post-1048.css?v=9f23b5cc5cd73eb67fc2bf57eb1fcfa3,site/wp-content/uploads/oxygen/css/post-1048.css,200,text/css,0,browser:stylesheet dom:desktop dom:mobile
https://pandaexteriors.com/wp-content/uploads/oxygen/css/post-1062-defaults.css?v=cba97e8f31ae93ae6933b79043c348e5,site/wp-content/uploads/oxygen/css/post-1062-defaults.css,200,text/css,0,browser:stylesheet dom:desktop dom:mobile
https://pandaexteriors.com/wp-content/uploads/oxygen/css/post-1062.css?v=1e1a9348169c439385f685f72bf6801a,site/wp-content/uploads/oxygen/css/post-1062.css,200,text/css,0,browser:stylesheet dom:desktop dom:mobile
https://pandaexteriors.com/wp-content/uploads/oxygen/css/post-1101-defaults.css?v=b04b3b649f84db3f4a354a93d3817d43,site/wp-content/uploads/oxygen/css/post-1101-defaults.css,200,text/css,0,browser:stylesheet dom:desktop dom:mobile
https://pandaexteriors.com/wp-content/uploads/oxygen/css/post-1101.css?v=f07ed33dfecfe9ecc1d7242e14cbf76a,site/wp-content/uploads/oxygen/css/post-1101.css,200,text/css,0,browser:stylesheet dom:desktop dom:mobile
https://pandaexteriors.com/wp-content/uploads/oxygen/css/post-1111-defaults.css?v=cba97e8f31ae93ae6933b79043c348e5,site/wp-content/uploads/oxygen/css/post-1111-defaults.css,200,text/css,0,browser:stylesheet dom:desktop dom:mobile
https://pandaexteriors.com/wp-content/uploads/oxygen/css/post-1111.css?v=2ac75fb164c70245b364021c0012a00e,site/wp-content/uploads/oxygen/css/post-1111.css,200,text/css,0,browser:stylesheet dom:desktop dom:mobile
https://pandaexteriors.com/wp-content/uploads/oxygen/css/post-1127-defaults.css?v=a59283f5466cba591b69f457006d52a4,site/wp-content/uploads/oxygen/css/post-1127-defaults.css,200,text/css,0,browser:stylesheet dom:desktop dom:mobile
https://pandaexteriors.com/wp-content/uploads/oxygen/css/post-1127.css?v=809fb193b7732f9dccfd9b074a2ec74d,site/wp-content/uploads/oxygen/css/post-1127.css,200,text/css,0,browser:stylesheet dom:desktop dom:mobile
https://pandaexteriors.com/wp-content/uploads/oxygen/css/post-1135-defaults.css?v=38405d2bbcbf4fb0616c312622c56fc6,site/wp-content/uploads/oxygen/css/post-1135-defaults.css,200,text/css,0,browser:stylesheet dom:desktop dom:mobile
https://pandaexteriors.com/wp-content/uploads/oxygen/css/post-1135.css?v=8dc6d1a75f8aff6fd0ecee37861dd9f5,site/wp-content/uploads/oxygen/css/post-1135.css,200,text/css,0,browser:stylesheet dom:desktop dom:mobile
https://pandaexteriors.com/wp-content/uploads/oxygen/css/post-1142-defaults.css?v=38405d2bbcbf4fb0616c312622c56fc6,site/wp-content/uploads/oxygen/css/post-1142-defaults.css,200,text/css,0,browser:stylesheet dom:desktop dom:mobile
https://pandaexteriors.com/wp-content/uploads/oxygen/css/post-1142.css?v=b1eaa6b259d0ea35c30f3021909e6c99,site/wp-content/uploads/oxygen/css/post-1142.css,200,text/css,0,browser:stylesheet dom:desktop dom:mobile
https://pandaexteriors.com/wp-content/uploads/oxygen/css/post-1232.css?v=6c2f054dbe23b9e87a16cf08d677521c,site/wp-content/uploads/oxygen/css/post-1232.css,200,text/css,0,browser:stylesheet dom:desktop dom:mobile
https://pandaexteriors.com/wp-content/uploads/oxygen/css/post-1236-defaults.css?v=50bf4767faaae3bb1db5a16ce31ab695,site/wp-content/uploads/oxygen/css/post-1236-defaults.css,200,text/css,0,browser:stylesheet dom:desktop dom:mobile
https://pandaexteriors.com/wp-content/uploads/oxygen/css/post-1236.css?v=a523b24569bda0eb172d91446a8dde04,site/wp-content/uploads/oxygen/css/post-1236.css,200,text/css,0,browser:stylesheet dom:desktop dom:mobile
https://pandaexteriors.com/wp-content/uploads/oxygen/css/post-1252-defaults.css?v=3267233d7bec30369f6d5dbff9779421,site/wp-content/uploads/oxygen/css/post-1252-defaults.css,200,text/css,0,browser:stylesheet dom:desktop dom:mobile
https://pandaexteriors.com/wp-content/uploads/oxygen/css/post-1252.css?v=001b5792826fb2bcd7249616429d62e8,site/wp-content/uploads/oxygen/css/post-1252.css,200,text/css,0,browser:stylesheet dom:desktop dom:mobile
https://pandaexteriors.com/wp-content/uploads/oxygen/css/post-130-defaults.css?v=3a297b14e58d430bb12868ac51e31ca0,site/wp-content/uploads/oxygen/css/post-130-defaults.css,200,text/css,0,browser:stylesheet dom:desktop dom:mobile
https://pandaexteriors.com/wp-content/uploads/oxygen/css/post-130.css?v=9192e769e191046d8e04a3a5f95874ff,site/wp-content/uploads/oxygen/css/post-130.css,200,text/css,0,browser:stylesheet dom:desktop dom:mobile
https://pandaexteriors.com/wp-content/uploads/oxygen/css/post-1361-defaults.css?v=a5e578f82208f6611769febefaa0655e,site/wp-content/uploads/oxygen/css/post-1361-defaults.css,200,text/css,0,browser:stylesheet dom:desktop dom:mobile
https://pandaexteriors.com/wp-content/uploads/oxygen/css/post-1361.css?v=c5a2cc78a8c371cb4bcc25f3b52cb438,site/wp-content/uploads/oxygen/css/post-1361.css,200,text/css,0,browser:stylesheet dom:desktop dom:mobile
https://pandaexteriors.com/wp-content/uploads/oxygen/css/post-1423-defaults.css?v=3267233d7bec30369f6d5dbff9779421,site/wp-content/uploads/oxygen/css/post-1423-defaults.css,200,text/css,0,browser:stylesheet dom:desktop dom:mobile
https://pandaexteriors.com/wp-content/uploads/oxygen/css/post-1423.css?v=fb601e97597ce7420cb70c840f7881a2,site/wp-content/uploads/oxygen/css/post-1423.css,200,text/css,0,browser:stylesheet dom:desktop dom:mobile
https://pandaexteriors.com/wp-content/uploads/oxygen/css/post-1434-defaults.css?v=3267233d7bec30369f6d5dbff9779421,site/wp-content/uploads/oxygen/css/post-1434-defaults.css,200,text/css,0,browser:stylesheet dom:desktop dom:mobile
https://pandaexteriors.com/wp-content/uploads/oxygen/css/post-1434.css?v=4bc5c6b788aaaa05c00c46fb5fb2572a,site/wp-content/uploads/oxygen/css/post-1434.css,200,text/css,0,browser:stylesheet dom:desktop dom:mobile
https://pandaexteriors.com/wp-content/uploads/oxygen/css/post-1441-defaults.css?v=3267233d7bec30369f6d5dbff9779421,site/wp-content/uploads/oxygen/css/post-1441-defaults.css,200,text/css,0,browser:stylesheet dom:desktop dom:mobile
https://pandaexteriors.com/wp-content/uploads/oxygen/css/post-1441.css?v=504e6e918c3cb550ee93f35c9d7ad8ac,site/wp-content/uploads/oxygen/css/post-1441.css,200,text/css,0,browser:stylesheet dom:desktop dom:mobile
https://pandaexteriors.com/wp-content/uploads/oxygen/css/post-14783-defaults.css?v=cba97e8f31ae93ae6933b79043c348e5,site/wp-content/uploads/oxygen/css/post-14783-defaults.css,200,text/css,0,browser:stylesheet dom:desktop dom:mobile
https://pandaexteriors.com/wp-content/uploads/oxygen/css/post-14783.css?v=e0c744b4f7f3a1a2610bb3fb80cf2409,site/wp-content/uploads/oxygen/css/post-14783.css,200,text/css,0,browser:stylesheet dom:desktop dom:mobile
https://pandaexteriors.com/wp-content/uploads/oxygen/css/post-14801-defaults.css?v=95c2e39ebc54b885d05e95b27222401c,site/wp-content/uploads/oxygen/css/post-14801-defaults.css,200,text/css,0,browser:stylesheet dom:desktop dom:mobile
https://pandaexteriors.com/wp-content/uploads/oxygen/css/post-14801.css?v=1acc0b073b29d3f5ee888c4c6807b2ee,site/wp-content/uploads/oxygen/css/post-14801.css,200,text/css,0,browser:stylesheet dom:desktop dom:mobile
https://pandaexteriors.com/wp-content/uploads/oxygen/css/post-14927-defaults.css?v=194198a8f6e8ec46da7cb3dbdc118b93,site/wp-content/uploads/oxygen/css/post-14927-defaults.css,200,text/css,0,browser:stylesheet dom:desktop dom:mobile
https://pandaexteriors.com/wp-content/uploads/oxygen/css/post-14927.css?v=d19a460eceac7db022e7bc546c7daaa5,site/wp-content/uploads/oxygen/css/post-14927.css,200,text/css,0,browser:stylesheet dom:desktop dom:mobile
https://pandaexteriors.com/wp-content/uploads/oxygen/css/post-15976-defaults.css?v=38405d2bbcbf4fb0616c312622c56fc6,site/wp-content/uploads/oxygen/css/post-15976-defaults.css,200,text/css,0,browser:stylesheet dom:desktop dom:mobile
https://pandaexteriors.com/wp-content/uploads/oxygen/css/post-15976.css?v=f80586767ba0c75b536b6f77880179fa,site/wp-content/uploads/oxygen/css/post-15976.css,200,text/css,0,browser:stylesheet dom:desktop dom:mobile
https://pandaexteriors.com/wp-content/uploads/oxygen/css/post-15982-defaults.css?v=0b9b84e44b2c679a97d163ee19c5b4d6,site/wp-content/uploads/oxygen/css/post-15982-defaults.css,200,text/css,0,browser:stylesheet dom:desktop dom:mobile
https://pandaexteriors.com/wp-content/uploads/oxygen/css/post-15982.css?v=5fb997413417e7e21ada22805ce00db1,site/wp-content/uploads/oxygen/css/post-15982.css,200,text/css,0,browser:stylesheet dom:desktop dom:mobile
https://pandaexteriors.com/wp-content/uploads/oxygen/css/post-16180-defaults.css?v=194198a8f6e8ec46da7cb3dbdc118b93,site/wp-content/uploads/oxygen/css/post-16180-defaults.css,200,text/css,0,browser:stylesheet dom:desktop dom:mobile
https://pandaexteriors.com/wp-content/uploads/oxygen/css/post-16180.css?v=0e45e69fc65e64f49850181a7a69d88b,site/wp-content/uploads/oxygen/css/post-16180.css,200,text/css,0,browser:stylesheet dom:desktop dom:mobile
https://pandaexteriors.com/wp-content/uploads/oxygen/css/post-16670-defaults.css?v=a59283f5466cba591b69f457006d52a4,site/wp-content/uploads/oxygen/css/post-16670-defaults.css,200,text/css,0,browser:stylesheet dom:desktop dom:mobile
https://pandaexteriors.com/wp-content/uploads/oxygen/css/post-16670.css?v=37576e2ae3e5ec90cb0af93a1df8fa72,site/wp-content/uploads/oxygen/css/post-16670.css,200,text/css,0,browser:stylesheet dom:desktop dom:mobile
https://pandaexteriors.com/wp-content/uploads/oxygen/css/post-16859.css?v=984873bea86fd5c0d39d41e0dc41411f,site/wp-content/uploads/oxygen/css/post-16859.css,200,text/css,0,browser:stylesheet dom:desktop dom:mobile
https://pandaexteriors.com/wp-content/uploads/oxygen/css/post-17179-defaults.css?v=6d04f95f3c73cbca502d3439d18a9e4e,site/wp-content/uploads/oxygen/css/post-17179-defaults.css,200,text/css,0,browser:stylesheet dom:desktop dom:mobile
https://pandaexteriors.com/wp-content/uploads/oxygen/css/post-17179.css?v=b600c18079a46e6b34c4409ae3d443fa,site/wp-content/uploads/oxygen/css/post-17179.css,200,text/css,0,browser:stylesheet dom:desktop dom:mobile
https://pandaexteriors.com/wp-content/uploads/oxygen/css/post-1868-defaults.css?v=a59283f5466cba591b69f457006d52a4,site/wp-content/uploads/oxygen/css/post-1868-defaults.css,200,text/css,0,browser:stylesheet dom:desktop dom:mobile
https://pandaexteriors.com/wp-content/uploads/oxygen/css/post-1868.css?v=b5441a109e221bfd53721347627f6970,site/wp-content/uploads/oxygen/css/post-1868.css,200,text/css,0,browser:stylesheet dom:desktop dom:mobile
https://pandaexteriors.com/wp-content/uploads/oxygen/css/post-188-defaults.css?v=a59283f5466cba591b69f457006d52a4,site/wp-content/uploads/oxygen/css/post-188-defaults.css,200,text/css,0,browser:stylesheet dom:desktop dom:mobile
https://pandaexteriors.com/wp-content/uploads/oxygen/css/post-188.css?v=f0ebe443ee0242cc8d74bd0b7e4c6431,site/wp-content/uploads/oxygen/css/post-188.css,200,text/css,0,browser:stylesheet dom:desktop dom:mobile
https://pandaexteriors.com/wp-content/uploads/oxygen/css/post-21-defaults.css?v=38405d2bbcbf4fb0616c312622c56fc6,site/wp-content/uploads/oxygen/css/post-21-defaults.css,200,text/css,0,browser:stylesheet dom:desktop dom:mobile
https://pandaexteriors.com/wp-content/uploads/oxygen/css/post-21.css?v=1feba1d9468afe2fd81ad58618c1aa40,site/wp-content/uploads/oxygen/css/post-21.css,200,text/css,0,browser:stylesheet dom:desktop dom:mobile
https://pandaexteriors.com/wp-content/uploads/oxygen/css/post-219-defaults.css?v=0b9b84e44b2c679a97d163ee19c5b4d6,site/wp-content/uploads/oxygen/css/post-219-defaults.css,200,text/css,0,browser:stylesheet dom:desktop dom:mobile
https://pandaexteriors.com/wp-content/uploads/oxygen/css/post-219.css?v=be0ec3f0c87da3395899c39a99e6c412,site/wp-content/uploads/oxygen/css/post-219.css,200,text/css,0,browser:stylesheet dom:desktop dom:mobile
https://pandaexteriors.com/wp-content/uploads/oxygen/css/post-229-defaults.css?v=0b9b84e44b2c679a97d163ee19c5b4d6,site/wp-content/uploads/oxygen/css/post-229-defaults.css,200,text/css,0,browser:stylesheet dom:desktop dom:mobile
https://pandaexteriors.com/wp-content/uploads/oxygen/css/post-229.css?v=709dc1bb7d0d777bdc1c31ed45f2b1f6,site/wp-content/uploads/oxygen/css/post-229.css,200,text/css,0,browser:stylesheet dom:desktop dom:mobile
https://pandaexteriors.com/wp-content/uploads/oxygen/css/post-290-defaults.css?v=194198a8f6e8ec46da7cb3dbdc118b93,site/wp-content/uploads/oxygen/css/post-290-defaults.css,200,text/css,0,browser:stylesheet dom:desktop dom:mobile
https://pandaexteriors.com/wp-content/uploads/oxygen/css/post-290.css?v=3a5eb4c3d4b73c080be064aeaf0ec428,site/wp-content/uploads/oxygen/css/post-290.css,200,text/css,0,browser:stylesheet dom:desktop dom:mobile
https://pandaexteriors.com/wp-content/uploads/oxygen/css/post-311-defaults.css?v=3267233d7bec30369f6d5dbff9779421,site/wp-content/uploads/oxygen/css/post-311-defaults.css,200,text/css,0,browser:stylesheet dom:desktop dom:mobile
https://pandaexteriors.com/wp-content/uploads/oxygen/css/post-311.css?v=e02a6e9ae2d04e2a86de694084fac404,site/wp-content/uploads/oxygen/css/post-311.css,200,text/css,0,browser:stylesheet dom:desktop dom:mobile
https://pandaexteriors.com/wp-content/uploads/oxygen/css/post-333-defaults.css?v=5f8ffe30be794761d759699aa450f7fa,site/wp-content/uploads/oxygen/css/post-333-defaults.css,200,text/css,0,browser:stylesheet dom:desktop dom:mobile
https://pandaexteriors.com/wp-content/uploads/oxygen/css/post-333.css?v=1f069de39940b193c35d421413f990da,site/wp-content/uploads/oxygen/css/post-333.css,200,text/css,0,browser:stylesheet dom:desktop dom:mobile
https://pandaexteriors.com/wp-content/uploads/oxygen/css/post-350-defaults.css?v=3267233d7bec30369f6d5dbff9779421,site/wp-content/uploads/oxygen/css/post-350-defaults.css,200,text/css,0,browser:stylesheet dom:desktop dom:mobile
https://pandaexteriors.com/wp-content/uploads/oxygen/css/post-350.css?v=6d8251ebd2eaef4725f81fa07bc4f43a,site/wp-content/uploads/oxygen/css/post-350.css,200,text/css,0,browser:stylesheet dom:desktop dom:mobile
https://pandaexteriors.com/wp-content/uploads/oxygen/css/post-352-defaults.css?v=38405d2bbcbf4fb0616c312622c56fc6,site/wp-content/uploads/oxygen/css/post-352-defaults.css,200,text/css,0,browser:stylesheet dom:desktop dom:mobile
https://pandaexteriors.com/wp-content/uploads/oxygen/css/post-352.css?v=b57c10a698a83740cfa1f9eb2195693b,site/wp-content/uploads/oxygen/css/post-352.css,200,text/css,0,browser:stylesheet dom:desktop dom:mobile
https://pandaexteriors.com/wp-content/uploads/oxygen/css/post-368-defaults.css?v=23e26752ff34b0ea14787df51dc0c978,site/wp-content/uploads/oxygen/css/post-368-defaults.css,200,text/css,0,browser:stylesheet dom:desktop dom:mobile
https://pandaexteriors.com/wp-content/uploads/oxygen/css/post-368.css?v=224f14141cd415abfd6157531ca2558d,site/wp-content/uploads/oxygen/css/post-368.css,200,text/css,0,browser:stylesheet dom:desktop dom:mobile
https://pandaexteriors.com/wp-content/uploads/oxygen/css/post-372-defaults.css?v=58080d947db4fca946aa97f9e990e259,site/wp-content/uploads/oxygen/css/post-372-defaults.css,200,text/css,0,browser:stylesheet dom:desktop dom:mobile
https://pandaexteriors.com/wp-content/uploads/oxygen/css/post-372.css?v=91484535382d88f3a252953ca17f1220,site/wp-content/uploads/oxygen/css/post-372.css,200,text/css,0,browser:stylesheet dom:desktop dom:mobile
https://pandaexteriors.com/wp-content/uploads/oxygen/css/post-375-defaults.css?v=a59283f5466cba591b69f457006d52a4,site/wp-content/uploads/oxygen/css/post-375-defaults.css,200,text/css,0,browser:stylesheet dom:desktop dom:mobile
https://pandaexteriors.com/wp-content/uploads/oxygen/css/post-375.css?v=7506464ded66a9b0f36aeb569c003a3a,site/wp-content/uploads/oxygen/css/post-375.css,200,text/css,0,browser:stylesheet dom:desktop dom:mobile
https://pandaexteriors.com/wp-content/uploads/oxygen/css/post-397-defaults.css?v=cba97e8f31ae93ae6933b79043c348e5,site/wp-content/uploads/oxygen/css/post-397-defaults.css,200,text/css,0,browser:stylesheet dom:desktop dom:mobile
https://pandaexteriors.com/wp-content/uploads/oxygen/css/post-397.css?v=c5629c26319c3570943680ed9013e511,site/wp-content/uploads/oxygen/css/post-397.css,200,text/css,0,browser:stylesheet dom:desktop dom:mobile
https://pandaexteriors.com/wp-content/uploads/oxygen/css/post-417-defaults.css?v=a59283f5466cba591b69f457006d52a4,site/wp-content/uploads/oxygen/css/post-417-defaults.css,200,text/css,0,browser:stylesheet dom:desktop dom:mobile
https://pandaexteriors.com/wp-content/uploads/oxygen/css/post-417.css?v=47084136e0f184b071ef57b5165d7d78,site/wp-content/uploads/oxygen/css/post-417.css,200,text/css,0,browser:stylesheet dom:desktop dom:mobile
https://pandaexteriors.com/wp-content/uploads/oxygen/css/post-431-defaults.css?v=a59283f5466cba591b69f457006d52a4,site/wp-content/uploads/oxygen/css/post-431-defaults.css,200,text/css,0,browser:stylesheet dom:desktop dom:mobile
https://pandaexteriors.com/wp-content/uploads/oxygen/css/post-431.css?v=c375947c95aea7e72f2ee392fd5ee0cb,site/wp-content/uploads/oxygen/css/post-431.css,200,text/css,0,browser:stylesheet dom:desktop dom:mobile
https://pandaexteriors.com/wp-content/uploads/oxygen/css/post-443-defaults.css?v=cba97e8f31ae93ae6933b79043c348e5,site/wp-content/uploads/oxygen/css/post-443-defaults.css,200,text/css,0,browser:stylesheet dom:desktop dom:mobile
https://pandaexteriors.com/wp-content/uploads/oxygen/css/post-443.css?v=ba6d986c38dbfd4ede8a0b6f0797cf4f,site/wp-content/uploads/oxygen/css/post-443.css,200,text/css,0,browser:stylesheet dom:desktop dom:mobile
https://pandaexteriors.com/wp-content/uploads/oxygen/css/post-455-defaults.css?v=3267233d7bec30369f6d5dbff9779421,site/wp-content/uploads/oxygen/css/post-455-defaults.css,200,text/css,0,browser:stylesheet dom:desktop dom:mobile
https://pandaexteriors.com/wp-content/uploads/oxygen/css/post-455.css?v=2749ae2d1967358a688f2e9c04cc926f,site/wp-content/uploads/oxygen/css/post-455.css,200,text/css,0,browser:stylesheet dom:desktop dom:mobile
https://pandaexteriors.com/wp-content/uploads/oxygen/css/post-481-defaults.css?v=a5e578f82208f6611769febefaa0655e,site/wp-content/uploads/oxygen/css/post-481-defaults.css,200,text/css,0,browser:stylesheet dom:desktop dom:mobile
https://pandaexteriors.com/wp-content/uploads/oxygen/css/post-481.css?v=c62086104ebc584c2afc3c90a08a08b4,site/wp-content/uploads/oxygen/css/post-481.css,200,text/css,0,browser:stylesheet dom:desktop dom:mobile
https://pandaexteriors.com/wp-content/uploads/oxygen/css/post-497-defaults.css?v=38405d2bbcbf4fb0616c312622c56fc6,site/wp-content/uploads/oxygen/css/post-497-defaults.css,200,text/css,0,browser:stylesheet dom:desktop dom:mobile
https://pandaexteriors.com/wp-content/uploads/oxygen/css/post-497.css?v=a2d80f90bbe672f3732dd0f08b71c62f,site/wp-content/uploads/oxygen/css/post-497.css,200,text/css,0,browser:stylesheet dom:desktop dom:mobile
https://pandaexteriors.com/wp-content/uploads/oxygen/css/post-510-defaults.css?v=a5e578f82208f6611769febefaa0655e,site/wp-content/uploads/oxygen/css/post-510-defaults.css,200,text/css,0,browser:stylesheet dom:desktop dom:mobile
https://pandaexteriors.com/wp-content/uploads/oxygen/css/post-510.css?v=f506e9a2149e1c1b1d4aad40e75d8a61,site/wp-content/uploads/oxygen/css/post-510.css,200,text/css,0,browser:stylesheet dom:desktop dom:mobile
https://pandaexteriors.com/wp-content/uploads/oxygen/css/post-531.css?v=c460feec56c2520f2d6dcad8553c1e16,site/wp-content/uploads/oxygen/css/post-531.css,200,text/css,0,browser:stylesheet dom:desktop dom:mobile
https://pandaexteriors.com/wp-content/uploads/oxygen/css/post-547-defaults.css?v=38405d2bbcbf4fb0616c312622c56fc6,site/wp-content/uploads/oxygen/css/post-547-defaults.css,200,text/css,0,browser:stylesheet dom:desktop dom:mobile
https://pandaexteriors.com/wp-content/uploads/oxygen/css/post-547.css?v=eae4b576cf7fcc4123fcc23f0d27da14,site/wp-content/uploads/oxygen/css/post-547.css,200,text/css,0,browser:stylesheet dom:desktop dom:mobile
https://pandaexteriors.com/wp-content/uploads/oxygen/css/post-550-defaults.css?v=38405d2bbcbf4fb0616c312622c56fc6,site/wp-content/uploads/oxygen/css/post-550-defaults.css,200,text/css,0,browser:stylesheet dom:desktop dom:mobile
https://pandaexteriors.com/wp-content/uploads/oxygen/css/post-550.css?v=08670392f40c8d4e70d6707c2ffbd23b,site/wp-content/uploads/oxygen/css/post-550.css,200,text/css,0,browser:stylesheet dom:desktop dom:mobile
https://pandaexteriors.com/wp-content/uploads/oxygen/css/post-556-defaults.css?v=a5e578f82208f6611769febefaa0655e,site/wp-content/uploads/oxygen/css/post-556-defaults.css,200,text/css,0,browser:stylesheet dom:desktop dom:mobile
https://pandaexteriors.com/wp-content/uploads/oxygen/css/post-556.css?v=03c5aeca1569d686845777777b529da4,site/wp-content/uploads/oxygen/css/post-556.css,200,text/css,0,browser:stylesheet dom:desktop dom:mobile
https://pandaexteriors.com/wp-content/uploads/oxygen/css/post-621-defaults.css?v=a59283f5466cba591b69f457006d52a4,site/wp-content/uploads/oxygen/css/post-621-defaults.css,200,text/css,0,browser:stylesheet dom:desktop dom:mobile
https://pandaexteriors.com/wp-content/uploads/oxygen/css/post-621.css?v=cf0b09fab5f8d5528d7722c023d5dedf,site/wp-content/uploads/oxygen/css/post-621.css,200,text/css,0,browser:stylesheet dom:desktop dom:mobile
https://pandaexteriors.com/wp-content/uploads/oxygen/css/post-629-defaults.css?v=a5e578f82208f6611769febefaa0655e,site/wp-content/uploads/oxygen/css/post-629-defaults.css,200,text/css,0,browser:stylesheet dom:desktop dom:mobile
https://pandaexteriors.com/wp-content/uploads/oxygen/css/post-629.css?v=03621032a3ebd5c4f9fe3af5841f2c37,site/wp-content/uploads/oxygen/css/post-629.css,200,text/css,0,browser:stylesheet dom:desktop dom:mobile
https://pandaexteriors.com/wp-content/uploads/oxygen/css/post-635-defaults.css?v=38405d2bbcbf4fb0616c312622c56fc6,site/wp-content/uploads/oxygen/css/post-635-defaults.css,200,text/css,0,browser:stylesheet dom:desktop dom:mobile
https://pandaexteriors.com/wp-content/uploads/oxygen/css/post-635.css?v=ce982d203bef0922a09f2eac246a354e,site/wp-content/uploads/oxygen/css/post-635.css,200,text/css,0,browser:stylesheet dom:desktop dom:mobile
https://pandaexteriors.com/wp-content/uploads/oxygen/css/post-641-defaults.css?v=38405d2bbcbf4fb0616c312622c56fc6,site/wp-content/uploads/oxygen/css/post-641-defaults.css,200,text/css,0,browser:stylesheet dom:desktop dom:mobile
https://pandaexteriors.com/wp-content/uploads/oxygen/css/post-641.css?v=abae284549ee42136873f5cbaa988e94,site/wp-content/uploads/oxygen/css/post-641.css,200,text/css,0,browser:stylesheet dom:desktop dom:mobile
https://pandaexteriors.com/wp-content/uploads/oxygen/css/post-647-defaults.css?v=3267233d7bec30369f6d5dbff9779421,site/wp-content/uploads/oxygen/css/post-647-defaults.css,200,text/css,0,browser:stylesheet dom:desktop dom:mobile
https://pandaexteriors.com/wp-content/uploads/oxygen/css/post-647.css?v=21fdb6cf84e563cb0d699ff14bb58897,site/wp-content/uploads/oxygen/css/post-647.css,200,text/css,0,browser:stylesheet dom:desktop dom:mobile
https://pandaexteriors.com/wp-content/uploads/oxygen/css/post-694-defaults.css?v=38405d2bbcbf4fb0616c312622c56fc6,site/wp-content/uploads/oxygen/css/post-694-defaults.css,200,text/css,0,browser:stylesheet dom:desktop dom:mobile
https://pandaexteriors.com/wp-content/uploads/oxygen/css/post-694.css?v=c753a86c56940c04fbd376bb5f90be05,site/wp-content/uploads/oxygen/css/post-694.css,200,text/css,0,browser:stylesheet dom:desktop dom:mobile
https://pandaexteriors.com/wp-content/uploads/oxygen/css/post-702-defaults.css?v=38405d2bbcbf4fb0616c312622c56fc6,site/wp-content/uploads/oxygen/css/post-702-defaults.css,200,text/css,0,browser:stylesheet dom:desktop dom:mobile
https://pandaexteriors.com/wp-content/uploads/oxygen/css/post-702.css?v=ea3f88d6bf62a79284fd851ec2ada414,site/wp-content/uploads/oxygen/css/post-702.css,200,text/css,0,browser:stylesheet dom:desktop dom:mobile
https://pandaexteriors.com/wp-content/uploads/oxygen/css/post-772-defaults.css?v=a5e578f82208f6611769febefaa0655e,site/wp-content/uploads/oxygen/css/post-772-defaults.css,200,text/css,0,browser:stylesheet dom:desktop dom:mobile
https://pandaexteriors.com/wp-content/uploads/oxygen/css/post-772.css?v=174474d921e96d2698a01643ccc4b1ea,site/wp-content/uploads/oxygen/css/post-772.css,200,text/css,0,browser:stylesheet dom:desktop dom:mobile
https://pandaexteriors.com/wp-content/uploads/oxygen/css/post-786-defaults.css?v=a59283f5466cba591b69f457006d52a4,site/wp-content/uploads/oxygen/css/post-786-defaults.css,200,text/css,0,browser:stylesheet dom:desktop dom:mobile
https://pandaexteriors.com/wp-content/uploads/oxygen/css/post-786.css?v=12bb98d7b9e047662858b496f8d137ac,site/wp-content/uploads/oxygen/css/post-786.css,200,text/css,0,browser:stylesheet dom:desktop dom:mobile
https://pandaexteriors.com/wp-content/uploads/oxygen/css/post-791-defaults.css?v=38405d2bbcbf4fb0616c312622c56fc6,site/wp-content/uploads/oxygen/css/post-791-defaults.css,200,text/css,0,browser:stylesheet dom:desktop dom:mobile
https://pandaexteriors.com/wp-content/uploads/oxygen/css/post-791.css?v=8ec1b619410d8db87c0555a80d6e1258,site/wp-content/uploads/oxygen/css/post-791.css,200,text/css,0,browser:stylesheet dom:desktop dom:mobile
https://pandaexteriors.com/wp-content/uploads/oxygen/css/post-840-defaults.css?v=ff4c8ff01d544500ea4bfea43e6108c1,site/wp-content/uploads/oxygen/css/post-840-defaults.css,200,text/css,0,browser:stylesheet dom:desktop dom:mobile
https://pandaexteriors.com/wp-content/uploads/oxygen/css/post-840.css?v=83dd5dd7cfc99a47639e95d5f6b467ee,site/wp-content/uploads/oxygen/css/post-840.css,200,text/css,0,browser:stylesheet dom:desktop dom:mobile
https://pandaexteriors.com/wp-content/uploads/oxygen/css/post-845-defaults.css?v=194198a8f6e8ec46da7cb3dbdc118b93,site/wp-content/uploads/oxygen/css/post-845-defaults.css,200,text/css,0,browser:stylesheet dom:desktop dom:mobile
https://pandaexteriors.com/wp-content/uploads/oxygen/css/post-845.css?v=145b24b06645eac064f8b8c3dff3a7ff,site/wp-content/uploads/oxygen/css/post-845.css,200,text/css,0,browser:stylesheet dom:desktop dom:mobile
https://pandaexteriors.com/wp-content/uploads/oxygen/css/post-854-defaults.css?v=194198a8f6e8ec46da7cb3dbdc118b93,site/wp-content/uploads/oxygen/css/post-854-defaults.css,200,text/css,0,browser:stylesheet dom:desktop dom:mobile
https://pandaexteriors.com/wp-content/uploads/oxygen/css/post-854.css?v=ddc753b0795b53bf1e218ca56edf9c54,site/wp-content/uploads/oxygen/css/post-854.css,200,text/css,0,browser:stylesheet dom:desktop dom:mobile
https://pandaexteriors.com/wp-content/uploads/oxygen/css/post-956-defaults.css?v=cba97e8f31ae93ae6933b79043c348e5,site/wp-content/uploads/oxygen/css/post-956-defaults.css,200,text/css,0,browser:stylesheet dom:desktop dom:mobile
https://pandaexteriors.com/wp-content/uploads/oxygen/css/post-956.css?v=ec0d415c6eae769a94732ac9dd20b874,site/wp-content/uploads/oxygen/css/post-956.css,200,text/css,0,browser:stylesheet dom:desktop dom:mobile
https://pandaexteriors.com/wp-content/uploads/oxygen/css/post-974-defaults.css?v=c98f91d52a9c807371fbaa2fe2242c7b,site/wp-content/uploads/oxygen/css/post-974-defaults.css,200,text/css,39,browser:stylesheet dom:desktop dom:mobile
https://pandaexteriors.com/wp-content/uploads/oxygen/css/post-974.css?v=70ae8c37237c412db2913cf5a906fe9f,site/wp-content/uploads/oxygen/css/post-974.css,200,text/css,800,browser:stylesheet dom:desktop dom:mobile
https://pandaexteriors.com/wp-content/uploads/oxygen/css/post-991-defaults.css?v=cba97e8f31ae93ae6933b79043c348e5,site/wp-content/uploads/oxygen/css/post-991-defaults.css,200,text/css,0,browser:stylesheet dom:desktop dom:mobile
https://pandaexteriors.com/wp-content/uploads/oxygen/css/post-991.css?v=418c7220160f7ef325df5a256ca7c836,site/wp-content/uploads/oxygen/css/post-991.css,200,text/css,0,browser:stylesheet dom:desktop dom:mobile
https://pandaexteriors.com/wp-content/uploads/oxygen/css/selectors.css?v=d41d8cd98f00b204e9800998ecf8427e,site/wp-content/uploads/oxygen/css/selectors.css,200,text/css,0,browser:stylesheet dom:desktop dom:mobile
https://pandaexteriors.com/wp-content/uploads/oxygen/css/variables.css?v=13535a0e4b1463c6505a06a360191c99,site/wp-content/uploads/oxygen/css/variables.css,200,text/css,107,browser:stylesheet dom:desktop dom:mobile
https://pandaexteriors.com/wp-includes/css/dist/block-library/style.min.css?ver=6.8.10,site/wp-includes/css/dist/block-library/style.min.css,200,text/css,116345,browser:stylesheet dom:desktop dom:mobile
https://pandaexteriors.com/wp-includes/js/dist/hooks.min.js?ver=4d63a3d491d11ffd8ac6,site/wp-includes/js/dist/hooks.min.js,200,application/javascript,4776,browser:script dom:desktop dom:mobile
https://pandaexteriors.com/wp-includes/js/dist/i18n.min.js?ver=5e580eb46a90c2b997e6,site/wp-includes/js/dist/i18n.min.js,200,application/javascript,9141,browser:script dom:desktop dom:mobile
https://pandaexteriors.com/wp-includes/js/jquery/jquery-migrate.min.js?ver=3.4.1,site/wp-includes/js/jquery/jquery-migrate.min.js,200,application/javascript,13577,browser:script dom:desktop dom:mobile
https://pandaexteriors.com/wp-includes/js/jquery/jquery.min.js?ver=3.7.1,site/wp-includes/js/jquery/jquery.min.js,200,application/javascript,87553,browser:script dom:desktop dom:mobile
https://wordpressmu-1425697-5386286.cloudwaysapps.com/wp-content/uploads/2025/03/color-inc-1-1.png,site/_external/wordpressmu-1425697-5386286.cloudwaysapps.com/wp-content/uploads/2025/03/color-inc-1-1.png,200,image/png,22218,browser:image dom:desktop dom:mobile
https://wordpressmu-1425697-5386286.cloudwaysapps.com/wp-content/uploads/2025/04/05263bfc-5259-40c9-9140-2608006392a0-1024x576.jpg,site/_external/wordpressmu-1425697-5386286.cloudwaysapps.com/wp-content/uploads/2025/04/05263bfc-5259-40c9-9140-2608006392a0-1024x576.jpg,200,image/jpeg,148718,dom:desktop dom:mobile html:img[data-lazy-srcset]
https://wordpressmu-1425697-5386286.cloudwaysapps.com/wp-content/uploads/2025/04/05263bfc-5259-40c9-9140-2608006392a0-300x169.jpg,site/_external/wordpressmu-1425697-5386286.cloudwaysapps.com/wp-content/uploads/2025/04/05263bfc-5259-40c9-9140-2608006392a0-300x169.jpg,200,image/jpeg,15305,dom:desktop dom:mobile html:img[data-lazy-srcset]
https://wordpressmu-1425697-5386286.cloudwaysapps.com/wp-content/uploads/2025/04/05263bfc-5259-40c9-9140-2608006392a0-768x432.jpg,site/_external/wordpressmu-1425697-5386286.cloudwaysapps.com/wp-content/uploads/2025/04/05263bfc-5259-40c9-9140-2608006392a0-768x432.jpg,200,image/jpeg,87911,dom:desktop dom:mobile html:img[data-lazy-srcset]
https://wordpressmu-1425697-5386286.cloudwaysapps.com/wp-content/uploads/2025/04/05263bfc-5259-40c9-9140-2608006392a0.jpg,site/_external/wordpressmu-1425697-5386286.cloudwaysapps.com/wp-content/uploads/2025/04/05263bfc-5259-40c9-9140-2608006392a0.jpg,200,image/jpeg,288020,browser:image dom:desktop dom:mobile
https://wordpressmu-1425697-5386286.cloudwaysapps.com/wp-content/uploads/2025/04/0ab5d18e-6118-4d8e-99bb-951688be2e56-1024x576.jpg,site/_external/wordpressmu-1425697-5386286.cloudwaysapps.com/wp-content/uploads/2025/04/0ab5d18e-6118-4d8e-99bb-951688be2e56-1024x576.jpg,200,image/jpeg,109371,dom:desktop dom:mobile html:img[data-lazy-srcset]
https://wordpressmu-1425697-5386286.cloudwaysapps.com/wp-content/uploads/2025/04/0ab5d18e-6118-4d8e-99bb-951688be2e56-300x169.jpg,site/_external/wordpressmu-1425697-5386286.cloudwaysapps.com/wp-content/uploads/2025/04/0ab5d18e-6118-4d8e-99bb-951688be2e56-300x169.jpg,200,image/jpeg,12413,dom:desktop dom:mobile html:img[data-lazy-srcset]
https://wordpressmu-1425697-5386286.cloudwaysapps.com/wp-content/uploads/2025/04/0ab5d18e-6118-4d8e-99bb-951688be2e56-768x432.jpg,site/_external/wordpressmu-1425697-5386286.cloudwaysapps.com/wp-content/uploads/2025/04/0ab5d18e-6118-4d8e-99bb-951688be2e56-768x432.jpg,200,image/jpeg,64713,dom:desktop dom:mobile html:img[data-lazy-srcset]
https://wordpressmu-1425697-5386286.cloudwaysapps.com/wp-content/uploads/2025/04/0ab5d18e-6118-4d8e-99bb-951688be2e56.jpg,site/_external/wordpressmu-1425697-5386286.cloudwaysapps.com/wp-content/uploads/2025/04/0ab5d18e-6118-4d8e-99bb-951688be2e56.jpg,200,image/jpeg,224294,dom:desktop dom:mobile html:img[data-lazy-srcset]
https://wordpressmu-1425697-5386286.cloudwaysapps.com/wp-content/uploads/2025/04/0fbe406d-69c4-4315-8332-a6c947b5102a-1024x576.jpg,site/_external/wordpressmu-1425697-5386286.cloudwaysapps.com/wp-content/uploads/2025/04/0fbe406d-69c4-4315-8332-a6c947b5102a-1024x576.jpg,200,image/jpeg,103922,dom:desktop dom:mobile html:img[data-lazy-srcset]
https://wordpressmu-1425697-5386286.cloudwaysapps.com/wp-content/uploads/2025/04/0fbe406d-69c4-4315-8332-a6c947b5102a-300x169.jpg,site/_external/wordpressmu-1425697-5386286.cloudwaysapps.com/wp-content/uploads/2025/04/0fbe406d-69c4-4315-8332-a6c947b5102a-300x169.jpg,200,image/jpeg,13889,dom:desktop dom:mobile html:img[data-lazy-srcset]
https://wordpressmu-1425697-5386286.cloudwaysapps.com/wp-content/uploads/2025/04/0fbe406d-69c4-4315-8332-a6c947b5102a-768x432.jpg,site/_external/wordpressmu-1425697-5386286.cloudwaysapps.com/wp-content/uploads/2025/04/0fbe406d-69c4-4315-8332-a6c947b5102a-768x432.jpg,200,image/jpeg,64665,dom:desktop dom:mobile html:img[data-lazy-srcset]
https://wordpressmu-1425697-5386286.cloudwaysapps.com/wp-content/uploads/2025/04/0fbe406d-69c4-4315-8332-a6c947b5102a.jpg,site/_external/wordpressmu-1425697-5386286.cloudwaysapps.com/wp-content/uploads/2025/04/0fbe406d-69c4-4315-8332-a6c947b5102a.jpg,200,image/jpeg,201377,dom:desktop dom:mobile html:img[data-lazy-srcset]
https://wordpressmu-1425697-5386286.cloudwaysapps.com/wp-content/uploads/2025/04/1505f568-dcc9-4600-ae82-44665ba3dbeb-1152x1536.jpg,site/_external/wordpressmu-1425697-5386286.cloudwaysapps.com/wp-content/uploads/2025/04/1505f568-dcc9-4600-ae82-44665ba3dbeb-1152x1536.jpg,200,image/jpeg,200250,dom:desktop dom:mobile html:img[data-lazy-srcset]
https://wordpressmu-1425697-5386286.cloudwaysapps.com/wp-content/uploads/2025/04/1505f568-dcc9-4600-ae82-44665ba3dbeb-225x300.jpg,site/_external/wordpressmu-1425697-5386286.cloudwaysapps.com/wp-content/uploads/2025/04/1505f568-dcc9-4600-ae82-44665ba3dbeb-225x300.jpg,200,image/jpeg,15717,dom:desktop dom:mobile html:img[data-lazy-srcset]
https://wordpressmu-1425697-5386286.cloudwaysapps.com/wp-content/uploads/2025/04/1505f568-dcc9-4600-ae82-44665ba3dbeb-768x1024.jpg,site/_external/wordpressmu-1425697-5386286.cloudwaysapps.com/wp-content/uploads/2025/04/1505f568-dcc9-4600-ae82-44665ba3dbeb-768x1024.jpg,200,image/jpeg,107026,dom:desktop dom:mobile html:img[data-lazy-srcset]
https://wordpressmu-1425697-5386286.cloudwaysapps.com/wp-content/uploads/2025/04/1505f568-dcc9-4600-ae82-44665ba3dbeb.jpg,site/_external/wordpressmu-1425697-5386286.cloudwaysapps.com/wp-content/uploads/2025/04/1505f568-dcc9-4600-ae82-44665ba3dbeb.jpg,200,image/jpeg,313543,dom:desktop dom:mobile html:img[data-lazy-srcset]
https://wordpressmu-1425697-5386286.cloudwaysapps.com/wp-content/uploads/2025/04/252b6798-da48-4091-b5db-315994cb8b5f-1024x768.jpg,site/_external/wordpressmu-1425697-5386286.cloudwaysapps.com/wp-content/uploads/2025/04/252b6798-da48-4091-b5db-315994cb8b5f-1024x768.jpg,200,image/jpeg,199384,dom:desktop dom:mobile html:img[data-lazy-srcset]
https://wordpressmu-1425697-5386286.cloudwaysapps.com/wp-content/uploads/2025/04/252b6798-da48-4091-b5db-315994cb8b5f-300x225.jpg,site/_external/wordpressmu-1425697-5386286.cloudwaysapps.com/wp-content/uploads/2025/04/252b6798-da48-4091-b5db-315994cb8b5f-300x225.jpg,200,image/jpeg,17817,dom:desktop dom:mobile html:img[data-lazy-srcset]
https://wordpressmu-1425697-5386286.cloudwaysapps.com/wp-content/uploads/2025/04/252b6798-da48-4091-b5db-315994cb8b5f-768x576.jpg,site/_external/wordpressmu-1425697-5386286.cloudwaysapps.com/wp-content/uploads/2025/04/252b6798-da48-4091-b5db-315994cb8b5f-768x576.jpg,200,image/jpeg,111727,dom:desktop dom:mobile html:img[data-lazy-srcset]
https://wordpressmu-1425697-5386286.cloudwaysapps.com/wp-content/uploads/2025/04/252b6798-da48-4091-b5db-315994cb8b5f.jpg,site/_external/wordpressmu-1425697-5386286.cloudwaysapps.com/wp-content/uploads/2025/04/252b6798-da48-4091-b5db-315994cb8b5f.jpg,200,image/jpeg,432657,dom:desktop dom:mobile html:img[data-lazy-srcset]
https://wordpressmu-1425697-5386286.cloudwaysapps.com/wp-content/uploads/2025/04/2a27faa7-1079-4a32-8748-df75617d4874-1024x1024.jpg,site/_external/wordpressmu-1425697-5386286.cloudwaysapps.com/wp-content/uploads/2025/04/2a27faa7-1079-4a32-8748-df75617d4874-1024x1024.jpg,200,image/jpeg,201688,dom:desktop dom:mobile html:img[data-lazy-srcset]
https://wordpressmu-1425697-5386286.cloudwaysapps.com/wp-content/uploads/2025/04/2a27faa7-1079-4a32-8748-df75617d4874-150x150.jpg,site/_external/wordpressmu-1425697-5386286.cloudwaysapps.com/wp-content/uploads/2025/04/2a27faa7-1079-4a32-8748-df75617d4874-150x150.jpg,200,image/jpeg,5843,dom:desktop dom:mobile html:img[data-lazy-srcset]
https://wordpressmu-1425697-5386286.cloudwaysapps.com/wp-content/uploads/2025/04/2a27faa7-1079-4a32-8748-df75617d4874-300x300.jpg,site/_external/wordpressmu-1425697-5386286.cloudwaysapps.com/wp-content/uploads/2025/04/2a27faa7-1079-4a32-8748-df75617d4874-300x300.jpg,200,image/jpeg,19847,dom:desktop dom:mobile html:img[data-lazy-srcset]
https://wordpressmu-1425697-5386286.cloudwaysapps.com/wp-content/uploads/2025/04/2a27faa7-1079-4a32-8748-df75617d4874-768x768.jpg,site/_external/wordpressmu-1425697-5386286.cloudwaysapps.com/wp-content/uploads/2025/04/2a27faa7-1079-4a32-8748-df75617d4874-768x768.jpg,200,image/jpeg,117324,dom:desktop dom:mobile html:img[data-lazy-srcset]
https://wordpressmu-1425697-5386286.cloudwaysapps.com/wp-content/uploads/2025/04/2a27faa7-1079-4a32-8748-df75617d4874.jpg,site/_external/wordpressmu-1425697-5386286.cloudwaysapps.com/wp-content/uploads/2025/04/2a27faa7-1079-4a32-8748-df75617d4874.jpg,200,image/jpeg,409910,dom:desktop dom:mobile html:img[data-lazy-srcset]
https://wordpressmu-1425697-5386286.cloudwaysapps.com/wp-content/uploads/2025/04/31b7f16a-175c-4627-846a-c57fe99f9952-1024x576.jpg,site/_external/wordpressmu-1425697-5386286.cloudwaysapps.com/wp-content/uploads/2025/04/31b7f16a-175c-4627-846a-c57fe99f9952-1024x576.jpg,200,image/jpeg,112083,dom:desktop dom:mobile html:img[data-lazy-srcset]
https://wordpressmu-1425697-5386286.cloudwaysapps.com/wp-content/uploads/2025/04/31b7f16a-175c-4627-846a-c57fe99f9952-300x169.jpg,site/_external/wordpressmu-1425697-5386286.cloudwaysapps.com/wp-content/uploads/2025/04/31b7f16a-175c-4627-846a-c57fe99f9952-300x169.jpg,200,image/jpeg,12415,dom:desktop dom:mobile html:img[data-lazy-srcset]
https://wordpressmu-1425697-5386286.cloudwaysapps.com/wp-content/uploads/2025/04/31b7f16a-175c-4627-846a-c57fe99f9952-768x432.jpg,site/_external/wordpressmu-1425697-5386286.cloudwaysapps.com/wp-content/uploads/2025/04/31b7f16a-175c-4627-846a-c57fe99f9952-768x432.jpg,200,image/jpeg,68836,dom:desktop dom:mobile html:img[data-lazy-srcset]
https://wordpressmu-1425697-5386286.cloudwaysapps.com/wp-content/uploads/2025/04/31b7f16a-175c-4627-846a-c57fe99f9952.jpg,site/_external/wordpressmu-1425697-5386286.cloudwaysapps.com/wp-content/uploads/2025/04/31b7f16a-175c-4627-846a-c57fe99f9952.jpg,200,image/jpeg,209492,browser:image dom:desktop dom:mobile
https://wordpressmu-1425697-5386286.cloudwaysapps.com/wp-content/uploads/2025/04/34343482-10f4-4a4f-8c20-94cbb65d6772-1024x768.jpg,site/_external/wordpressmu-1425697-5386286.cloudwaysapps.com/wp-content/uploads/2025/04/34343482-10f4-4a4f-8c20-94cbb65d6772-1024x768.jpg,200,image/jpeg,140928,dom:desktop dom:mobile html:img[data-lazy-srcset]
https://wordpressmu-1425697-5386286.cloudwaysapps.com/wp-content/uploads/2025/04/34343482-10f4-4a4f-8c20-94cbb65d6772-300x225.jpg,site/_external/wordpressmu-1425697-5386286.cloudwaysapps.com/wp-content/uploads/2025/04/34343482-10f4-4a4f-8c20-94cbb65d6772-300x225.jpg,200,image/jpeg,17279,dom:desktop dom:mobile html:img[data-lazy-srcset]
https://wordpressmu-1425697-5386286.cloudwaysapps.com/wp-content/uploads/2025/04/34343482-10f4-4a4f-8c20-94cbb65d6772-768x576.jpg,site/_external/wordpressmu-1425697-5386286.cloudwaysapps.com/wp-content/uploads/2025/04/34343482-10f4-4a4f-8c20-94cbb65d6772-768x576.jpg,200,image/jpeg,86473,dom:desktop dom:mobile html:img[data-lazy-srcset]
https://wordpressmu-1425697-5386286.cloudwaysapps.com/wp-content/uploads/2025/04/34343482-10f4-4a4f-8c20-94cbb65d6772.jpg,site/_external/wordpressmu-1425697-5386286.cloudwaysapps.com/wp-content/uploads/2025/04/34343482-10f4-4a4f-8c20-94cbb65d6772.jpg,200,image/jpeg,276317,dom:desktop dom:mobile html:img[data-lazy-srcset]
https://wordpressmu-1425697-5386286.cloudwaysapps.com/wp-content/uploads/2025/04/380ec1c0-be12-438a-b776-9c1fd236947d-1152x1536.jpg,site/_external/wordpressmu-1425697-5386286.cloudwaysapps.com/wp-content/uploads/2025/04/380ec1c0-be12-438a-b776-9c1fd236947d-1152x1536.jpg,200,image/jpeg,244273,dom:desktop dom:mobile html:img[data-lazy-srcset]
https://wordpressmu-1425697-5386286.cloudwaysapps.com/wp-content/uploads/2025/04/380ec1c0-be12-438a-b776-9c1fd236947d-225x300.jpg,site/_external/wordpressmu-1425697-5386286.cloudwaysapps.com/wp-content/uploads/2025/04/380ec1c0-be12-438a-b776-9c1fd236947d-225x300.jpg,200,image/jpeg,15524,dom:desktop dom:mobile html:img[data-lazy-srcset]
https://wordpressmu-1425697-5386286.cloudwaysapps.com/wp-content/uploads/2025/04/380ec1c0-be12-438a-b776-9c1fd236947d-768x1024.jpg,site/_external/wordpressmu-1425697-5386286.cloudwaysapps.com/wp-content/uploads/2025/04/380ec1c0-be12-438a-b776-9c1fd236947d-768x1024.jpg,200,image/jpeg,121419,dom:desktop dom:mobile html:img[data-lazy-srcset]
https://wordpressmu-1425697-5386286.cloudwaysapps.com/wp-content/uploads/2025/04/380ec1c0-be12-438a-b776-9c1fd236947d.jpg,site/_external/wordpressmu-1425697-5386286.cloudwaysapps.com/wp-content/uploads/2025/04/380ec1c0-be12-438a-b776-9c1fd236947d.jpg,200,image/jpeg,400875,dom:desktop dom:mobile html:img[data-lazy-srcset]
https://wordpressmu-1425697-5386286.cloudwaysapps.com/wp-content/uploads/2025/04/3ad61b8d-5214-4e4c-bf3a-f6d09c24a00b-1024x576.jpg,site/_external/wordpressmu-1425697-5386286.cloudwaysapps.com/wp-content/uploads/2025/04/3ad61b8d-5214-4e4c-bf3a-f6d09c24a00b-1024x576.jpg,200,image/jpeg,109905,dom:desktop dom:mobile html:img[data-lazy-srcset]
https://wordpressmu-1425697-5386286.cloudwaysapps.com/wp-content/uploads/2025/04/3ad61b8d-5214-4e4c-bf3a-f6d09c24a00b-300x169.jpg,site/_external/wordpressmu-1425697-5386286.cloudwaysapps.com/wp-content/uploads/2025/04/3ad61b8d-5214-4e4c-bf3a-f6d09c24a00b-300x169.jpg,200,image/jpeg,12270,dom:desktop dom:mobile html:img[data-lazy-srcset]
https://wordpressmu-1425697-5386286.cloudwaysapps.com/wp-content/uploads/2025/04/3ad61b8d-5214-4e4c-bf3a-f6d09c24a00b-768x432.jpg,site/_external/wordpressmu-1425697-5386286.cloudwaysapps.com/wp-content/uploads/2025/04/3ad61b8d-5214-4e4c-bf3a-f6d09c24a00b-768x432.jpg,200,image/jpeg,65988,dom:desktop dom:mobile html:img[data-lazy-srcset]
https://wordpressmu-1425697-5386286.cloudwaysapps.com/wp-content/uploads/2025/04/3ad61b8d-5214-4e4c-bf3a-f6d09c24a00b.jpg,site/_external/wordpressmu-1425697-5386286.cloudwaysapps.com/wp-content/uploads/2025/04/3ad61b8d-5214-4e4c-bf3a-f6d09c24a00b.jpg,200,image/jpeg,210640,dom:desktop dom:mobile html:img[data-lazy-srcset]
https://wordpressmu-1425697-5386286.cloudwaysapps.com/wp-content/uploads/2025/04/3e96e3e8-1e29-46d9-9e99-6a7ecf40fea6-1024x575.jpg,site/_external/wordpressmu-1425697-5386286.cloudwaysapps.com/wp-content/uploads/2025/04/3e96e3e8-1e29-46d9-9e99-6a7ecf40fea6-1024x575.jpg,200,image/jpeg,95637,dom:desktop dom:mobile html:img[data-lazy-srcset]
https://wordpressmu-1425697-5386286.cloudwaysapps.com/wp-content/uploads/2025/04/3e96e3e8-1e29-46d9-9e99-6a7ecf40fea6-300x169.jpg,site/_external/wordpressmu-1425697-5386286.cloudwaysapps.com/wp-content/uploads/2025/04/3e96e3e8-1e29-46d9-9e99-6a7ecf40fea6-300x169.jpg,200,image/jpeg,13417,dom:desktop dom:mobile html:img[data-lazy-srcset]
https://wordpressmu-1425697-5386286.cloudwaysapps.com/wp-content/uploads/2025/04/3e96e3e8-1e29-46d9-9e99-6a7ecf40fea6-768x431.jpg,site/_external/wordpressmu-1425697-5386286.cloudwaysapps.com/wp-content/uploads/2025/04/3e96e3e8-1e29-46d9-9e99-6a7ecf40fea6-768x431.jpg,200,image/jpeg,60714,dom:desktop dom:mobile html:img[data-lazy-srcset]
https://wordpressmu-1425697-5386286.cloudwaysapps.com/wp-content/uploads/2025/04/3e96e3e8-1e29-46d9-9e99-6a7ecf40fea6.jpg,site/_external/wordpressmu-1425697-5386286.cloudwaysapps.com/wp-content/uploads/2025/04/3e96e3e8-1e29-46d9-9e99-6a7ecf40fea6.jpg,200,image/jpeg,174815,dom:desktop dom:mobile html:img[data-lazy-srcset]
https://wordpressmu-1425697-5386286.cloudwaysapps.com/wp-content/uploads/2025/04/413c2219-552d-4b12-87c9-678d1474d06b-1024x576.jpg,site/_external/wordpressmu-1425697-5386286.cloudwaysapps.com/wp-content/uploads/2025/04/413c2219-552d-4b12-87c9-678d1474d06b-1024x576.jpg,200,image/jpeg,195467,dom:desktop dom:mobile html:img[data-lazy-srcset]
https://wordpressmu-1425697-5386286.cloudwaysapps.com/wp-content/uploads/2025/04/413c2219-552d-4b12-87c9-678d1474d06b-300x169.jpg,site/_external/wordpressmu-1425697-5386286.cloudwaysapps.com/wp-content/uploads/2025/04/413c2219-552d-4b12-87c9-678d1474d06b-300x169.jpg,200,image/jpeg,18350,dom:desktop dom:mobile html:img[data-lazy-srcset]
https://wordpressmu-1425697-5386286.cloudwaysapps.com/wp-content/uploads/2025/04/413c2219-552d-4b12-87c9-678d1474d06b-768x432.jpg,site/_external/wordpressmu-1425697-5386286.cloudwaysapps.com/wp-content/uploads/2025/04/413c2219-552d-4b12-87c9-678d1474d06b-768x432.jpg,200,image/jpeg,116408,dom:desktop dom:mobile html:img[data-lazy-srcset]
https://wordpressmu-1425697-5386286.cloudwaysapps.com/wp-content/uploads/2025/04/413c2219-552d-4b12-87c9-678d1474d06b.jpg,site/_external/wordpressmu-1425697-5386286.cloudwaysapps.com/wp-content/uploads/2025/04/413c2219-552d-4b12-87c9-678d1474d06b.jpg,200,image/jpeg,367367,browser:image dom:desktop dom:mobile
https://wordpressmu-1425697-5386286.cloudwaysapps.com/wp-content/uploads/2025/04/51d2ed67-a432-4105-a85b-e500c856ba9d-1024x768.jpg,site/_external/wordpressmu-1425697-5386286.cloudwaysapps.com/wp-content/uploads/2025/04/51d2ed67-a432-4105-a85b-e500c856ba9d-1024x768.jpg,200,image/jpeg,196614,dom:desktop dom:mobile html:img[data-lazy-srcset]
https://wordpressmu-1425697-5386286.cloudwaysapps.com/wp-content/uploads/2025/04/51d2ed67-a432-4105-a85b-e500c856ba9d-300x225.jpg,site/_external/wordpressmu-1425697-5386286.cloudwaysapps.com/wp-content/uploads/2025/04/51d2ed67-a432-4105-a85b-e500c856ba9d-300x225.jpg,200,image/jpeg,19153,dom:desktop dom:mobile html:img[data-lazy-srcset]
https://wordpressmu-1425697-5386286.cloudwaysapps.com/wp-content/uploads/2025/04/51d2ed67-a432-4105-a85b-e500c856ba9d-768x576.jpg,site/_external/wordpressmu-1425697-5386286.cloudwaysapps.com/wp-content/uploads/2025/04/51d2ed67-a432-4105-a85b-e500c856ba9d-768x576.jpg,200,image/jpeg,113738,dom:desktop dom:mobile html:img[data-lazy-srcset]
https://wordpressmu-1425697-5386286.cloudwaysapps.com/wp-content/uploads/2025/04/51d2ed67-a432-4105-a85b-e500c856ba9d.jpg,site/_external/wordpressmu-1425697-5386286.cloudwaysapps.com/wp-content/uploads/2025/04/51d2ed67-a432-4105-a85b-e500c856ba9d.jpg,200,image/jpeg,405698,dom:desktop dom:mobile html:img[data-lazy-srcset]
https://wordpressmu-1425697-5386286.cloudwaysapps.com/wp-content/uploads/2025/04/51db5f7a-c7fb-4157-ad48-c3d70a7d8d88-1024x576.jpg,site/_external/wordpressmu-1425697-5386286.cloudwaysapps.com/wp-content/uploads/2025/04/51db5f7a-c7fb-4157-ad48-c3d70a7d8d88-1024x576.jpg,200,image/jpeg,107683,dom:desktop dom:mobile html:img[data-lazy-srcset]
https://wordpressmu-1425697-5386286.cloudwaysapps.com/wp-content/uploads/2025/04/51db5f7a-c7fb-4157-ad48-c3d70a7d8d88-300x169.jpg,site/_external/wordpressmu-1425697-5386286.cloudwaysapps.com/wp-content/uploads/2025/04/51db5f7a-c7fb-4157-ad48-c3d70a7d8d88-300x169.jpg,200,image/jpeg,11941,dom:desktop dom:mobile html:img[data-lazy-srcset]
https://wordpressmu-1425697-5386286.cloudwaysapps.com/wp-content/uploads/2025/04/51db5f7a-c7fb-4157-ad48-c3d70a7d8d88-768x432.jpg,site/_external/wordpressmu-1425697-5386286.cloudwaysapps.com/wp-content/uploads/2025/04/51db5f7a-c7fb-4157-ad48-c3d70a7d8d88-768x432.jpg,200,image/jpeg,66235,dom:desktop dom:mobile html:img[data-lazy-srcset]
https://wordpressmu-1425697-5386286.cloudwaysapps.com/wp-content/uploads/2025/04/51db5f7a-c7fb-4157-ad48-c3d70a7d8d88.jpg,site/_external/wordpressmu-1425697-5386286.cloudwaysapps.com/wp-content/uploads/2025/04/51db5f7a-c7fb-4157-ad48-c3d70a7d8d88.jpg,200,image/jpeg,203879,browser:image dom:desktop dom:mobile
https://wordpressmu-1425697-5386286.cloudwaysapps.com/wp-content/uploads/2025/04/52f7465e-06b2-4c89-ae8d-afb4e872f80f-1024x576.jpg,site/_external/wordpressmu-1425697-5386286.cloudwaysapps.com/wp-content/uploads/2025/04/52f7465e-06b2-4c89-ae8d-afb4e872f80f-1024x576.jpg,200,image/jpeg,112006,dom:desktop dom:mobile html:img[data-lazy-srcset]
https://wordpressmu-1425697-5386286.cloudwaysapps.com/wp-content/uploads/2025/04/52f7465e-06b2-4c89-ae8d-afb4e872f80f-300x169.jpg,site/_external/wordpressmu-1425697-5386286.cloudwaysapps.com/wp-content/uploads/2025/04/52f7465e-06b2-4c89-ae8d-afb4e872f80f-300x169.jpg,200,image/jpeg,12049,dom:desktop dom:mobile html:img[data-lazy-srcset]
https://wordpressmu-1425697-5386286.cloudwaysapps.com/wp-content/uploads/2025/04/52f7465e-06b2-4c89-ae8d-afb4e872f80f-768x432.jpg,site/_external/wordpressmu-1425697-5386286.cloudwaysapps.com/wp-content/uploads/2025/04/52f7465e-06b2-4c89-ae8d-afb4e872f80f-768x432.jpg,200,image/jpeg,66161,dom:desktop dom:mobile html:img[data-lazy-srcset]
https://wordpressmu-1425697-5386286.cloudwaysapps.com/wp-content/uploads/2025/04/52f7465e-06b2-4c89-ae8d-afb4e872f80f.jpg,site/_external/wordpressmu-1425697-5386286.cloudwaysapps.com/wp-content/uploads/2025/04/52f7465e-06b2-4c89-ae8d-afb4e872f80f.jpg,200,image/jpeg,220719,dom:desktop dom:mobile html:img[data-lazy-srcset]
https://wordpressmu-1425697-5386286.cloudwaysapps.com/wp-content/uploads/2025/04/565bece1-3fef-45a0-b8df-f83ce503b0d6-169x300.jpg,site/_external/wordpressmu-1425697-5386286.cloudwaysapps.com/wp-content/uploads/2025/04/565bece1-3fef-45a0-b8df-f83ce503b0d6-169x300.jpg,200,image/jpeg,19077,dom:desktop dom:mobile html:img[data-lazy-srcset]
https://wordpressmu-1425697-5386286.cloudwaysapps.com/wp-content/uploads/2025/04/565bece1-3fef-45a0-b8df-f83ce503b0d6-576x1024.jpg,site/_external/wordpressmu-1425697-5386286.cloudwaysapps.com/wp-content/uploads/2025/04/565bece1-3fef-45a0-b8df-f83ce503b0d6-576x1024.jpg,200,image/jpeg,191492,dom:desktop dom:mobile html:img[data-lazy-srcset]
https://wordpressmu-1425697-5386286.cloudwaysapps.com/wp-content/uploads/2025/04/565bece1-3fef-45a0-b8df-f83ce503b0d6-768x1365.jpg,site/_external/wordpressmu-1425697-5386286.cloudwaysapps.com/wp-content/uploads/2025/04/565bece1-3fef-45a0-b8df-f83ce503b0d6-768x1365.jpg,200,image/jpeg,318728,dom:desktop dom:mobile html:img[data-lazy-srcset]
https://wordpressmu-1425697-5386286.cloudwaysapps.com/wp-content/uploads/2025/04/565bece1-3fef-45a0-b8df-f83ce503b0d6-864x1536.jpg,site/_external/wordpressmu-1425697-5386286.cloudwaysapps.com/wp-content/uploads/2025/04/565bece1-3fef-45a0-b8df-f83ce503b0d6-864x1536.jpg,200,image/jpeg,389367,dom:desktop dom:mobile html:img[data-lazy-srcset]
https://wordpressmu-1425697-5386286.cloudwaysapps.com/wp-content/uploads/2025/04/565bece1-3fef-45a0-b8df-f83ce503b0d6.jpg,site/_external/wordpressmu-1425697-5386286.cloudwaysapps.com/wp-content/uploads/2025/04/565bece1-3fef-45a0-b8df-f83ce503b0d6.jpg,200,image/jpeg,620469,dom:desktop dom:mobile html:img[data-lazy-srcset]
https://wordpressmu-1425697-5386286.cloudwaysapps.com/wp-content/uploads/2025/04/56b31a1f-ab1e-458c-9d61-9abeaabf05ca-1024x576.jpg,site/_external/wordpressmu-1425697-5386286.cloudwaysapps.com/wp-content/uploads/2025/04/56b31a1f-ab1e-458c-9d61-9abeaabf05ca-1024x576.jpg,200,image/jpeg,78052,dom:desktop dom:mobile html:img[data-lazy-srcset]
https://wordpressmu-1425697-5386286.cloudwaysapps.com/wp-content/uploads/2025/04/56b31a1f-ab1e-458c-9d61-9abeaabf05ca-300x169.jpg,site/_external/wordpressmu-1425697-5386286.cloudwaysapps.com/wp-content/uploads/2025/04/56b31a1f-ab1e-458c-9d61-9abeaabf05ca-300x169.jpg,200,image/jpeg,10278,dom:desktop dom:mobile html:img[data-lazy-srcset]
https://wordpressmu-1425697-5386286.cloudwaysapps.com/wp-content/uploads/2025/04/56b31a1f-ab1e-458c-9d61-9abeaabf05ca-768x432.jpg,site/_external/wordpressmu-1425697-5386286.cloudwaysapps.com/wp-content/uploads/2025/04/56b31a1f-ab1e-458c-9d61-9abeaabf05ca-768x432.jpg,200,image/jpeg,48238,dom:desktop dom:mobile html:img[data-lazy-srcset]
https://wordpressmu-1425697-5386286.cloudwaysapps.com/wp-content/uploads/2025/04/56b31a1f-ab1e-458c-9d61-9abeaabf05ca.jpg,site/_external/wordpressmu-1425697-5386286.cloudwaysapps.com/wp-content/uploads/2025/04/56b31a1f-ab1e-458c-9d61-9abeaabf05ca.jpg,200,image/jpeg,152822,dom:desktop dom:mobile html:img[data-lazy-srcset]
https://wordpressmu-1425697-5386286.cloudwaysapps.com/wp-content/uploads/2025/04/5d8d06d8-968e-4274-8b2c-9b782525b113-1152x1536.jpg,site/_external/wordpressmu-1425697-5386286.cloudwaysapps.com/wp-content/uploads/2025/04/5d8d06d8-968e-4274-8b2c-9b782525b113-1152x1536.jpg,200,image/jpeg,542149,dom:desktop dom:mobile html:img[data-lazy-srcset]
https://wordpressmu-1425697-5386286.cloudwaysapps.com/wp-content/uploads/2025/04/5d8d06d8-968e-4274-8b2c-9b782525b113-225x300.jpg,site/_external/wordpressmu-1425697-5386286.cloudwaysapps.com/wp-content/uploads/2025/04/5d8d06d8-968e-4274-8b2c-9b782525b113-225x300.jpg,200,image/jpeg,21843,dom:desktop dom:mobile html:img[data-lazy-srcset]
https://wordpressmu-1425697-5386286.cloudwaysapps.com/wp-content/uploads/2025/04/5d8d06d8-968e-4274-8b2c-9b782525b113-768x1024.jpg,site/_external/wordpressmu-1425697-5386286.cloudwaysapps.com/wp-content/uploads/2025/04/5d8d06d8-968e-4274-8b2c-9b782525b113-768x1024.jpg,200,image/jpeg,250803,dom:desktop dom:mobile html:img[data-lazy-srcset]
https://wordpressmu-1425697-5386286.cloudwaysapps.com/wp-content/uploads/2025/04/5d8d06d8-968e-4274-8b2c-9b782525b113.jpg,site/_external/wordpressmu-1425697-5386286.cloudwaysapps.com/wp-content/uploads/2025/04/5d8d06d8-968e-4274-8b2c-9b782525b113.jpg,200,image/jpeg,876954,dom:desktop dom:mobile html:img[data-lazy-srcset]
https://wordpressmu-1425697-5386286.cloudwaysapps.com/wp-content/uploads/2025/04/5ec9dc2d-564b-4ee0-ab21-e3fb59409f2b-1024x576.jpg,site/_external/wordpressmu-1425697-5386286.cloudwaysapps.com/wp-content/uploads/2025/04/5ec9dc2d-564b-4ee0-ab21-e3fb59409f2b-1024x576.jpg,200,image/jpeg,73908,dom:desktop dom:mobile html:img[data-lazy-srcset]
https://wordpressmu-1425697-5386286.cloudwaysapps.com/wp-content/uploads/2025/04/5ec9dc2d-564b-4ee0-ab21-e3fb59409f2b-300x169.jpg,site/_external/wordpressmu-1425697-5386286.cloudwaysapps.com/wp-content/uploads/2025/04/5ec9dc2d-564b-4ee0-ab21-e3fb59409f2b-300x169.jpg,200,image/jpeg,11124,dom:desktop dom:mobile html:img[data-lazy-srcset]
https://wordpressmu-1425697-5386286.cloudwaysapps.com/wp-content/uploads/2025/04/5ec9dc2d-564b-4ee0-ab21-e3fb59409f2b-768x432.jpg,site/_external/wordpressmu-1425697-5386286.cloudwaysapps.com/wp-content/uploads/2025/04/5ec9dc2d-564b-4ee0-ab21-e3fb59409f2b-768x432.jpg,200,image/jpeg,47751,dom:desktop dom:mobile html:img[data-lazy-srcset]
https://wordpressmu-1425697-5386286.cloudwaysapps.com/wp-content/uploads/2025/04/5ec9dc2d-564b-4ee0-ab21-e3fb59409f2b.jpg,site/_external/wordpressmu-1425697-5386286.cloudwaysapps.com/wp-content/uploads/2025/04/5ec9dc2d-564b-4ee0-ab21-e3fb59409f2b.jpg,200,image/jpeg,138148,dom:desktop dom:mobile html:img[data-lazy-srcset]
https://wordpressmu-1425697-5386286.cloudwaysapps.com/wp-content/uploads/2025/04/61b178d3-d001-41d8-9287-04cd67257b83-300x225.jpg,site/_external/wordpressmu-1425697-5386286.cloudwaysapps.com/wp-content/uploads/2025/04/61b178d3-d001-41d8-9287-04cd67257b83-300x225.jpg,200,image/jpeg,13171,dom:desktop dom:mobile html:img[data-lazy-srcset]
https://wordpressmu-1425697-5386286.cloudwaysapps.com/wp-content/uploads/2025/04/61b178d3-d001-41d8-9287-04cd67257b83.jpg,site/_external/wordpressmu-1425697-5386286.cloudwaysapps.com/wp-content/uploads/2025/04/61b178d3-d001-41d8-9287-04cd67257b83.jpg,200,image/jpeg,23558,dom:desktop dom:mobile html:img[data-lazy-srcset]
https://wordpressmu-1425697-5386286.cloudwaysapps.com/wp-content/uploads/2025/04/63497cd1-1125-4ffa-bab4-fac3f2defa9f-1024x683.jpg,site/_external/wordpressmu-1425697-5386286.cloudwaysapps.com/wp-content/uploads/2025/04/63497cd1-1125-4ffa-bab4-fac3f2defa9f-1024x683.jpg,200,image/jpeg,126965,dom:desktop dom:mobile html:img[data-lazy-srcset]
https://wordpressmu-1425697-5386286.cloudwaysapps.com/wp-content/uploads/2025/04/63497cd1-1125-4ffa-bab4-fac3f2defa9f-300x200.jpg,site/_external/wordpressmu-1425697-5386286.cloudwaysapps.com/wp-content/uploads/2025/04/63497cd1-1125-4ffa-bab4-fac3f2defa9f-300x200.jpg,200,image/jpeg,15108,dom:desktop dom:mobile html:img[data-lazy-srcset]
https://wordpressmu-1425697-5386286.cloudwaysapps.com/wp-content/uploads/2025/04/63497cd1-1125-4ffa-bab4-fac3f2defa9f-768x512.jpg,site/_external/wordpressmu-1425697-5386286.cloudwaysapps.com/wp-content/uploads/2025/04/63497cd1-1125-4ffa-bab4-fac3f2defa9f-768x512.jpg,200,image/jpeg,77996,dom:desktop dom:mobile html:img[data-lazy-srcset]
https://wordpressmu-1425697-5386286.cloudwaysapps.com/wp-content/uploads/2025/04/63497cd1-1125-4ffa-bab4-fac3f2defa9f.jpg,site/_external/wordpressmu-1425697-5386286.cloudwaysapps.com/wp-content/uploads/2025/04/63497cd1-1125-4ffa-bab4-fac3f2defa9f.jpg,200,image/jpeg,237836,dom:desktop dom:mobile html:img[data-lazy-srcset]
https://wordpressmu-1425697-5386286.cloudwaysapps.com/wp-content/uploads/2025/04/64a1d24f-293b-45d1-ad3b-09f98172422e-1024x576.jpg,site/_external/wordpressmu-1425697-5386286.cloudwaysapps.com/wp-content/uploads/2025/04/64a1d24f-293b-45d1-ad3b-09f98172422e-1024x576.jpg,200,image/jpeg,121470,dom:desktop dom:mobile html:img[data-lazy-srcset]
https://wordpressmu-1425697-5386286.cloudwaysapps.com/wp-content/uploads/2025/04/64a1d24f-293b-45d1-ad3b-09f98172422e-300x169.jpg,site/_external/wordpressmu-1425697-5386286.cloudwaysapps.com/wp-content/uploads/2025/04/64a1d24f-293b-45d1-ad3b-09f98172422e-300x169.jpg,200,image/jpeg,12464,dom:desktop dom:mobile html:img[data-lazy-srcset]
https://wordpressmu-1425697-5386286.cloudwaysapps.com/wp-content/uploads/2025/04/64a1d24f-293b-45d1-ad3b-09f98172422e-768x432.jpg,site/_external/wordpressmu-1425697-5386286.cloudwaysapps.com/wp-content/uploads/2025/04/64a1d24f-293b-45d1-ad3b-09f98172422e-768x432.jpg,200,image/jpeg,71717,dom:desktop dom:mobile html:img[data-lazy-srcset]
https://wordpressmu-1425697-5386286.cloudwaysapps.com/wp-content/uploads/2025/04/64a1d24f-293b-45d1-ad3b-09f98172422e.jpg,site/_external/wordpressmu-1425697-5386286.cloudwaysapps.com/wp-content/uploads/2025/04/64a1d24f-293b-45d1-ad3b-09f98172422e.jpg,200,image/jpeg,236534,browser:image dom:desktop dom:mobile
https://wordpressmu-1425697-5386286.cloudwaysapps.com/wp-content/uploads/2025/04/694afedf-c6fe-4b90-8570-79e890d68127-1024x624.jpg,site/_external/wordpressmu-1425697-5386286.cloudwaysapps.com/wp-content/uploads/2025/04/694afedf-c6fe-4b90-8570-79e890d68127-1024x624.jpg,200,image/jpeg,102888,dom:desktop dom:mobile html:img[data-lazy-srcset]
https://wordpressmu-1425697-5386286.cloudwaysapps.com/wp-content/uploads/2025/04/694afedf-c6fe-4b90-8570-79e890d68127-300x183.jpg,site/_external/wordpressmu-1425697-5386286.cloudwaysapps.com/wp-content/uploads/2025/04/694afedf-c6fe-4b90-8570-79e890d68127-300x183.jpg,200,image/jpeg,12146,dom:desktop dom:mobile html:img[data-lazy-srcset]
https://wordpressmu-1425697-5386286.cloudwaysapps.com/wp-content/uploads/2025/04/694afedf-c6fe-4b90-8570-79e890d68127-768x468.jpg,site/_external/wordpressmu-1425697-5386286.cloudwaysapps.com/wp-content/uploads/2025/04/694afedf-c6fe-4b90-8570-79e890d68127-768x468.jpg,200,image/jpeg,65182,dom:desktop browser:image dom:mobile
https://wordpressmu-1425697-5386286.cloudwaysapps.com/wp-content/uploads/2025/04/694afedf-c6fe-4b90-8570-79e890d68127.jpg,site/_external/wordpressmu-1425697-5386286.cloudwaysapps.com/wp-content/uploads/2025/04/694afedf-c6fe-4b90-8570-79e890d68127.jpg,200,image/jpeg,181841,dom:desktop dom:mobile html:img[data-lazy-srcset]
https://wordpressmu-1425697-5386286.cloudwaysapps.com/wp-content/uploads/2025/04/6b504281-ff25-4233-a48f-0057e68d9f09-1024x576.jpg,site/_external/wordpressmu-1425697-5386286.cloudwaysapps.com/wp-content/uploads/2025/04/6b504281-ff25-4233-a48f-0057e68d9f09-1024x576.jpg,200,image/jpeg,102971,dom:desktop dom:mobile html:img[data-lazy-srcset]
https://wordpressmu-1425697-5386286.cloudwaysapps.com/wp-content/uploads/2025/04/6b504281-ff25-4233-a48f-0057e68d9f09-300x169.jpg,site/_external/wordpressmu-1425697-5386286.cloudwaysapps.com/wp-content/uploads/2025/04/6b504281-ff25-4233-a48f-0057e68d9f09-300x169.jpg,200,image/jpeg,12531,dom:desktop dom:mobile html:img[data-lazy-srcset]
https://wordpressmu-1425697-5386286.cloudwaysapps.com/wp-content/uploads/2025/04/6b504281-ff25-4233-a48f-0057e68d9f09-768x432.jpg,site/_external/wordpressmu-1425697-5386286.cloudwaysapps.com/wp-content/uploads/2025/04/6b504281-ff25-4233-a48f-0057e68d9f09-768x432.jpg,200,image/jpeg,63858,dom:desktop dom:mobile html:img[data-lazy-srcset]
https://wordpressmu-1425697-5386286.cloudwaysapps.com/wp-content/uploads/2025/04/6b504281-ff25-4233-a48f-0057e68d9f09.jpg,site/_external/wordpressmu-1425697-5386286.cloudwaysapps.com/wp-content/uploads/2025/04/6b504281-ff25-4233-a48f-0057e68d9f09.jpg,200,image/jpeg,194344,dom:desktop dom:mobile html:img[data-lazy-srcset]
https://wordpressmu-1425697-5386286.cloudwaysapps.com/wp-content/uploads/2025/04/6ec0d121-3df5-463d-98a0-d86cc9700f33-1024x682.jpg,site/_external/wordpressmu-1425697-5386286.cloudwaysapps.com/wp-content/uploads/2025/04/6ec0d121-3df5-463d-98a0-d86cc9700f33-1024x682.jpg,200,image/jpeg,134210,dom:desktop dom:mobile html:img[data-lazy-srcset]
https://wordpressmu-1425697-5386286.cloudwaysapps.com/wp-content/uploads/2025/04/6ec0d121-3df5-463d-98a0-d86cc9700f33-300x200.jpg,site/_external/wordpressmu-1425697-5386286.cloudwaysapps.com/wp-content/uploads/2025/04/6ec0d121-3df5-463d-98a0-d86cc9700f33-300x200.jpg,200,image/jpeg,17039,dom:desktop dom:mobile html:img[data-lazy-srcset]
https://wordpressmu-1425697-5386286.cloudwaysapps.com/wp-content/uploads/2025/04/6ec0d121-3df5-463d-98a0-d86cc9700f33-768x511.jpg,site/_external/wordpressmu-1425697-5386286.cloudwaysapps.com/wp-content/uploads/2025/04/6ec0d121-3df5-463d-98a0-d86cc9700f33-768x511.jpg,200,image/jpeg,82920,dom:desktop dom:mobile html:img[data-lazy-srcset]
https://wordpressmu-1425697-5386286.cloudwaysapps.com/wp-content/uploads/2025/04/6ec0d121-3df5-463d-98a0-d86cc9700f33.jpg,site/_external/wordpressmu-1425697-5386286.cloudwaysapps.com/wp-content/uploads/2025/04/6ec0d121-3df5-463d-98a0-d86cc9700f33.jpg,200,image/jpeg,259378,dom:desktop dom:mobile html:img[data-lazy-srcset]
https://wordpressmu-1425697-5386286.cloudwaysapps.com/wp-content/uploads/2025/04/6f4eb58b-0dae-4266-af83-75ef6935f60a-1024x675.jpg,site/_external/wordpressmu-1425697-5386286.cloudwaysapps.com/wp-content/uploads/2025/04/6f4eb58b-0dae-4266-af83-75ef6935f60a-1024x675.jpg,200,image/jpeg,134944,dom:desktop dom:mobile html:img[data-lazy-srcset]
https://wordpressmu-1425697-5386286.cloudwaysapps.com/wp-content/uploads/2025/04/6f4eb58b-0dae-4266-af83-75ef6935f60a-300x198.jpg,site/_external/wordpressmu-1425697-5386286.cloudwaysapps.com/wp-content/uploads/2025/04/6f4eb58b-0dae-4266-af83-75ef6935f60a-300x198.jpg,200,image/jpeg,15451,dom:desktop dom:mobile html:img[data-lazy-srcset]
https://wordpressmu-1425697-5386286.cloudwaysapps.com/wp-content/uploads/2025/04/6f4eb58b-0dae-4266-af83-75ef6935f60a-768x506.jpg,site/_external/wordpressmu-1425697-5386286.cloudwaysapps.com/wp-content/uploads/2025/04/6f4eb58b-0dae-4266-af83-75ef6935f60a-768x506.jpg,200,image/jpeg,82925,dom:desktop dom:mobile html:img[data-lazy-srcset]
https://wordpressmu-1425697-5386286.cloudwaysapps.com/wp-content/uploads/2025/04/6f4eb58b-0dae-4266-af83-75ef6935f60a.jpg,site/_external/wordpressmu-1425697-5386286.cloudwaysapps.com/wp-content/uploads/2025/04/6f4eb58b-0dae-4266-af83-75ef6935f60a.jpg,200,image/jpeg,220512,dom:desktop dom:mobile html:img[data-lazy-srcset]
https://wordpressmu-1425697-5386286.cloudwaysapps.com/wp-content/uploads/2025/04/78fde7f5-b8e5-4280-b521-7c03899de4e2-1024x576.jpg,site/_external/wordpressmu-1425697-5386286.cloudwaysapps.com/wp-content/uploads/2025/04/78fde7f5-b8e5-4280-b521-7c03899de4e2-1024x576.jpg,200,image/jpeg,139270,dom:desktop dom:mobile html:img[data-lazy-srcset]
https://wordpressmu-1425697-5386286.cloudwaysapps.com/wp-content/uploads/2025/04/78fde7f5-b8e5-4280-b521-7c03899de4e2-300x169.jpg,site/_external/wordpressmu-1425697-5386286.cloudwaysapps.com/wp-content/uploads/2025/04/78fde7f5-b8e5-4280-b521-7c03899de4e2-300x169.jpg,200,image/jpeg,14034,dom:desktop dom:mobile html:img[data-lazy-srcset]
https://wordpressmu-1425697-5386286.cloudwaysapps.com/wp-content/uploads/2025/04/78fde7f5-b8e5-4280-b521-7c03899de4e2-768x432.jpg,site/_external/wordpressmu-1425697-5386286.cloudwaysapps.com/wp-content/uploads/2025/04/78fde7f5-b8e5-4280-b521-7c03899de4e2-768x432.jpg,200,image/jpeg,82708,dom:desktop dom:mobile html:img[data-lazy-srcset]
https://wordpressmu-1425697-5386286.cloudwaysapps.com/wp-content/uploads/2025/04/78fde7f5-b8e5-4280-b521-7c03899de4e2.jpg,site/_external/wordpressmu-1425697-5386286.cloudwaysapps.com/wp-content/uploads/2025/04/78fde7f5-b8e5-4280-b521-7c03899de4e2.jpg,200,image/jpeg,271098,browser:image dom:desktop dom:mobile
https://wordpressmu-1425697-5386286.cloudwaysapps.com/wp-content/uploads/2025/04/79eef9a0-66e0-4ae7-b38b-85bf95b03997-1024x693.jpg,site/_external/wordpressmu-1425697-5386286.cloudwaysapps.com/wp-content/uploads/2025/04/79eef9a0-66e0-4ae7-b38b-85bf95b03997-1024x693.jpg,200,image/jpeg,147189,dom:desktop dom:mobile html:img[data-lazy-srcset]
https://wordpressmu-1425697-5386286.cloudwaysapps.com/wp-content/uploads/2025/04/79eef9a0-66e0-4ae7-b38b-85bf95b03997-300x203.jpg,site/_external/wordpressmu-1425697-5386286.cloudwaysapps.com/wp-content/uploads/2025/04/79eef9a0-66e0-4ae7-b38b-85bf95b03997-300x203.jpg,200,image/jpeg,14983,dom:desktop dom:mobile html:img[data-lazy-srcset]
https://wordpressmu-1425697-5386286.cloudwaysapps.com/wp-content/uploads/2025/04/79eef9a0-66e0-4ae7-b38b-85bf95b03997-768x520.jpg,site/_external/wordpressmu-1425697-5386286.cloudwaysapps.com/wp-content/uploads/2025/04/79eef9a0-66e0-4ae7-b38b-85bf95b03997-768x520.jpg,200,image/jpeg,80568,dom:desktop dom:mobile html:img[data-lazy-srcset]
https://wordpressmu-1425697-5386286.cloudwaysapps.com/wp-content/uploads/2025/04/79eef9a0-66e0-4ae7-b38b-85bf95b03997.jpg,site/_external/wordpressmu-1425697-5386286.cloudwaysapps.com/wp-content/uploads/2025/04/79eef9a0-66e0-4ae7-b38b-85bf95b03997.jpg,200,image/jpeg,317371,dom:desktop dom:mobile html:img[data-lazy-srcset]
https://wordpressmu-1425697-5386286.cloudwaysapps.com/wp-content/uploads/2025/04/7b69fcd8-65b6-4aab-aae7-86e3f83b83eb-1024x576.jpg,site/_external/wordpressmu-1425697-5386286.cloudwaysapps.com/wp-content/uploads/2025/04/7b69fcd8-65b6-4aab-aae7-86e3f83b83eb-1024x576.jpg,200,image/jpeg,91481,dom:desktop dom:mobile html:img[data-lazy-srcset]
https://wordpressmu-1425697-5386286.cloudwaysapps.com/wp-content/uploads/2025/04/7b69fcd8-65b6-4aab-aae7-86e3f83b83eb-300x169.jpg,site/_external/wordpressmu-1425697-5386286.cloudwaysapps.com/wp-content/uploads/2025/04/7b69fcd8-65b6-4aab-aae7-86e3f83b83eb-300x169.jpg,200,image/jpeg,11369,dom:desktop dom:mobile html:img[data-lazy-srcset]
https://wordpressmu-1425697-5386286.cloudwaysapps.com/wp-content/uploads/2025/04/7b69fcd8-65b6-4aab-aae7-86e3f83b83eb-768x432.jpg,site/_external/wordpressmu-1425697-5386286.cloudwaysapps.com/wp-content/uploads/2025/04/7b69fcd8-65b6-4aab-aae7-86e3f83b83eb-768x432.jpg,200,image/jpeg,57498,dom:desktop browser:image dom:mobile
https://wordpressmu-1425697-5386286.cloudwaysapps.com/wp-content/uploads/2025/04/7b69fcd8-65b6-4aab-aae7-86e3f83b83eb.jpg,site/_external/wordpressmu-1425697-5386286.cloudwaysapps.com/wp-content/uploads/2025/04/7b69fcd8-65b6-4aab-aae7-86e3f83b83eb.jpg,200,image/jpeg,160561,dom:desktop dom:mobile html:img[data-lazy-srcset]
https://wordpressmu-1425697-5386286.cloudwaysapps.com/wp-content/uploads/2025/04/81d39329-b673-4452-a2f0-a347560bb9ee-1024x576.jpg,site/_external/wordpressmu-1425697-5386286.cloudwaysapps.com/wp-content/uploads/2025/04/81d39329-b673-4452-a2f0-a347560bb9ee-1024x576.jpg,200,image/jpeg,128432,dom:desktop dom:mobile html:img[data-lazy-srcset]
https://wordpressmu-1425697-5386286.cloudwaysapps.com/wp-content/uploads/2025/04/81d39329-b673-4452-a2f0-a347560bb9ee-300x169.jpg,site/_external/wordpressmu-1425697-5386286.cloudwaysapps.com/wp-content/uploads/2025/04/81d39329-b673-4452-a2f0-a347560bb9ee-300x169.jpg,200,image/jpeg,14118,dom:desktop dom:mobile html:img[data-lazy-srcset]
https://wordpressmu-1425697-5386286.cloudwaysapps.com/wp-content/uploads/2025/04/81d39329-b673-4452-a2f0-a347560bb9ee-768x432.jpg,site/_external/wordpressmu-1425697-5386286.cloudwaysapps.com/wp-content/uploads/2025/04/81d39329-b673-4452-a2f0-a347560bb9ee-768x432.jpg,200,image/jpeg,76674,dom:desktop dom:mobile html:img[data-lazy-srcset]
https://wordpressmu-1425697-5386286.cloudwaysapps.com/wp-content/uploads/2025/04/81d39329-b673-4452-a2f0-a347560bb9ee.jpg,site/_external/wordpressmu-1425697-5386286.cloudwaysapps.com/wp-content/uploads/2025/04/81d39329-b673-4452-a2f0-a347560bb9ee.jpg,200,image/jpeg,250363,dom:desktop dom:mobile html:img[data-lazy-srcset]
https://wordpressmu-1425697-5386286.cloudwaysapps.com/wp-content/uploads/2025/04/82873f1c-75bb-4e61-86c9-db1daa79be5f-1024x576.jpg,site/_external/wordpressmu-1425697-5386286.cloudwaysapps.com/wp-content/uploads/2025/04/82873f1c-75bb-4e61-86c9-db1daa79be5f-1024x576.jpg,200,image/jpeg,93209,dom:desktop dom:mobile html:img[data-lazy-srcset]
https://wordpressmu-1425697-5386286.cloudwaysapps.com/wp-content/uploads/2025/04/82873f1c-75bb-4e61-86c9-db1daa79be5f-300x169.jpg,site/_external/wordpressmu-1425697-5386286.cloudwaysapps.com/wp-content/uploads/2025/04/82873f1c-75bb-4e61-86c9-db1daa79be5f-300x169.jpg,200,image/jpeg,12352,dom:desktop dom:mobile html:img[data-lazy-srcset]
https://wordpressmu-1425697-5386286.cloudwaysapps.com/wp-content/uploads/2025/04/82873f1c-75bb-4e61-86c9-db1daa79be5f-768x432.jpg,site/_external/wordpressmu-1425697-5386286.cloudwaysapps.com/wp-content/uploads/2025/04/82873f1c-75bb-4e61-86c9-db1daa79be5f-768x432.jpg,200,image/jpeg,57733,dom:desktop dom:mobile html:img[data-lazy-srcset]
https://wordpressmu-1425697-5386286.cloudwaysapps.com/wp-content/uploads/2025/04/82873f1c-75bb-4e61-86c9-db1daa79be5f.jpg,site/_external/wordpressmu-1425697-5386286.cloudwaysapps.com/wp-content/uploads/2025/04/82873f1c-75bb-4e61-86c9-db1daa79be5f.jpg,200,image/jpeg,179074,dom:desktop dom:mobile html:img[data-lazy-srcset]
https://wordpressmu-1425697-5386286.cloudwaysapps.com/wp-content/uploads/2025/04/83c060cf-9c5e-4041-9db7-50bcae5133e4-1024x576.jpg,site/_external/wordpressmu-1425697-5386286.cloudwaysapps.com/wp-content/uploads/2025/04/83c060cf-9c5e-4041-9db7-50bcae5133e4-1024x576.jpg,200,image/jpeg,124035,dom:desktop dom:mobile html:img[data-lazy-srcset]
https://wordpressmu-1425697-5386286.cloudwaysapps.com/wp-content/uploads/2025/04/83c060cf-9c5e-4041-9db7-50bcae5133e4-300x169.jpg,site/_external/wordpressmu-1425697-5386286.cloudwaysapps.com/wp-content/uploads/2025/04/83c060cf-9c5e-4041-9db7-50bcae5133e4-300x169.jpg,200,image/jpeg,13783,dom:desktop dom:mobile html:img[data-lazy-srcset]
https://wordpressmu-1425697-5386286.cloudwaysapps.com/wp-content/uploads/2025/04/83c060cf-9c5e-4041-9db7-50bcae5133e4-768x432.jpg,site/_external/wordpressmu-1425697-5386286.cloudwaysapps.com/wp-content/uploads/2025/04/83c060cf-9c5e-4041-9db7-50bcae5133e4-768x432.jpg,200,image/jpeg,74442,dom:desktop dom:mobile html:img[data-lazy-srcset]
https://wordpressmu-1425697-5386286.cloudwaysapps.com/wp-content/uploads/2025/04/83c060cf-9c5e-4041-9db7-50bcae5133e4.jpg,site/_external/wordpressmu-1425697-5386286.cloudwaysapps.com/wp-content/uploads/2025/04/83c060cf-9c5e-4041-9db7-50bcae5133e4.jpg,200,image/jpeg,241459,dom:desktop dom:mobile html:img[data-lazy-srcset]
https://wordpressmu-1425697-5386286.cloudwaysapps.com/wp-content/uploads/2025/04/89b14d92-0b22-40d1-b2c1-86ccecb3a5b3-1152x1536.jpg,site/_external/wordpressmu-1425697-5386286.cloudwaysapps.com/wp-content/uploads/2025/04/89b14d92-0b22-40d1-b2c1-86ccecb3a5b3-1152x1536.jpg,200,image/jpeg,298352,dom:desktop dom:mobile html:img[data-lazy-srcset]
https://wordpressmu-1425697-5386286.cloudwaysapps.com/wp-content/uploads/2025/04/89b14d92-0b22-40d1-b2c1-86ccecb3a5b3-225x300.jpg,site/_external/wordpressmu-1425697-5386286.cloudwaysapps.com/wp-content/uploads/2025/04/89b14d92-0b22-40d1-b2c1-86ccecb3a5b3-225x300.jpg,200,image/jpeg,17264,dom:desktop dom:mobile html:img[data-lazy-srcset]
https://wordpressmu-1425697-5386286.cloudwaysapps.com/wp-content/uploads/2025/04/89b14d92-0b22-40d1-b2c1-86ccecb3a5b3-768x1024.jpg,site/_external/wordpressmu-1425697-5386286.cloudwaysapps.com/wp-content/uploads/2025/04/89b14d92-0b22-40d1-b2c1-86ccecb3a5b3-768x1024.jpg,200,image/jpeg,143141,dom:desktop dom:mobile html:img[data-lazy-srcset]
https://wordpressmu-1425697-5386286.cloudwaysapps.com/wp-content/uploads/2025/04/89b14d92-0b22-40d1-b2c1-86ccecb3a5b3.jpg,site/_external/wordpressmu-1425697-5386286.cloudwaysapps.com/wp-content/uploads/2025/04/89b14d92-0b22-40d1-b2c1-86ccecb3a5b3.jpg,200,image/jpeg,500441,dom:desktop dom:mobile html:img[data-lazy-srcset]
https://wordpressmu-1425697-5386286.cloudwaysapps.com/wp-content/uploads/2025/04/8d6bac98-fe09-4b6c-b07c-9dd850f6fd5b-1024x576.jpg,site/_external/wordpressmu-1425697-5386286.cloudwaysapps.com/wp-content/uploads/2025/04/8d6bac98-fe09-4b6c-b07c-9dd850f6fd5b-1024x576.jpg,200,image/jpeg,143091,dom:desktop dom:mobile html:img[data-lazy-srcset]
https://wordpressmu-1425697-5386286.cloudwaysapps.com/wp-content/uploads/2025/04/8d6bac98-fe09-4b6c-b07c-9dd850f6fd5b-300x169.jpg,site/_external/wordpressmu-1425697-5386286.cloudwaysapps.com/wp-content/uploads/2025/04/8d6bac98-fe09-4b6c-b07c-9dd850f6fd5b-300x169.jpg,200,image/jpeg,15532,dom:desktop dom:mobile html:img[data-lazy-srcset]
https://wordpressmu-1425697-5386286.cloudwaysapps.com/wp-content/uploads/2025/04/8d6bac98-fe09-4b6c-b07c-9dd850f6fd5b-768x432.jpg,site/_external/wordpressmu-1425697-5386286.cloudwaysapps.com/wp-content/uploads/2025/04/8d6bac98-fe09-4b6c-b07c-9dd850f6fd5b-768x432.jpg,200,image/jpeg,85394,dom:desktop dom:mobile html:img[data-lazy-srcset]
https://wordpressmu-1425697-5386286.cloudwaysapps.com/wp-content/uploads/2025/04/8d6bac98-fe09-4b6c-b07c-9dd850f6fd5b.jpg,site/_external/wordpressmu-1425697-5386286.cloudwaysapps.com/wp-content/uploads/2025/04/8d6bac98-fe09-4b6c-b07c-9dd850f6fd5b.jpg,200,image/jpeg,277502,dom:desktop dom:mobile html:img[data-lazy-srcset]
https://wordpressmu-1425697-5386286.cloudwaysapps.com/wp-content/uploads/2025/04/8e52ea15-23a7-402c-8eb6-3530da91a66f-1024x576.jpg,site/_external/wordpressmu-1425697-5386286.cloudwaysapps.com/wp-content/uploads/2025/04/8e52ea15-23a7-402c-8eb6-3530da91a66f-1024x576.jpg,200,image/jpeg,129437,dom:desktop dom:mobile html:img[data-lazy-srcset]
https://wordpressmu-1425697-5386286.cloudwaysapps.com/wp-content/uploads/2025/04/8e52ea15-23a7-402c-8eb6-3530da91a66f-300x169.jpg,site/_external/wordpressmu-1425697-5386286.cloudwaysapps.com/wp-content/uploads/2025/04/8e52ea15-23a7-402c-8eb6-3530da91a66f-300x169.jpg,200,image/jpeg,12192,dom:desktop dom:mobile html:img[data-lazy-srcset]
https://wordpressmu-1425697-5386286.cloudwaysapps.com/wp-content/uploads/2025/04/8e52ea15-23a7-402c-8eb6-3530da91a66f-768x432.jpg,site/_external/wordpressmu-1425697-5386286.cloudwaysapps.com/wp-content/uploads/2025/04/8e52ea15-23a7-402c-8eb6-3530da91a66f-768x432.jpg,200,image/jpeg,75889,dom:desktop dom:mobile html:img[data-lazy-srcset]
https://wordpressmu-1425697-5386286.cloudwaysapps.com/wp-content/uploads/2025/04/8e52ea15-23a7-402c-8eb6-3530da91a66f.jpg,site/_external/wordpressmu-1425697-5386286.cloudwaysapps.com/wp-content/uploads/2025/04/8e52ea15-23a7-402c-8eb6-3530da91a66f.jpg,200,image/jpeg,257709,browser:image dom:desktop dom:mobile
https://wordpressmu-1425697-5386286.cloudwaysapps.com/wp-content/uploads/2025/04/8f83a4de-05d8-4b66-8018-048c6fcf5e23-1024x682.jpg,site/_external/wordpressmu-1425697-5386286.cloudwaysapps.com/wp-content/uploads/2025/04/8f83a4de-05d8-4b66-8018-048c6fcf5e23-1024x682.jpg,200,image/jpeg,168376,dom:desktop dom:mobile html:img[data-lazy-srcset]
https://wordpressmu-1425697-5386286.cloudwaysapps.com/wp-content/uploads/2025/04/8f83a4de-05d8-4b66-8018-048c6fcf5e23-300x200.jpg,site/_external/wordpressmu-1425697-5386286.cloudwaysapps.com/wp-content/uploads/2025/04/8f83a4de-05d8-4b66-8018-048c6fcf5e23-300x200.jpg,200,image/jpeg,20154,dom:desktop dom:mobile html:img[data-lazy-srcset]
https://wordpressmu-1425697-5386286.cloudwaysapps.com/wp-content/uploads/2025/04/8f83a4de-05d8-4b66-8018-048c6fcf5e23-768x511.jpg,site/_external/wordpressmu-1425697-5386286.cloudwaysapps.com/wp-content/uploads/2025/04/8f83a4de-05d8-4b66-8018-048c6fcf5e23-768x511.jpg,200,image/jpeg,103551,dom:desktop dom:mobile html:img[data-lazy-srcset]
https://wordpressmu-1425697-5386286.cloudwaysapps.com/wp-content/uploads/2025/04/8f83a4de-05d8-4b66-8018-048c6fcf5e23.jpg,site/_external/wordpressmu-1425697-5386286.cloudwaysapps.com/wp-content/uploads/2025/04/8f83a4de-05d8-4b66-8018-048c6fcf5e23.jpg,200,image/jpeg,326479,dom:desktop dom:mobile html:img[data-lazy-srcset]
https://wordpressmu-1425697-5386286.cloudwaysapps.com/wp-content/uploads/2025/04/91e9c94a-9804-4560-8b38-e3d5f29eefa8-1024x571.jpg,site/_external/wordpressmu-1425697-5386286.cloudwaysapps.com/wp-content/uploads/2025/04/91e9c94a-9804-4560-8b38-e3d5f29eefa8-1024x571.jpg,200,image/jpeg,98037,dom:desktop dom:mobile html:img[data-lazy-srcset]
https://wordpressmu-1425697-5386286.cloudwaysapps.com/wp-content/uploads/2025/04/91e9c94a-9804-4560-8b38-e3d5f29eefa8-300x167.jpg,site/_external/wordpressmu-1425697-5386286.cloudwaysapps.com/wp-content/uploads/2025/04/91e9c94a-9804-4560-8b38-e3d5f29eefa8-300x167.jpg,200,image/jpeg,10270,dom:desktop dom:mobile html:img[data-lazy-srcset]
https://wordpressmu-1425697-5386286.cloudwaysapps.com/wp-content/uploads/2025/04/91e9c94a-9804-4560-8b38-e3d5f29eefa8-768x428.jpg,site/_external/wordpressmu-1425697-5386286.cloudwaysapps.com/wp-content/uploads/2025/04/91e9c94a-9804-4560-8b38-e3d5f29eefa8-768x428.jpg,200,image/jpeg,58762,dom:desktop dom:mobile html:img[data-lazy-srcset]
https://wordpressmu-1425697-5386286.cloudwaysapps.com/wp-content/uploads/2025/04/91e9c94a-9804-4560-8b38-e3d5f29eefa8.jpg,site/_external/wordpressmu-1425697-5386286.cloudwaysapps.com/wp-content/uploads/2025/04/91e9c94a-9804-4560-8b38-e3d5f29eefa8.jpg,200,image/jpeg,184945,dom:desktop dom:mobile html:img[data-lazy-srcset]
https://wordpressmu-1425697-5386286.cloudwaysapps.com/wp-content/uploads/2025/04/92afac41-ca39-4136-a2c8-494254a94d41-1024x576.jpg,site/_external/wordpressmu-1425697-5386286.cloudwaysapps.com/wp-content/uploads/2025/04/92afac41-ca39-4136-a2c8-494254a94d41-1024x576.jpg,200,image/jpeg,139197,dom:desktop dom:mobile html:img[data-lazy-srcset]
https://wordpressmu-1425697-5386286.cloudwaysapps.com/wp-content/uploads/2025/04/92afac41-ca39-4136-a2c8-494254a94d41-300x169.jpg,site/_external/wordpressmu-1425697-5386286.cloudwaysapps.com/wp-content/uploads/2025/04/92afac41-ca39-4136-a2c8-494254a94d41-300x169.jpg,200,image/jpeg,13547,dom:desktop dom:mobile html:img[data-lazy-srcset]
https://wordpressmu-1425697-5386286.cloudwaysapps.com/wp-content/uploads/2025/04/92afac41-ca39-4136-a2c8-494254a94d41-768x432.jpg,site/_external/wordpressmu-1425697-5386286.cloudwaysapps.com/wp-content/uploads/2025/04/92afac41-ca39-4136-a2c8-494254a94d41-768x432.jpg,200,image/jpeg,81730,dom:desktop dom:mobile html:img[data-lazy-srcset]
https://wordpressmu-1425697-5386286.cloudwaysapps.com/wp-content/uploads/2025/04/92afac41-ca39-4136-a2c8-494254a94d41.jpg,site/_external/wordpressmu-1425697-5386286.cloudwaysapps.com/wp-content/uploads/2025/04/92afac41-ca39-4136-a2c8-494254a94d41.jpg,200,image/jpeg,266497,dom:desktop dom:mobile html:img[data-lazy-srcset]
https://wordpressmu-1425697-5386286.cloudwaysapps.com/wp-content/uploads/2025/04/96891d48-885d-4094-b407-fc974284efe8-1024x576.jpg,site/_external/wordpressmu-1425697-5386286.cloudwaysapps.com/wp-content/uploads/2025/04/96891d48-885d-4094-b407-fc974284efe8-1024x576.jpg,200,image/jpeg,141140,dom:desktop dom:mobile html:img[data-lazy-srcset]
https://wordpressmu-1425697-5386286.cloudwaysapps.com/wp-content/uploads/2025/04/96891d48-885d-4094-b407-fc974284efe8-300x169.jpg,site/_external/wordpressmu-1425697-5386286.cloudwaysapps.com/wp-content/uploads/2025/04/96891d48-885d-4094-b407-fc974284efe8-300x169.jpg,200,image/jpeg,13387,dom:desktop dom:mobile html:img[data-lazy-srcset]
https://wordpressmu-1425697-5386286.cloudwaysapps.com/wp-content/uploads/2025/04/96891d48-885d-4094-b407-fc974284efe8-768x432.jpg,site/_external/wordpressmu-1425697-5386286.cloudwaysapps.com/wp-content/uploads/2025/04/96891d48-885d-4094-b407-fc974284efe8-768x432.jpg,200,image/jpeg,81754,dom:desktop browser:image dom:mobile
https://wordpressmu-1425697-5386286.cloudwaysapps.com/wp-content/uploads/2025/04/96891d48-885d-4094-b407-fc974284efe8.jpg,site/_external/wordpressmu-1425697-5386286.cloudwaysapps.com/wp-content/uploads/2025/04/96891d48-885d-4094-b407-fc974284efe8.jpg,200,image/jpeg,277085,dom:desktop dom:mobile html:img[data-lazy-srcset]
https://wordpressmu-1425697-5386286.cloudwaysapps.com/wp-content/uploads/2025/04/979ab365-d7ac-46b8-964e-eab922ddc504-1024x576.jpg,site/_external/wordpressmu-1425697-5386286.cloudwaysapps.com/wp-content/uploads/2025/04/979ab365-d7ac-46b8-964e-eab922ddc504-1024x576.jpg,200,image/jpeg,116742,dom:desktop dom:mobile html:img[data-lazy-srcset]
https://wordpressmu-1425697-5386286.cloudwaysapps.com/wp-content/uploads/2025/04/979ab365-d7ac-46b8-964e-eab922ddc504-300x169.jpg,site/_external/wordpressmu-1425697-5386286.cloudwaysapps.com/wp-content/uploads/2025/04/979ab365-d7ac-46b8-964e-eab922ddc504-300x169.jpg,200,image/jpeg,13301,dom:desktop dom:mobile html:img[data-lazy-srcset]
https://wordpressmu-1425697-5386286.cloudwaysapps.com/wp-content/uploads/2025/04/979ab365-d7ac-46b8-964e-eab922ddc504-768x432.jpg,site/_external/wordpressmu-1425697-5386286.cloudwaysapps.com/wp-content/uploads/2025/04/979ab365-d7ac-46b8-964e-eab922ddc504-768x432.jpg,200,image/jpeg,69933,dom:desktop dom:mobile html:img[data-lazy-srcset]
https://wordpressmu-1425697-5386286.cloudwaysapps.com/wp-content/uploads/2025/04/979ab365-d7ac-46b8-964e-eab922ddc504.jpg,site/_external/wordpressmu-1425697-5386286.cloudwaysapps.com/wp-content/uploads/2025/04/979ab365-d7ac-46b8-964e-eab922ddc504.jpg,200,image/jpeg,229920,dom:desktop dom:mobile html:img[data-lazy-srcset]
https://wordpressmu-1425697-5386286.cloudwaysapps.com/wp-content/uploads/2025/04/99257f53-4e11-4316-b6df-9a1855279dbc-1024x576.jpg,site/_external/wordpressmu-1425697-5386286.cloudwaysapps.com/wp-content/uploads/2025/04/99257f53-4e11-4316-b6df-9a1855279dbc-1024x576.jpg,200,image/jpeg,154915,dom:desktop dom:mobile html:img[data-lazy-srcset]
https://wordpressmu-1425697-5386286.cloudwaysapps.com/wp-content/uploads/2025/04/99257f53-4e11-4316-b6df-9a1855279dbc-300x169.jpg,site/_external/wordpressmu-1425697-5386286.cloudwaysapps.com/wp-content/uploads/2025/04/99257f53-4e11-4316-b6df-9a1855279dbc-300x169.jpg,200,image/jpeg,15266,dom:desktop dom:mobile html:img[data-lazy-srcset]
https://wordpressmu-1425697-5386286.cloudwaysapps.com/wp-content/uploads/2025/04/99257f53-4e11-4316-b6df-9a1855279dbc-768x432.jpg,site/_external/wordpressmu-1425697-5386286.cloudwaysapps.com/wp-content/uploads/2025/04/99257f53-4e11-4316-b6df-9a1855279dbc-768x432.jpg,200,image/jpeg,90684,dom:desktop dom:mobile html:img[data-lazy-srcset]
https://wordpressmu-1425697-5386286.cloudwaysapps.com/wp-content/uploads/2025/04/99257f53-4e11-4316-b6df-9a1855279dbc.jpg,site/_external/wordpressmu-1425697-5386286.cloudwaysapps.com/wp-content/uploads/2025/04/99257f53-4e11-4316-b6df-9a1855279dbc.jpg,200,image/jpeg,315804,dom:desktop dom:mobile html:img[data-lazy-srcset]
https://wordpressmu-1425697-5386286.cloudwaysapps.com/wp-content/uploads/2025/04/9da8cba0-2517-4ee7-824d-675352ce7430-1024x576.jpg,site/_external/wordpressmu-1425697-5386286.cloudwaysapps.com/wp-content/uploads/2025/04/9da8cba0-2517-4ee7-824d-675352ce7430-1024x576.jpg,200,image/jpeg,118647,dom:desktop dom:mobile html:img[data-lazy-srcset]
https://wordpressmu-1425697-5386286.cloudwaysapps.com/wp-content/uploads/2025/04/9da8cba0-2517-4ee7-824d-675352ce7430-300x169.jpg,site/_external/wordpressmu-1425697-5386286.cloudwaysapps.com/wp-content/uploads/2025/04/9da8cba0-2517-4ee7-824d-675352ce7430-300x169.jpg,200,image/jpeg,11857,dom:desktop dom:mobile html:img[data-lazy-srcset]
https://wordpressmu-1425697-5386286.cloudwaysapps.com/wp-content/uploads/2025/04/9da8cba0-2517-4ee7-824d-675352ce7430-768x432.jpg,site/_external/wordpressmu-1425697-5386286.cloudwaysapps.com/wp-content/uploads/2025/04/9da8cba0-2517-4ee7-824d-675352ce7430-768x432.jpg,200,image/jpeg,69481,dom:desktop dom:mobile html:img[data-lazy-srcset]
https://wordpressmu-1425697-5386286.cloudwaysapps.com/wp-content/uploads/2025/04/9da8cba0-2517-4ee7-824d-675352ce7430.jpg,site/_external/wordpressmu-1425697-5386286.cloudwaysapps.com/wp-content/uploads/2025/04/9da8cba0-2517-4ee7-824d-675352ce7430.jpg,200,image/jpeg,239248,dom:desktop dom:mobile html:img[data-lazy-srcset]
https://wordpressmu-1425697-5386286.cloudwaysapps.com/wp-content/uploads/2025/04/9fe05eda-d575-45b0-9026-d675d4b6c654-1024x576.jpg,site/_external/wordpressmu-1425697-5386286.cloudwaysapps.com/wp-content/uploads/2025/04/9fe05eda-d575-45b0-9026-d675d4b6c654-1024x576.jpg,200,image/jpeg,109594,dom:desktop dom:mobile html:img[data-lazy-srcset]
https://wordpressmu-1425697-5386286.cloudwaysapps.com/wp-content/uploads/2025/04/9fe05eda-d575-45b0-9026-d675d4b6c654-300x169.jpg,site/_external/wordpressmu-1425697-5386286.cloudwaysapps.com/wp-content/uploads/2025/04/9fe05eda-d575-45b0-9026-d675d4b6c654-300x169.jpg,200,image/jpeg,13180,dom:desktop dom:mobile html:img[data-lazy-srcset]
https://wordpressmu-1425697-5386286.cloudwaysapps.com/wp-content/uploads/2025/04/9fe05eda-d575-45b0-9026-d675d4b6c654-768x432.jpg,site/_external/wordpressmu-1425697-5386286.cloudwaysapps.com/wp-content/uploads/2025/04/9fe05eda-d575-45b0-9026-d675d4b6c654-768x432.jpg,200,image/jpeg,66806,dom:desktop dom:mobile html:img[data-lazy-srcset]
https://wordpressmu-1425697-5386286.cloudwaysapps.com/wp-content/uploads/2025/04/9fe05eda-d575-45b0-9026-d675d4b6c654.jpg,site/_external/wordpressmu-1425697-5386286.cloudwaysapps.com/wp-content/uploads/2025/04/9fe05eda-d575-45b0-9026-d675d4b6c654.jpg,200,image/jpeg,209792,dom:desktop dom:mobile html:img[data-lazy-srcset]
https://wordpressmu-1425697-5386286.cloudwaysapps.com/wp-content/uploads/2025/04/a47be017-bbe0-4d1a-803a-b686d1159004-1024x766.jpg,site/_external/wordpressmu-1425697-5386286.cloudwaysapps.com/wp-content/uploads/2025/04/a47be017-bbe0-4d1a-803a-b686d1159004-1024x766.jpg,200,image/jpeg,113140,dom:desktop dom:mobile html:img[data-lazy-srcset]
https://wordpressmu-1425697-5386286.cloudwaysapps.com/wp-content/uploads/2025/04/a47be017-bbe0-4d1a-803a-b686d1159004-300x225.jpg,site/_external/wordpressmu-1425697-5386286.cloudwaysapps.com/wp-content/uploads/2025/04/a47be017-bbe0-4d1a-803a-b686d1159004-300x225.jpg,200,image/jpeg,11373,dom:desktop dom:mobile html:img[data-lazy-srcset]
https://wordpressmu-1425697-5386286.cloudwaysapps.com/wp-content/uploads/2025/04/a47be017-bbe0-4d1a-803a-b686d1159004-768x575.jpg,site/_external/wordpressmu-1425697-5386286.cloudwaysapps.com/wp-content/uploads/2025/04/a47be017-bbe0-4d1a-803a-b686d1159004-768x575.jpg,200,image/jpeg,66150,dom:desktop dom:mobile html:img[data-lazy-srcset]
https://wordpressmu-1425697-5386286.cloudwaysapps.com/wp-content/uploads/2025/04/a47be017-bbe0-4d1a-803a-b686d1159004.jpg,site/_external/wordpressmu-1425697-5386286.cloudwaysapps.com/wp-content/uploads/2025/04/a47be017-bbe0-4d1a-803a-b686d1159004.jpg,200,image/jpeg,227973,dom:desktop dom:mobile html:img[data-lazy-srcset]
https://wordpressmu-1425697-5386286.cloudwaysapps.com/wp-content/uploads/2025/04/acf49852-a7c4-4610-88a6-4db1708d98d2-1024x683.jpg,site/_external/wordpressmu-1425697-5386286.cloudwaysapps.com/wp-content/uploads/2025/04/acf49852-a7c4-4610-88a6-4db1708d98d2-1024x683.jpg,200,image/jpeg,71512,dom:desktop dom:mobile html:img[data-lazy-srcset]
https://wordpressmu-1425697-5386286.cloudwaysapps.com/wp-content/uploads/2025/04/acf49852-a7c4-4610-88a6-4db1708d98d2-300x200.jpg,site/_external/wordpressmu-1425697-5386286.cloudwaysapps.com/wp-content/uploads/2025/04/acf49852-a7c4-4610-88a6-4db1708d98d2-300x200.jpg,200,image/jpeg,10560,dom:desktop dom:mobile html:img[data-lazy-srcset]
https://wordpressmu-1425697-5386286.cloudwaysapps.com/wp-content/uploads/2025/04/acf49852-a7c4-4610-88a6-4db1708d98d2-768x512.jpg,site/_external/wordpressmu-1425697-5386286.cloudwaysapps.com/wp-content/uploads/2025/04/acf49852-a7c4-4610-88a6-4db1708d98d2-768x512.jpg,200,image/jpeg,45532,dom:desktop dom:mobile html:img[data-lazy-srcset]
https://wordpressmu-1425697-5386286.cloudwaysapps.com/wp-content/uploads/2025/04/acf49852-a7c4-4610-88a6-4db1708d98d2.jpg,site/_external/wordpressmu-1425697-5386286.cloudwaysapps.com/wp-content/uploads/2025/04/acf49852-a7c4-4610-88a6-4db1708d98d2.jpg,200,image/jpeg,131062,dom:desktop dom:mobile html:img[data-lazy-srcset]
https://wordpressmu-1425697-5386286.cloudwaysapps.com/wp-content/uploads/2025/04/after2-300x225.jpg,site/_external/wordpressmu-1425697-5386286.cloudwaysapps.com/wp-content/uploads/2025/04/after2-300x225.jpg,200,image/jpeg,21318,dom:desktop dom:mobile html:img[data-lazy-srcset]
https://wordpressmu-1425697-5386286.cloudwaysapps.com/wp-content/uploads/2025/04/after2-768x576.jpg,site/_external/wordpressmu-1425697-5386286.cloudwaysapps.com/wp-content/uploads/2025/04/after2-768x576.jpg,200,image/jpeg,105252,dom:desktop browser:image dom:mobile
https://wordpressmu-1425697-5386286.cloudwaysapps.com/wp-content/uploads/2025/04/after2.jpg,site/_external/wordpressmu-1425697-5386286.cloudwaysapps.com/wp-content/uploads/2025/04/after2.jpg,200,image/jpeg,126933,browser:image dom:desktop dom:mobile
https://wordpressmu-1425697-5386286.cloudwaysapps.com/wp-content/uploads/2025/04/after3-300x225.jpg,site/_external/wordpressmu-1425697-5386286.cloudwaysapps.com/wp-content/uploads/2025/04/after3-300x225.jpg,200,image/jpeg,17708,dom:desktop dom:mobile html:img[data-lazy-srcset]
https://wordpressmu-1425697-5386286.cloudwaysapps.com/wp-content/uploads/2025/04/after3-768x576.jpg,site/_external/wordpressmu-1425697-5386286.cloudwaysapps.com/wp-content/uploads/2025/04/after3-768x576.jpg,200,image/jpeg,65431,dom:desktop browser:image dom:mobile
https://wordpressmu-1425697-5386286.cloudwaysapps.com/wp-content/uploads/2025/04/after3.jpg,site/_external/wordpressmu-1425697-5386286.cloudwaysapps.com/wp-content/uploads/2025/04/after3.jpg,200,image/jpeg,112842,browser:image dom:desktop dom:mobile
https://wordpressmu-1425697-5386286.cloudwaysapps.com/wp-content/uploads/2025/04/after4-300x225.jpg,site/_external/wordpressmu-1425697-5386286.cloudwaysapps.com/wp-content/uploads/2025/04/after4-300x225.jpg,200,image/jpeg,16409,dom:desktop dom:mobile html:img[data-lazy-srcset]
https://wordpressmu-1425697-5386286.cloudwaysapps.com/wp-content/uploads/2025/04/after4-768x576.jpg,site/_external/wordpressmu-1425697-5386286.cloudwaysapps.com/wp-content/uploads/2025/04/after4-768x576.jpg,200,image/jpeg,74562,dom:desktop browser:image dom:mobile
https://wordpressmu-1425697-5386286.cloudwaysapps.com/wp-content/uploads/2025/04/after4.jpg,site/_external/wordpressmu-1425697-5386286.cloudwaysapps.com/wp-content/uploads/2025/04/after4.jpg,200,image/jpeg,83560,browser:image dom:desktop dom:mobile
https://wordpressmu-1425697-5386286.cloudwaysapps.com/wp-content/uploads/2025/04/after5-300x225.jpg,site/_external/wordpressmu-1425697-5386286.cloudwaysapps.com/wp-content/uploads/2025/04/after5-300x225.jpg,200,image/jpeg,22685,dom:desktop dom:mobile html:img[data-lazy-srcset]
https://wordpressmu-1425697-5386286.cloudwaysapps.com/wp-content/uploads/2025/04/after5-768x576.jpg,site/_external/wordpressmu-1425697-5386286.cloudwaysapps.com/wp-content/uploads/2025/04/after5-768x576.jpg,200,image/jpeg,105159,dom:desktop browser:image dom:mobile
https://wordpressmu-1425697-5386286.cloudwaysapps.com/wp-content/uploads/2025/04/after5.jpg,site/_external/wordpressmu-1425697-5386286.cloudwaysapps.com/wp-content/uploads/2025/04/after5.jpg,200,image/jpeg,189898,browser:image dom:desktop dom:mobile
https://wordpressmu-1425697-5386286.cloudwaysapps.com/wp-content/uploads/2025/04/after6-300x225.jpg,site/_external/wordpressmu-1425697-5386286.cloudwaysapps.com/wp-content/uploads/2025/04/after6-300x225.jpg,200,image/jpeg,25364,dom:desktop dom:mobile html:img[data-lazy-srcset]
https://wordpressmu-1425697-5386286.cloudwaysapps.com/wp-content/uploads/2025/04/after6-768x576.jpg,site/_external/wordpressmu-1425697-5386286.cloudwaysapps.com/wp-content/uploads/2025/04/after6-768x576.jpg,200,image/jpeg,129554,dom:desktop browser:image dom:mobile
https://wordpressmu-1425697-5386286.cloudwaysapps.com/wp-content/uploads/2025/04/after6.jpg,site/_external/wordpressmu-1425697-5386286.cloudwaysapps.com/wp-content/uploads/2025/04/after6.jpg,200,image/jpeg,154937,browser:image dom:desktop dom:mobile
https://wordpressmu-1425697-5386286.cloudwaysapps.com/wp-content/uploads/2025/04/b006cf5f-6333-4953-b38e-b853b4155f65-1024x575.jpg,site/_external/wordpressmu-1425697-5386286.cloudwaysapps.com/wp-content/uploads/2025/04/b006cf5f-6333-4953-b38e-b853b4155f65-1024x575.jpg,200,image/jpeg,77156,dom:desktop dom:mobile html:img[data-lazy-srcset]
https://wordpressmu-1425697-5386286.cloudwaysapps.com/wp-content/uploads/2025/04/b006cf5f-6333-4953-b38e-b853b4155f65-300x169.jpg,site/_external/wordpressmu-1425697-5386286.cloudwaysapps.com/wp-content/uploads/2025/04/b006cf5f-6333-4953-b38e-b853b4155f65-300x169.jpg,200,image/jpeg,9908,dom:desktop dom:mobile html:img[data-lazy-srcset]
https://wordpressmu-1425697-5386286.cloudwaysapps.com/wp-content/uploads/2025/04/b006cf5f-6333-4953-b38e-b853b4155f65-768x431.jpg,site/_external/wordpressmu-1425697-5386286.cloudwaysapps.com/wp-content/uploads/2025/04/b006cf5f-6333-4953-b38e-b853b4155f65-768x431.jpg,200,image/jpeg,47790,dom:desktop dom:mobile html:img[data-lazy-srcset]
https://wordpressmu-1425697-5386286.cloudwaysapps.com/wp-content/uploads/2025/04/b006cf5f-6333-4953-b38e-b853b4155f65.jpg,site/_external/wordpressmu-1425697-5386286.cloudwaysapps.com/wp-content/uploads/2025/04/b006cf5f-6333-4953-b38e-b853b4155f65.jpg,200,image/jpeg,144667,dom:desktop dom:mobile html:img[data-lazy-srcset]
https://wordpressmu-1425697-5386286.cloudwaysapps.com/wp-content/uploads/2025/04/b21e3b44-c704-4337-8da8-24e85ab8c566-1024x576.jpg,site/_external/wordpressmu-1425697-5386286.cloudwaysapps.com/wp-content/uploads/2025/04/b21e3b44-c704-4337-8da8-24e85ab8c566-1024x576.jpg,200,image/jpeg,125761,dom:desktop dom:mobile html:img[data-lazy-srcset]
https://wordpressmu-1425697-5386286.cloudwaysapps.com/wp-content/uploads/2025/04/b21e3b44-c704-4337-8da8-24e85ab8c566-300x169.jpg,site/_external/wordpressmu-1425697-5386286.cloudwaysapps.com/wp-content/uploads/2025/04/b21e3b44-c704-4337-8da8-24e85ab8c566-300x169.jpg,200,image/jpeg,14609,dom:desktop dom:mobile html:img[data-lazy-srcset]
https://wordpressmu-1425697-5386286.cloudwaysapps.com/wp-content/uploads/2025/04/b21e3b44-c704-4337-8da8-24e85ab8c566-768x432.jpg,site/_external/wordpressmu-1425697-5386286.cloudwaysapps.com/wp-content/uploads/2025/04/b21e3b44-c704-4337-8da8-24e85ab8c566-768x432.jpg,200,image/jpeg,76040,dom:desktop dom:mobile html:img[data-lazy-srcset]
https://wordpressmu-1425697-5386286.cloudwaysapps.com/wp-content/uploads/2025/04/b21e3b44-c704-4337-8da8-24e85ab8c566.jpg,site/_external/wordpressmu-1425697-5386286.cloudwaysapps.com/wp-content/uploads/2025/04/b21e3b44-c704-4337-8da8-24e85ab8c566.jpg,200,image/jpeg,245255,dom:desktop dom:mobile html:img[data-lazy-srcset]
https://wordpressmu-1425697-5386286.cloudwaysapps.com/wp-content/uploads/2025/04/b6c10687-fe78-4af3-bdf7-e73ea5e1c8ba-1024x768.jpg,,404,text/html,347,dom:desktop dom:mobile html:img[data-lazy-srcset]
https://wordpressmu-1425697-5386286.cloudwaysapps.com/wp-content/uploads/2025/04/b6c10687-fe78-4af3-bdf7-e73ea5e1c8ba-300x225.jpg,,404,text/html,347,browser:image dom:desktop dom:mobile
https://wordpressmu-1425697-5386286.cloudwaysapps.com/wp-content/uploads/2025/04/b6c10687-fe78-4af3-bdf7-e73ea5e1c8ba-768x576.jpg,,404,text/html,347,dom:desktop browser:image dom:mobile
https://wordpressmu-1425697-5386286.cloudwaysapps.com/wp-content/uploads/2025/04/b6c10687-fe78-4af3-bdf7-e73ea5e1c8ba.jpg,,404,text/html,347,browser:image dom:desktop dom:mobile
https://wordpressmu-1425697-5386286.cloudwaysapps.com/wp-content/uploads/2025/04/b97ea267-3914-4c15-be40-6b823463bdbb-1024x766.jpg,site/_external/wordpressmu-1425697-5386286.cloudwaysapps.com/wp-content/uploads/2025/04/b97ea267-3914-4c15-be40-6b823463bdbb-1024x766.jpg,200,image/jpeg,36409,dom:desktop dom:mobile html:img[data-lazy-srcset]
https://wordpressmu-1425697-5386286.cloudwaysapps.com/wp-content/uploads/2025/04/b97ea267-3914-4c15-be40-6b823463bdbb-300x225.jpg,site/_external/wordpressmu-1425697-5386286.cloudwaysapps.com/wp-content/uploads/2025/04/b97ea267-3914-4c15-be40-6b823463bdbb-300x225.jpg,200,image/jpeg,4265,dom:desktop dom:mobile html:img[data-lazy-srcset]
https://wordpressmu-1425697-5386286.cloudwaysapps.com/wp-content/uploads/2025/04/b97ea267-3914-4c15-be40-6b823463bdbb-768x575.jpg,site/_external/wordpressmu-1425697-5386286.cloudwaysapps.com/wp-content/uploads/2025/04/b97ea267-3914-4c15-be40-6b823463bdbb-768x575.jpg,200,image/jpeg,21529,dom:desktop dom:mobile html:img[data-lazy-srcset]
https://wordpressmu-1425697-5386286.cloudwaysapps.com/wp-content/uploads/2025/04/b97ea267-3914-4c15-be40-6b823463bdbb.jpg,site/_external/wordpressmu-1425697-5386286.cloudwaysapps.com/wp-content/uploads/2025/04/b97ea267-3914-4c15-be40-6b823463bdbb.jpg,200,image/jpeg,83432,dom:desktop dom:mobile html:img[data-lazy-srcset]
https://wordpressmu-1425697-5386286.cloudwaysapps.com/wp-content/uploads/2025/04/bb619468-96ce-410a-8d70-3540e29c746a-1024x576.jpg,site/_external/wordpressmu-1425697-5386286.cloudwaysapps.com/wp-content/uploads/2025/04/bb619468-96ce-410a-8d70-3540e29c746a-1024x576.jpg,200,image/jpeg,132735,dom:desktop dom:mobile html:img[data-lazy-srcset]
https://wordpressmu-1425697-5386286.cloudwaysapps.com/wp-content/uploads/2025/04/bb619468-96ce-410a-8d70-3540e29c746a-300x169.jpg,site/_external/wordpressmu-1425697-5386286.cloudwaysapps.com/wp-content/uploads/2025/04/bb619468-96ce-410a-8d70-3540e29c746a-300x169.jpg,200,image/jpeg,13592,dom:desktop dom:mobile html:img[data-lazy-srcset]
https://wordpressmu-1425697-5386286.cloudwaysapps.com/wp-content/uploads/2025/04/bb619468-96ce-410a-8d70-3540e29c746a-768x432.jpg,site/_external/wordpressmu-1425697-5386286.cloudwaysapps.com/wp-content/uploads/2025/04/bb619468-96ce-410a-8d70-3540e29c746a-768x432.jpg,200,image/jpeg,78171,dom:desktop dom:mobile html:img[data-lazy-srcset]
https://wordpressmu-1425697-5386286.cloudwaysapps.com/wp-content/uploads/2025/04/bb619468-96ce-410a-8d70-3540e29c746a.jpg,site/_external/wordpressmu-1425697-5386286.cloudwaysapps.com/wp-content/uploads/2025/04/bb619468-96ce-410a-8d70-3540e29c746a.jpg,200,image/jpeg,263308,dom:desktop dom:mobile html:img[data-lazy-srcset]
https://wordpressmu-1425697-5386286.cloudwaysapps.com/wp-content/uploads/2025/04/bdae4029-b4f1-43b0-a9b2-54da47b8039c-1024x683.jpg,site/_external/wordpressmu-1425697-5386286.cloudwaysapps.com/wp-content/uploads/2025/04/bdae4029-b4f1-43b0-a9b2-54da47b8039c-1024x683.jpg,200,image/jpeg,127536,dom:desktop dom:mobile html:img[data-lazy-srcset]
https://wordpressmu-1425697-5386286.cloudwaysapps.com/wp-content/uploads/2025/04/bdae4029-b4f1-43b0-a9b2-54da47b8039c-300x200.jpg,site/_external/wordpressmu-1425697-5386286.cloudwaysapps.com/wp-content/uploads/2025/04/bdae4029-b4f1-43b0-a9b2-54da47b8039c-300x200.jpg,200,image/jpeg,14397,dom:desktop dom:mobile html:img[data-lazy-srcset]
https://wordpressmu-1425697-5386286.cloudwaysapps.com/wp-content/uploads/2025/04/bdae4029-b4f1-43b0-a9b2-54da47b8039c-768x512.jpg,site/_external/wordpressmu-1425697-5386286.cloudwaysapps.com/wp-content/uploads/2025/04/bdae4029-b4f1-43b0-a9b2-54da47b8039c-768x512.jpg,200,image/jpeg,76409,dom:desktop dom:mobile html:img[data-lazy-srcset]
https://wordpressmu-1425697-5386286.cloudwaysapps.com/wp-content/uploads/2025/04/bdae4029-b4f1-43b0-a9b2-54da47b8039c.jpg,site/_external/wordpressmu-1425697-5386286.cloudwaysapps.com/wp-content/uploads/2025/04/bdae4029-b4f1-43b0-a9b2-54da47b8039c.jpg,200,image/jpeg,250768,dom:desktop dom:mobile html:img[data-lazy-srcset]
https://wordpressmu-1425697-5386286.cloudwaysapps.com/wp-content/uploads/2025/04/before2-300x225.jpg,site/_external/wordpressmu-1425697-5386286.cloudwaysapps.com/wp-content/uploads/2025/04/before2-300x225.jpg,200,image/jpeg,21654,dom:desktop dom:mobile html:img[data-lazy-srcset]
https://wordpressmu-1425697-5386286.cloudwaysapps.com/wp-content/uploads/2025/04/before2-768x576.jpg,site/_external/wordpressmu-1425697-5386286.cloudwaysapps.com/wp-content/uploads/2025/04/before2-768x576.jpg,200,image/jpeg,85693,dom:desktop browser:image dom:mobile
https://wordpressmu-1425697-5386286.cloudwaysapps.com/wp-content/uploads/2025/04/before2.jpg,site/_external/wordpressmu-1425697-5386286.cloudwaysapps.com/wp-content/uploads/2025/04/before2.jpg,200,image/jpeg,147416,browser:image dom:desktop dom:mobile
https://wordpressmu-1425697-5386286.cloudwaysapps.com/wp-content/uploads/2025/04/before3-300x225.jpg,site/_external/wordpressmu-1425697-5386286.cloudwaysapps.com/wp-content/uploads/2025/04/before3-300x225.jpg,200,image/jpeg,18232,dom:desktop dom:mobile html:img[data-lazy-srcset]
https://wordpressmu-1425697-5386286.cloudwaysapps.com/wp-content/uploads/2025/04/before3-768x576.jpg,site/_external/wordpressmu-1425697-5386286.cloudwaysapps.com/wp-content/uploads/2025/04/before3-768x576.jpg,200,image/jpeg,77855,dom:desktop browser:image dom:mobile
https://wordpressmu-1425697-5386286.cloudwaysapps.com/wp-content/uploads/2025/04/before3.jpg,site/_external/wordpressmu-1425697-5386286.cloudwaysapps.com/wp-content/uploads/2025/04/before3.jpg,200,image/jpeg,137295,browser:image dom:desktop dom:mobile
https://wordpressmu-1425697-5386286.cloudwaysapps.com/wp-content/uploads/2025/04/before4-300x225.jpg,site/_external/wordpressmu-1425697-5386286.cloudwaysapps.com/wp-content/uploads/2025/04/before4-300x225.jpg,200,image/jpeg,20765,dom:desktop dom:mobile html:img[data-lazy-srcset]
https://wordpressmu-1425697-5386286.cloudwaysapps.com/wp-content/uploads/2025/04/before4-768x576.jpg,site/_external/wordpressmu-1425697-5386286.cloudwaysapps.com/wp-content/uploads/2025/04/before4-768x576.jpg,200,image/jpeg,98108,dom:desktop browser:image dom:mobile
https://wordpressmu-1425697-5386286.cloudwaysapps.com/wp-content/uploads/2025/04/before4.jpg,site/_external/wordpressmu-1425697-5386286.cloudwaysapps.com/wp-content/uploads/2025/04/before4.jpg,200,image/jpeg,114258,browser:image dom:desktop dom:mobile
https://wordpressmu-1425697-5386286.cloudwaysapps.com/wp-content/uploads/2025/04/before5-300x225.jpg,site/_external/wordpressmu-1425697-5386286.cloudwaysapps.com/wp-content/uploads/2025/04/before5-300x225.jpg,200,image/jpeg,20541,dom:desktop dom:mobile html:img[data-lazy-srcset]
https://wordpressmu-1425697-5386286.cloudwaysapps.com/wp-content/uploads/2025/04/before5-768x576.jpg,site/_external/wordpressmu-1425697-5386286.cloudwaysapps.com/wp-content/uploads/2025/04/before5-768x576.jpg,200,image/jpeg,95190,dom:desktop browser:image dom:mobile
https://wordpressmu-1425697-5386286.cloudwaysapps.com/wp-content/uploads/2025/04/before5.jpg,site/_external/wordpressmu-1425697-5386286.cloudwaysapps.com/wp-content/uploads/2025/04/before5.jpg,200,image/jpeg,173838,browser:image dom:desktop dom:mobile
https://wordpressmu-1425697-5386286.cloudwaysapps.com/wp-content/uploads/2025/04/before6-300x225.jpg,site/_external/wordpressmu-1425697-5386286.cloudwaysapps.com/wp-content/uploads/2025/04/before6-300x225.jpg,200,image/jpeg,20035,dom:desktop dom:mobile html:img[data-lazy-srcset]
https://wordpressmu-1425697-5386286.cloudwaysapps.com/wp-content/uploads/2025/04/before6-768x576.jpg,site/_external/wordpressmu-1425697-5386286.cloudwaysapps.com/wp-content/uploads/2025/04/before6-768x576.jpg,200,image/jpeg,109138,dom:desktop browser:image dom:mobile
https://wordpressmu-1425697-5386286.cloudwaysapps.com/wp-content/uploads/2025/04/before6.jpg,site/_external/wordpressmu-1425697-5386286.cloudwaysapps.com/wp-content/uploads/2025/04/before6.jpg,200,image/jpeg,132534,browser:image dom:desktop dom:mobile
https://wordpressmu-1425697-5386286.cloudwaysapps.com/wp-content/uploads/2025/04/c4fdac8c-7b94-47ac-b801-b3dc71247d41-169x300.jpg,site/_external/wordpressmu-1425697-5386286.cloudwaysapps.com/wp-content/uploads/2025/04/c4fdac8c-7b94-47ac-b801-b3dc71247d41-169x300.jpg,200,image/jpeg,13975,dom:desktop dom:mobile html:img[data-lazy-srcset]
https://wordpressmu-1425697-5386286.cloudwaysapps.com/wp-content/uploads/2025/04/c4fdac8c-7b94-47ac-b801-b3dc71247d41-576x1024.jpg,site/_external/wordpressmu-1425697-5386286.cloudwaysapps.com/wp-content/uploads/2025/04/c4fdac8c-7b94-47ac-b801-b3dc71247d41-576x1024.jpg,200,image/jpeg,119387,dom:desktop dom:mobile html:img[data-lazy-srcset]
https://wordpressmu-1425697-5386286.cloudwaysapps.com/wp-content/uploads/2025/04/c4fdac8c-7b94-47ac-b801-b3dc71247d41.jpg,site/_external/wordpressmu-1425697-5386286.cloudwaysapps.com/wp-content/uploads/2025/04/c4fdac8c-7b94-47ac-b801-b3dc71247d41.jpg,200,image/jpeg,252966,dom:desktop dom:mobile html:img[data-lazy-srcset]
https://wordpressmu-1425697-5386286.cloudwaysapps.com/wp-content/uploads/2025/04/c5bd9cd8-b146-4265-9304-2ac2ab727360-1152x1536.jpg,site/_external/wordpressmu-1425697-5386286.cloudwaysapps.com/wp-content/uploads/2025/04/c5bd9cd8-b146-4265-9304-2ac2ab727360-1152x1536.jpg,200,image/jpeg,226671,dom:desktop dom:mobile html:img[data-lazy-srcset]
https://wordpressmu-1425697-5386286.cloudwaysapps.com/wp-content/uploads/2025/04/c5bd9cd8-b146-4265-9304-2ac2ab727360-225x300.jpg,site/_external/wordpressmu-1425697-5386286.cloudwaysapps.com/wp-content/uploads/2025/04/c5bd9cd8-b146-4265-9304-2ac2ab727360-225x300.jpg,200,image/jpeg,12865,dom:desktop dom:mobile html:img[data-lazy-srcset]
https://wordpressmu-1425697-5386286.cloudwaysapps.com/wp-content/uploads/2025/04/c5bd9cd8-b146-4265-9304-2ac2ab727360-768x1024.jpg,site/_external/wordpressmu-1425697-5386286.cloudwaysapps.com/wp-content/uploads/2025/04/c5bd9cd8-b146-4265-9304-2ac2ab727360-768x1024.jpg,200,image/jpeg,111036,dom:desktop dom:mobile html:img[data-lazy-srcset]
https://wordpressmu-1425697-5386286.cloudwaysapps.com/wp-content/uploads/2025/04/c5bd9cd8-b146-4265-9304-2ac2ab727360.jpg,site/_external/wordpressmu-1425697-5386286.cloudwaysapps.com/wp-content/uploads/2025/04/c5bd9cd8-b146-4265-9304-2ac2ab727360.jpg,200,image/jpeg,378092,dom:desktop dom:mobile html:img[data-lazy-srcset]
https://wordpressmu-1425697-5386286.cloudwaysapps.com/wp-content/uploads/2025/04/cac58c45-5a64-4b41-b7a3-d2863c178226-1024x682.jpg,site/_external/wordpressmu-1425697-5386286.cloudwaysapps.com/wp-content/uploads/2025/04/cac58c45-5a64-4b41-b7a3-d2863c178226-1024x682.jpg,200,image/jpeg,172575,dom:desktop dom:mobile html:img[data-lazy-srcset]
https://wordpressmu-1425697-5386286.cloudwaysapps.com/wp-content/uploads/2025/04/cac58c45-5a64-4b41-b7a3-d2863c178226-300x200.jpg,site/_external/wordpressmu-1425697-5386286.cloudwaysapps.com/wp-content/uploads/2025/04/cac58c45-5a64-4b41-b7a3-d2863c178226-300x200.jpg,200,image/jpeg,21177,dom:desktop dom:mobile html:img[data-lazy-srcset]
https://wordpressmu-1425697-5386286.cloudwaysapps.com/wp-content/uploads/2025/04/cac58c45-5a64-4b41-b7a3-d2863c178226-768x511.jpg,site/_external/wordpressmu-1425697-5386286.cloudwaysapps.com/wp-content/uploads/2025/04/cac58c45-5a64-4b41-b7a3-d2863c178226-768x511.jpg,200,image/jpeg,106341,dom:desktop dom:mobile html:img[data-lazy-srcset]
https://wordpressmu-1425697-5386286.cloudwaysapps.com/wp-content/uploads/2025/04/cac58c45-5a64-4b41-b7a3-d2863c178226.jpg,site/_external/wordpressmu-1425697-5386286.cloudwaysapps.com/wp-content/uploads/2025/04/cac58c45-5a64-4b41-b7a3-d2863c178226.jpg,200,image/jpeg,331592,dom:desktop dom:mobile html:img[data-lazy-srcset]
https://wordpressmu-1425697-5386286.cloudwaysapps.com/wp-content/uploads/2025/04/ccaaf937-0b4c-449f-aa13-1e4b43509856-1024x766.jpg,site/_external/wordpressmu-1425697-5386286.cloudwaysapps.com/wp-content/uploads/2025/04/ccaaf937-0b4c-449f-aa13-1e4b43509856-1024x766.jpg,200,image/jpeg,101385,dom:desktop dom:mobile html:img[data-lazy-srcset]
https://wordpressmu-1425697-5386286.cloudwaysapps.com/wp-content/uploads/2025/04/ccaaf937-0b4c-449f-aa13-1e4b43509856-300x225.jpg,site/_external/wordpressmu-1425697-5386286.cloudwaysapps.com/wp-content/uploads/2025/04/ccaaf937-0b4c-449f-aa13-1e4b43509856-300x225.jpg,200,image/jpeg,12221,dom:desktop dom:mobile html:img[data-lazy-srcset]
https://wordpressmu-1425697-5386286.cloudwaysapps.com/wp-content/uploads/2025/04/ccaaf937-0b4c-449f-aa13-1e4b43509856-768x575.jpg,site/_external/wordpressmu-1425697-5386286.cloudwaysapps.com/wp-content/uploads/2025/04/ccaaf937-0b4c-449f-aa13-1e4b43509856-768x575.jpg,200,image/jpeg,60764,dom:desktop dom:mobile html:img[data-lazy-srcset]
https://wordpressmu-1425697-5386286.cloudwaysapps.com/wp-content/uploads/2025/04/ccaaf937-0b4c-449f-aa13-1e4b43509856.jpg,site/_external/wordpressmu-1425697-5386286.cloudwaysapps.com/wp-content/uploads/2025/04/ccaaf937-0b4c-449f-aa13-1e4b43509856.jpg,200,image/jpeg,202899,dom:desktop dom:mobile html:img[data-lazy-srcset]
https://wordpressmu-1425697-5386286.cloudwaysapps.com/wp-content/uploads/2025/04/d13cd5e4-38b6-4212-b137-b7c6901ca3ac-1024x683.jpg,site/_external/wordpressmu-1425697-5386286.cloudwaysapps.com/wp-content/uploads/2025/04/d13cd5e4-38b6-4212-b137-b7c6901ca3ac-1024x683.jpg,200,image/jpeg,78625,dom:desktop dom:mobile html:img[data-lazy-srcset]
https://wordpressmu-1425697-5386286.cloudwaysapps.com/wp-content/uploads/2025/04/d13cd5e4-38b6-4212-b137-b7c6901ca3ac-300x200.jpg,site/_external/wordpressmu-1425697-5386286.cloudwaysapps.com/wp-content/uploads/2025/04/d13cd5e4-38b6-4212-b137-b7c6901ca3ac-300x200.jpg,200,image/jpeg,10348,dom:desktop dom:mobile html:img[data-lazy-srcset]
https://wordpressmu-1425697-5386286.cloudwaysapps.com/wp-content/uploads/2025/04/d13cd5e4-38b6-4212-b137-b7c6901ca3ac-768x512.jpg,site/_external/wordpressmu-1425697-5386286.cloudwaysapps.com/wp-content/uploads/2025/04/d13cd5e4-38b6-4212-b137-b7c6901ca3ac-768x512.jpg,200,image/jpeg,47839,dom:desktop dom:mobile html:img[data-lazy-srcset]
https://wordpressmu-1425697-5386286.cloudwaysapps.com/wp-content/uploads/2025/04/d13cd5e4-38b6-4212-b137-b7c6901ca3ac.jpg,site/_external/wordpressmu-1425697-5386286.cloudwaysapps.com/wp-content/uploads/2025/04/d13cd5e4-38b6-4212-b137-b7c6901ca3ac.jpg,200,image/jpeg,149647,dom:desktop dom:mobile html:img[data-lazy-srcset]
https://wordpressmu-1425697-5386286.cloudwaysapps.com/wp-content/uploads/2025/04/de34dc54-d561-4919-b652-0720a324bf92-1152x1536.jpg,site/_external/wordpressmu-1425697-5386286.cloudwaysapps.com/wp-content/uploads/2025/04/de34dc54-d561-4919-b652-0720a324bf92-1152x1536.jpg,200,image/jpeg,424788,dom:desktop dom:mobile html:img[data-lazy-srcset]
https://wordpressmu-1425697-5386286.cloudwaysapps.com/wp-content/uploads/2025/04/de34dc54-d561-4919-b652-0720a324bf92-225x300.jpg,site/_external/wordpressmu-1425697-5386286.cloudwaysapps.com/wp-content/uploads/2025/04/de34dc54-d561-4919-b652-0720a324bf92-225x300.jpg,200,image/jpeg,17807,dom:desktop dom:mobile html:img[data-lazy-srcset]
https://wordpressmu-1425697-5386286.cloudwaysapps.com/wp-content/uploads/2025/04/de34dc54-d561-4919-b652-0720a324bf92-768x1024.jpg,site/_external/wordpressmu-1425697-5386286.cloudwaysapps.com/wp-content/uploads/2025/04/de34dc54-d561-4919-b652-0720a324bf92-768x1024.jpg,200,image/jpeg,195959,dom:desktop dom:mobile html:img[data-lazy-srcset]
https://wordpressmu-1425697-5386286.cloudwaysapps.com/wp-content/uploads/2025/04/de34dc54-d561-4919-b652-0720a324bf92.jpg,site/_external/wordpressmu-1425697-5386286.cloudwaysapps.com/wp-content/uploads/2025/04/de34dc54-d561-4919-b652-0720a324bf92.jpg,200,image/jpeg,699257,dom:desktop dom:mobile html:img[data-lazy-srcset]
https://wordpressmu-1425697-5386286.cloudwaysapps.com/wp-content/uploads/2025/04/dec158af-73e5-48f2-85ff-5814245d6032-1024x576.jpg,site/_external/wordpressmu-1425697-5386286.cloudwaysapps.com/wp-content/uploads/2025/04/dec158af-73e5-48f2-85ff-5814245d6032-1024x576.jpg,200,image/jpeg,87444,dom:desktop dom:mobile html:img[data-lazy-srcset]
https://wordpressmu-1425697-5386286.cloudwaysapps.com/wp-content/uploads/2025/04/dec158af-73e5-48f2-85ff-5814245d6032-300x169.jpg,site/_external/wordpressmu-1425697-5386286.cloudwaysapps.com/wp-content/uploads/2025/04/dec158af-73e5-48f2-85ff-5814245d6032-300x169.jpg,200,image/jpeg,10814,dom:desktop dom:mobile html:img[data-lazy-srcset]
https://wordpressmu-1425697-5386286.cloudwaysapps.com/wp-content/uploads/2025/04/dec158af-73e5-48f2-85ff-5814245d6032-768x432.jpg,site/_external/wordpressmu-1425697-5386286.cloudwaysapps.com/wp-content/uploads/2025/04/dec158af-73e5-48f2-85ff-5814245d6032-768x432.jpg,200,image/jpeg,53752,dom:desktop dom:mobile html:img[data-lazy-srcset]
https://wordpressmu-1425697-5386286.cloudwaysapps.com/wp-content/uploads/2025/04/dec158af-73e5-48f2-85ff-5814245d6032.jpg,site/_external/wordpressmu-1425697-5386286.cloudwaysapps.com/wp-content/uploads/2025/04/dec158af-73e5-48f2-85ff-5814245d6032.jpg,200,image/jpeg,171201,dom:desktop dom:mobile html:img[data-lazy-srcset]
https://wordpressmu-1425697-5386286.cloudwaysapps.com/wp-content/uploads/2025/04/e31c1bff-e79c-430f-9fa9-6278b88d7661-1024x576.jpg,site/_external/wordpressmu-1425697-5386286.cloudwaysapps.com/wp-content/uploads/2025/04/e31c1bff-e79c-430f-9fa9-6278b88d7661-1024x576.jpg,200,image/jpeg,112419,dom:desktop dom:mobile html:img[data-lazy-srcset]
https://wordpressmu-1425697-5386286.cloudwaysapps.com/wp-content/uploads/2025/04/e31c1bff-e79c-430f-9fa9-6278b88d7661-300x169.jpg,site/_external/wordpressmu-1425697-5386286.cloudwaysapps.com/wp-content/uploads/2025/04/e31c1bff-e79c-430f-9fa9-6278b88d7661-300x169.jpg,200,image/jpeg,13795,dom:desktop dom:mobile html:img[data-lazy-srcset]
https://wordpressmu-1425697-5386286.cloudwaysapps.com/wp-content/uploads/2025/04/e31c1bff-e79c-430f-9fa9-6278b88d7661-768x432.jpg,site/_external/wordpressmu-1425697-5386286.cloudwaysapps.com/wp-content/uploads/2025/04/e31c1bff-e79c-430f-9fa9-6278b88d7661-768x432.jpg,200,image/jpeg,68004,dom:desktop dom:mobile html:img[data-lazy-srcset]
https://wordpressmu-1425697-5386286.cloudwaysapps.com/wp-content/uploads/2025/04/e31c1bff-e79c-430f-9fa9-6278b88d7661.jpg,site/_external/wordpressmu-1425697-5386286.cloudwaysapps.com/wp-content/uploads/2025/04/e31c1bff-e79c-430f-9fa9-6278b88d7661.jpg,200,image/jpeg,227376,dom:desktop dom:mobile html:img[data-lazy-srcset]
https://wordpressmu-1425697-5386286.cloudwaysapps.com/wp-content/uploads/2025/04/e5c84bd4-4817-49d9-9596-4ea9dd6c44bb-1024x768.jpg,site/_external/wordpressmu-1425697-5386286.cloudwaysapps.com/wp-content/uploads/2025/04/e5c84bd4-4817-49d9-9596-4ea9dd6c44bb-1024x768.jpg,200,image/jpeg,107241,dom:desktop dom:mobile html:img[data-lazy-srcset]
https://wordpressmu-1425697-5386286.cloudwaysapps.com/wp-content/uploads/2025/04/e5c84bd4-4817-49d9-9596-4ea9dd6c44bb-300x225.jpg,site/_external/wordpressmu-1425697-5386286.cloudwaysapps.com/wp-content/uploads/2025/04/e5c84bd4-4817-49d9-9596-4ea9dd6c44bb-300x225.jpg,200,image/jpeg,13411,dom:desktop dom:mobile html:img[data-lazy-srcset]
https://wordpressmu-1425697-5386286.cloudwaysapps.com/wp-content/uploads/2025/04/e5c84bd4-4817-49d9-9596-4ea9dd6c44bb-768x576.jpg,site/_external/wordpressmu-1425697-5386286.cloudwaysapps.com/wp-content/uploads/2025/04/e5c84bd4-4817-49d9-9596-4ea9dd6c44bb-768x576.jpg,200,image/jpeg,66747,dom:desktop dom:mobile html:img[data-lazy-srcset]
https://wordpressmu-1425697-5386286.cloudwaysapps.com/wp-content/uploads/2025/04/e5c84bd4-4817-49d9-9596-4ea9dd6c44bb.jpg,site/_external/wordpressmu-1425697-5386286.cloudwaysapps.com/wp-content/uploads/2025/04/e5c84bd4-4817-49d9-9596-4ea9dd6c44bb.jpg,200,image/jpeg,175050,dom:desktop dom:mobile html:img[data-lazy-srcset]
https://wordpressmu-1425697-5386286.cloudwaysapps.com/wp-content/uploads/2025/04/e78dfbe4-a4c7-4146-bad1-fc897a3af885-1024x768.jpg,site/_external/wordpressmu-1425697-5386286.cloudwaysapps.com/wp-content/uploads/2025/04/e78dfbe4-a4c7-4146-bad1-fc897a3af885-1024x768.jpg,200,image/jpeg,178516,dom:desktop dom:mobile html:img[data-lazy-srcset]
https://wordpressmu-1425697-5386286.cloudwaysapps.com/wp-content/uploads/2025/04/e78dfbe4-a4c7-4146-bad1-fc897a3af885-300x225.jpg,site/_external/wordpressmu-1425697-5386286.cloudwaysapps.com/wp-content/uploads/2025/04/e78dfbe4-a4c7-4146-bad1-fc897a3af885-300x225.jpg,200,image/jpeg,18082,dom:desktop dom:mobile html:img[data-lazy-srcset]
https://wordpressmu-1425697-5386286.cloudwaysapps.com/wp-content/uploads/2025/04/e78dfbe4-a4c7-4146-bad1-fc897a3af885-768x576.jpg,site/_external/wordpressmu-1425697-5386286.cloudwaysapps.com/wp-content/uploads/2025/04/e78dfbe4-a4c7-4146-bad1-fc897a3af885-768x576.jpg,200,image/jpeg,104369,dom:desktop dom:mobile html:img[data-lazy-srcset]
https://wordpressmu-1425697-5386286.cloudwaysapps.com/wp-content/uploads/2025/04/e78dfbe4-a4c7-4146-bad1-fc897a3af885.jpg,site/_external/wordpressmu-1425697-5386286.cloudwaysapps.com/wp-content/uploads/2025/04/e78dfbe4-a4c7-4146-bad1-fc897a3af885.jpg,200,image/jpeg,356953,dom:desktop dom:mobile html:img[data-lazy-srcset]
https://wordpressmu-1425697-5386286.cloudwaysapps.com/wp-content/uploads/2025/04/e988b397-30cf-46b1-94cf-8afac157f60c-1024x683.jpg,site/_external/wordpressmu-1425697-5386286.cloudwaysapps.com/wp-content/uploads/2025/04/e988b397-30cf-46b1-94cf-8afac157f60c-1024x683.jpg,200,image/jpeg,82542,dom:desktop dom:mobile html:img[data-lazy-srcset]
https://wordpressmu-1425697-5386286.cloudwaysapps.com/wp-content/uploads/2025/04/e988b397-30cf-46b1-94cf-8afac157f60c-300x200.jpg,site/_external/wordpressmu-1425697-5386286.cloudwaysapps.com/wp-content/uploads/2025/04/e988b397-30cf-46b1-94cf-8afac157f60c-300x200.jpg,200,image/jpeg,11717,dom:desktop dom:mobile html:img[data-lazy-srcset]
https://wordpressmu-1425697-5386286.cloudwaysapps.com/wp-content/uploads/2025/04/e988b397-30cf-46b1-94cf-8afac157f60c-768x512.jpg,site/_external/wordpressmu-1425697-5386286.cloudwaysapps.com/wp-content/uploads/2025/04/e988b397-30cf-46b1-94cf-8afac157f60c-768x512.jpg,200,image/jpeg,52187,dom:desktop dom:mobile html:img[data-lazy-srcset]
https://wordpressmu-1425697-5386286.cloudwaysapps.com/wp-content/uploads/2025/04/e988b397-30cf-46b1-94cf-8afac157f60c.jpg,site/_external/wordpressmu-1425697-5386286.cloudwaysapps.com/wp-content/uploads/2025/04/e988b397-30cf-46b1-94cf-8afac157f60c.jpg,200,image/jpeg,151001,dom:desktop dom:mobile html:img[data-lazy-srcset]
https://wordpressmu-1425697-5386286.cloudwaysapps.com/wp-content/uploads/2025/04/eb47c5b0-ee56-4442-8abf-f0b5fba0023d-285x300.jpg,,404,text/html,347,browser:image dom:desktop dom:mobile
https://wordpressmu-1425697-5386286.cloudwaysapps.com/wp-content/uploads/2025/04/eb47c5b0-ee56-4442-8abf-f0b5fba0023d-768x807.jpg,,404,text/html,347,dom:desktop browser:image dom:mobile
https://wordpressmu-1425697-5386286.cloudwaysapps.com/wp-content/uploads/2025/04/eb47c5b0-ee56-4442-8abf-f0b5fba0023d-974x1024.jpg,,404,text/html,347,dom:desktop dom:mobile html:img[data-lazy-srcset]
https://wordpressmu-1425697-5386286.cloudwaysapps.com/wp-content/uploads/2025/04/eb47c5b0-ee56-4442-8abf-f0b5fba0023d.jpg,,404,text/html,347,browser:image dom:desktop dom:mobile
https://wordpressmu-1425697-5386286.cloudwaysapps.com/wp-content/uploads/2025/04/edefbb7f-d876-46b3-900b-f1fcea7523de-1024x576.jpg,site/_external/wordpressmu-1425697-5386286.cloudwaysapps.com/wp-content/uploads/2025/04/edefbb7f-d876-46b3-900b-f1fcea7523de-1024x576.jpg,200,image/jpeg,107408,dom:desktop dom:mobile html:img[data-lazy-srcset]
https://wordpressmu-1425697-5386286.cloudwaysapps.com/wp-content/uploads/2025/04/edefbb7f-d876-46b3-900b-f1fcea7523de-300x169.jpg,site/_external/wordpressmu-1425697-5386286.cloudwaysapps.com/wp-content/uploads/2025/04/edefbb7f-d876-46b3-900b-f1fcea7523de-300x169.jpg,200,image/jpeg,11658,dom:desktop dom:mobile html:img[data-lazy-srcset]
https://wordpressmu-1425697-5386286.cloudwaysapps.com/wp-content/uploads/2025/04/edefbb7f-d876-46b3-900b-f1fcea7523de-768x432.jpg,site/_external/wordpressmu-1425697-5386286.cloudwaysapps.com/wp-content/uploads/2025/04/edefbb7f-d876-46b3-900b-f1fcea7523de-768x432.jpg,200,image/jpeg,63335,dom:desktop dom:mobile html:img[data-lazy-srcset]
https://wordpressmu-1425697-5386286.cloudwaysapps.com/wp-content/uploads/2025/04/edefbb7f-d876-46b3-900b-f1fcea7523de.jpg,site/_external/wordpressmu-1425697-5386286.cloudwaysapps.com/wp-content/uploads/2025/04/edefbb7f-d876-46b3-900b-f1fcea7523de.jpg,200,image/jpeg,217541,browser:image dom:desktop dom:mobile
https://wordpressmu-1425697-5386286.cloudwaysapps.com/wp-content/uploads/2025/04/f1e10b6a-f11e-401e-b0e5-53293f36d547-1024x682.jpg,site/_external/wordpressmu-1425697-5386286.cloudwaysapps.com/wp-content/uploads/2025/04/f1e10b6a-f11e-401e-b0e5-53293f36d547-1024x682.jpg,200,image/jpeg,63367,dom:desktop dom:mobile html:img[data-lazy-srcset]
https://wordpressmu-1425697-5386286.cloudwaysapps.com/wp-content/uploads/2025/04/f1e10b6a-f11e-401e-b0e5-53293f36d547-300x200.jpg,site/_external/wordpressmu-1425697-5386286.cloudwaysapps.com/wp-content/uploads/2025/04/f1e10b6a-f11e-401e-b0e5-53293f36d547-300x200.jpg,200,image/jpeg,9052,dom:desktop dom:mobile html:img[data-lazy-srcset]
https://wordpressmu-1425697-5386286.cloudwaysapps.com/wp-content/uploads/2025/04/f1e10b6a-f11e-401e-b0e5-53293f36d547-768x511.jpg,site/_external/wordpressmu-1425697-5386286.cloudwaysapps.com/wp-content/uploads/2025/04/f1e10b6a-f11e-401e-b0e5-53293f36d547-768x511.jpg,200,image/jpeg,39658,dom:desktop dom:mobile html:img[data-lazy-srcset]
https://wordpressmu-1425697-5386286.cloudwaysapps.com/wp-content/uploads/2025/04/f1e10b6a-f11e-401e-b0e5-53293f36d547.jpg,site/_external/wordpressmu-1425697-5386286.cloudwaysapps.com/wp-content/uploads/2025/04/f1e10b6a-f11e-401e-b0e5-53293f36d547.jpg,200,image/jpeg,118615,dom:desktop dom:mobile html:img[data-lazy-srcset]
https://wordpressmu-1425697-5386286.cloudwaysapps.com/wp-content/uploads/2025/04/f3a7c528-b3b4-430a-b237-d3bd1cbd3f1c-226x300.jpg,site/_external/wordpressmu-1425697-5386286.cloudwaysapps.com/wp-content/uploads/2025/04/f3a7c528-b3b4-430a-b237-d3bd1cbd3f1c-226x300.jpg,200,image/jpeg,19576,dom:desktop dom:mobile html:img[data-lazy-srcset]
https://wordpressmu-1425697-5386286.cloudwaysapps.com/wp-content/uploads/2025/04/f3a7c528-b3b4-430a-b237-d3bd1cbd3f1c-768x1021.jpg,site/_external/wordpressmu-1425697-5386286.cloudwaysapps.com/wp-content/uploads/2025/04/f3a7c528-b3b4-430a-b237-d3bd1cbd3f1c-768x1021.jpg,200,image/jpeg,166687,dom:desktop dom:mobile html:img[data-lazy-srcset]
https://wordpressmu-1425697-5386286.cloudwaysapps.com/wp-content/uploads/2025/04/f3a7c528-b3b4-430a-b237-d3bd1cbd3f1c-770x1024.jpg,site/_external/wordpressmu-1425697-5386286.cloudwaysapps.com/wp-content/uploads/2025/04/f3a7c528-b3b4-430a-b237-d3bd1cbd3f1c-770x1024.jpg,200,image/jpeg,167507,dom:desktop dom:mobile html:img[data-lazy-srcset]
https://wordpressmu-1425697-5386286.cloudwaysapps.com/wp-content/uploads/2025/04/f3a7c528-b3b4-430a-b237-d3bd1cbd3f1c.jpg,site/_external/wordpressmu-1425697-5386286.cloudwaysapps.com/wp-content/uploads/2025/04/f3a7c528-b3b4-430a-b237-d3bd1cbd3f1c.jpg,200,image/jpeg,442086,dom:desktop dom:mobile html:img[data-lazy-srcset]
https://wordpressmu-1425697-5386286.cloudwaysapps.com/wp-content/uploads/2025/04/f667aa4c-40d3-4a30-b736-94b4becffb47-1024x576.jpg,site/_external/wordpressmu-1425697-5386286.cloudwaysapps.com/wp-content/uploads/2025/04/f667aa4c-40d3-4a30-b736-94b4becffb47-1024x576.jpg,200,image/jpeg,127282,dom:desktop dom:mobile html:img[data-lazy-srcset]
https://wordpressmu-1425697-5386286.cloudwaysapps.com/wp-content/uploads/2025/04/f667aa4c-40d3-4a30-b736-94b4becffb47-300x169.jpg,site/_external/wordpressmu-1425697-5386286.cloudwaysapps.com/wp-content/uploads/2025/04/f667aa4c-40d3-4a30-b736-94b4becffb47-300x169.jpg,200,image/jpeg,13289,dom:desktop dom:mobile html:img[data-lazy-srcset]
https://wordpressmu-1425697-5386286.cloudwaysapps.com/wp-content/uploads/2025/04/f667aa4c-40d3-4a30-b736-94b4becffb47-768x432.jpg,site/_external/wordpressmu-1425697-5386286.cloudwaysapps.com/wp-content/uploads/2025/04/f667aa4c-40d3-4a30-b736-94b4becffb47-768x432.jpg,200,image/jpeg,74814,dom:desktop dom:mobile html:img[data-lazy-srcset]
https://wordpressmu-1425697-5386286.cloudwaysapps.com/wp-content/uploads/2025/04/f667aa4c-40d3-4a30-b736-94b4becffb47.jpg,site/_external/wordpressmu-1425697-5386286.cloudwaysapps.com/wp-content/uploads/2025/04/f667aa4c-40d3-4a30-b736-94b4becffb47.jpg,200,image/jpeg,251757,dom:desktop dom:mobile html:img[data-lazy-srcset]
https://wordpressmu-1425697-5386286.cloudwaysapps.com/wp-content/uploads/2025/04/fa96fc36-78d6-40ef-a80b-446855c379da-1152x1536.jpg,site/_external/wordpressmu-1425697-5386286.cloudwaysapps.com/wp-content/uploads/2025/04/fa96fc36-78d6-40ef-a80b-446855c379da-1152x1536.jpg,200,image/jpeg,192238,dom:desktop dom:mobile html:img[data-lazy-srcset]
https://wordpressmu-1425697-5386286.cloudwaysapps.com/wp-content/uploads/2025/04/fa96fc36-78d6-40ef-a80b-446855c379da-225x300.jpg,site/_external/wordpressmu-1425697-5386286.cloudwaysapps.com/wp-content/uploads/2025/04/fa96fc36-78d6-40ef-a80b-446855c379da-225x300.jpg,200,image/jpeg,14473,dom:desktop dom:mobile html:img[data-lazy-srcset]
https://wordpressmu-1425697-5386286.cloudwaysapps.com/wp-content/uploads/2025/04/fa96fc36-78d6-40ef-a80b-446855c379da-768x1024.jpg,site/_external/wordpressmu-1425697-5386286.cloudwaysapps.com/wp-content/uploads/2025/04/fa96fc36-78d6-40ef-a80b-446855c379da-768x1024.jpg,200,image/jpeg,97405,dom:desktop dom:mobile html:img[data-lazy-srcset]
https://wordpressmu-1425697-5386286.cloudwaysapps.com/wp-content/uploads/2025/04/fa96fc36-78d6-40ef-a80b-446855c379da.jpg,site/_external/wordpressmu-1425697-5386286.cloudwaysapps.com/wp-content/uploads/2025/04/fa96fc36-78d6-40ef-a80b-446855c379da.jpg,200,image/jpeg,319117,dom:desktop dom:mobile html:img[data-lazy-srcset]
https://wordpressmu-1425697-5386286.cloudwaysapps.com/wp-content/uploads/2025/04/fb04fcac-9a54-45a7-8530-a3e13d544aae-1152x1536.jpg,site/_external/wordpressmu-1425697-5386286.cloudwaysapps.com/wp-content/uploads/2025/04/fb04fcac-9a54-45a7-8530-a3e13d544aae-1152x1536.jpg,200,image/jpeg,226270,dom:desktop dom:mobile html:img[data-lazy-srcset]
https://wordpressmu-1425697-5386286.cloudwaysapps.com/wp-content/uploads/2025/04/fb04fcac-9a54-45a7-8530-a3e13d544aae-225x300.jpg,site/_external/wordpressmu-1425697-5386286.cloudwaysapps.com/wp-content/uploads/2025/04/fb04fcac-9a54-45a7-8530-a3e13d544aae-225x300.jpg,200,image/jpeg,17234,dom:desktop dom:mobile html:img[data-lazy-srcset]
https://wordpressmu-1425697-5386286.cloudwaysapps.com/wp-content/uploads/2025/04/fb04fcac-9a54-45a7-8530-a3e13d544aae-768x1024.jpg,site/_external/wordpressmu-1425697-5386286.cloudwaysapps.com/wp-content/uploads/2025/04/fb04fcac-9a54-45a7-8530-a3e13d544aae-768x1024.jpg,200,image/jpeg,120943,dom:desktop dom:mobile html:img[data-lazy-srcset]
https://wordpressmu-1425697-5386286.cloudwaysapps.com/wp-content/uploads/2025/04/fb04fcac-9a54-45a7-8530-a3e13d544aae.jpg,site/_external/wordpressmu-1425697-5386286.cloudwaysapps.com/wp-content/uploads/2025/04/fb04fcac-9a54-45a7-8530-a3e13d544aae.jpg,200,image/jpeg,349078,dom:desktop dom:mobile html:img[data-lazy-srcset]
https://wordpressmu-1425697-5386286.cloudwaysapps.com/wp-content/uploads/2025/04/fc3a098a-11f6-4473-99ac-3b7d50df663e-1024x576.jpg,site/_external/wordpressmu-1425697-5386286.cloudwaysapps.com/wp-content/uploads/2025/04/fc3a098a-11f6-4473-99ac-3b7d50df663e-1024x576.jpg,200,image/jpeg,91646,dom:desktop dom:mobile html:img[data-lazy-srcset]
https://wordpressmu-1425697-5386286.cloudwaysapps.com/wp-content/uploads/2025/04/fc3a098a-11f6-4473-99ac-3b7d50df663e-300x169.jpg,site/_external/wordpressmu-1425697-5386286.cloudwaysapps.com/wp-content/uploads/2025/04/fc3a098a-11f6-4473-99ac-3b7d50df663e-300x169.jpg,200,image/jpeg,13089,dom:desktop dom:mobile html:img[data-lazy-srcset]
https://wordpressmu-1425697-5386286.cloudwaysapps.com/wp-content/uploads/2025/04/fc3a098a-11f6-4473-99ac-3b7d50df663e-768x432.jpg,site/_external/wordpressmu-1425697-5386286.cloudwaysapps.com/wp-content/uploads/2025/04/fc3a098a-11f6-4473-99ac-3b7d50df663e-768x432.jpg,200,image/jpeg,57463,dom:desktop dom:mobile html:img[data-lazy-srcset]
https://wordpressmu-1425697-5386286.cloudwaysapps.com/wp-content/uploads/2025/04/fc3a098a-11f6-4473-99ac-3b7d50df663e.jpg,site/_external/wordpressmu-1425697-5386286.cloudwaysapps.com/wp-content/uploads/2025/04/fc3a098a-11f6-4473-99ac-3b7d50df663e.jpg,200,image/jpeg,180890,dom:desktop dom:mobile html:img[data-lazy-srcset]
https://wordpressmu-1425697-5386286.cloudwaysapps.com/wp-content/uploads/2025/04/solar-after-300x225.jpg,site/_external/wordpressmu-1425697-5386286.cloudwaysapps.com/wp-content/uploads/2025/04/solar-after-300x225.jpg,200,image/jpeg,21511,dom:desktop dom:mobile html:img[data-lazy-srcset]
https://wordpressmu-1425697-5386286.cloudwaysapps.com/wp-content/uploads/2025/04/solar-after-768x576.jpg,site/_external/wordpressmu-1425697-5386286.cloudwaysapps.com/wp-content/uploads/2025/04/solar-after-768x576.jpg,200,image/jpeg,104071,dom:desktop browser:image dom:mobile
https://wordpressmu-1425697-5386286.cloudwaysapps.com/wp-content/uploads/2025/04/solar-after.jpg,site/_external/wordpressmu-1425697-5386286.cloudwaysapps.com/wp-content/uploads/2025/04/solar-after.jpg,200,image/jpeg,124931,browser:image dom:desktop dom:mobile
https://wordpressmu-1425697-5386286.cloudwaysapps.com/wp-content/uploads/2025/04/solar-before-300x225.jpg,site/_external/wordpressmu-1425697-5386286.cloudwaysapps.com/wp-content/uploads/2025/04/solar-before-300x225.jpg,200,image/jpeg,24264,dom:desktop dom:mobile html:img[data-lazy-srcset]
https://wordpressmu-1425697-5386286.cloudwaysapps.com/wp-content/uploads/2025/04/solar-before-768x576.jpg,site/_external/wordpressmu-1425697-5386286.cloudwaysapps.com/wp-content/uploads/2025/04/solar-before-768x576.jpg,200,image/jpeg,115764,dom:desktop browser:image dom:mobile
https://wordpressmu-1425697-5386286.cloudwaysapps.com/wp-content/uploads/2025/04/solar-before.jpg,site/_external/wordpressmu-1425697-5386286.cloudwaysapps.com/wp-content/uploads/2025/04/solar-before.jpg,200,image/jpeg,134287,browser:image dom:desktop dom:mobile
