url,reason,foundOn
https://pandaexteriors.com/wp-admin/?breakdance_global_block=%%block_id%%,admin/login/API/back-end URL (never requested),https://pandaexteriors.com/careers/
https://pandaexteriors.com/blog/project/panda-ext-10002/,"listed only in the sitemap, not linked from any page (/blog/project/)",(sitemap)
https://pandaexteriors.com/blog/project/panda-ext-10004/,"listed only in the sitemap, not linked from any page (/blog/project/)",(sitemap)
https://pandaexteriors.com/blog/project/panda-ext-10005/,"listed only in the sitemap, not linked from any page (/blog/project/)",(sitemap)
https://pandaexteriors.com/blog/project/panda-ext-10010/,"listed only in the sitemap, not linked from any page (/blog/project/)",(sitemap)
https://pandaexteriors.com/blog/project/panda-ext-10011/,"listed only in the sitemap, not linked from any page (/blog/project/)",(sitemap)
https://pandaexteriors.com/blog/project/panda-ext-10012/,"listed only in the sitemap, not linked from any page (/blog/project/)",(sitemap)
https://pandaexteriors.com/blog/project/panda-ext-10017/,"listed only in the sitemap, not linked from any page (/blog/project/)",(sitemap)
https://pandaexteriors.com/blog/project/panda-ext-10018/,"listed only in the sitemap, not linked from any page (/blog/project/)",(sitemap)
https://pandaexteriors.com/blog/project/panda-ext-10019/,"listed only in the sitemap, not linked from any page (/blog/project/)",(sitemap)
https://pandaexteriors.com/blog/project/panda-ext-10021/,"listed only in the sitemap, not linked from any page (/blog/project/)",(sitemap)
https://pandaexteriors.com/blog/project/panda-ext-10022/,"listed only in the sitemap, not linked from any page (/blog/project/)",(sitemap)
https://pandaexteriors.com/blog/project/panda-ext-10023-2/,"listed only in the sitemap, not linked from any page (/blog/project/)",(sitemap)
https://pandaexteriors.com/blog/project/panda-ext-10023-3/,"listed only in the sitemap, not linked from any page (/blog/project/)",(sitemap)
https://pandaexteriors.com/blog/project/panda-ext-10023-4/,"listed only in the sitemap, not linked from any page (/blog/project/)",(sitemap)
https://pandaexteriors.com/blog/project/panda-ext-10023-5/,"listed only in the sitemap, not linked from any page (/blog/project/)",(sitemap)
https://pandaexteriors.com/blog/project/panda-ext-10023-6/,"listed only in the sitemap, not linked from any page (/blog/project/)",(sitemap)
https://pandaexteriors.com/blog/project/panda-ext-10023-7/,"listed only in the sitemap, not linked from any page (/blog/project/)",(sitemap)
https://pandaexteriors.com/blog/project/panda-ext-10023-8/,"listed only in the sitemap, not linked from any page (/blog/project/)",(sitemap)
https://pandaexteriors.com/blog/project/panda-ext-10023/,"listed only in the sitemap, not linked from any page (/blog/project/)",(sitemap)
https://pandaexteriors.com/blog/project/panda-ext-10025/,"listed only in the sitemap, not linked from any page (/blog/project/)",(sitemap)
https://pandaexteriors.com/blog/project/panda-ext-10026/,"listed only in the sitemap, not linked from any page (/blog/project/)",(sitemap)
https://pandaexteriors.com/blog/project/panda-ext-10027/,"listed only in the sitemap, not linked from any page (/blog/project/)",(sitemap)
https://pandaexteriors.com/blog/project/panda-ext-10031-2/,"listed only in the sitemap, not linked from any page (/blog/project/)",(sitemap)
https://pandaexteriors.com/blog/project/panda-ext-10031-3/,"listed only in the sitemap, not linked from any page (/blog/project/)",(sitemap)
https://pandaexteriors.com/blog/project/panda-ext-10031-4/,"listed only in the sitemap, not linked from any page (/blog/project/)",(sitemap)
https://pandaexteriors.com/blog/project/panda-ext-10031-5/,"listed only in the sitemap, not linked from any page (/blog/project/)",(sitemap)
https://pandaexteriors.com/blog/project/panda-ext-10031-6/,"listed only in the sitemap, not linked from any page (/blog/project/)",(sitemap)
https://pandaexteriors.com/blog/project/panda-ext-10031-7/,"listed only in the sitemap, not linked from any page (/blog/project/)",(sitemap)
https://pandaexteriors.com/blog/project/panda-ext-10031/,"listed only in the sitemap, not linked from any page (/blog/project/)",(sitemap)
https://pandaexteriors.com/blog/project/panda-ext-10032/,"listed only in the sitemap, not linked from any page (/blog/project/)",(sitemap)
https://pandaexteriors.com/blog/project/panda-ext-10033/,"listed only in the sitemap, not linked from any page (/blog/project/)",(sitemap)
https://pandaexteriors.com/blog/project/panda-ext-10037-2/,"listed only in the sitemap, not linked from any page (/blog/project/)",(sitemap)
https://pandaexteriors.com/blog/project/panda-ext-10037-3/,"listed only in the sitemap, not linked from any page (/blog/project/)",(sitemap)
https://pandaexteriors.com/blog/project/panda-ext-10037-4/,"listed only in the sitemap, not linked from any page (/blog/project/)",(sitemap)
https://pandaexteriors.com/blog/project/panda-ext-10037-5/,"listed only in the sitemap, not linked from any page (/blog/project/)",(sitemap)
https://pandaexteriors.com/blog/project/panda-ext-10037/,"listed only in the sitemap, not linked from any page (/blog/project/)",(sitemap)
https://pandaexteriors.com/blog/project/panda-ext-10038/,"listed only in the sitemap, not linked from any page (/blog/project/)",(sitemap)
https://pandaexteriors.com/blog/project/panda-ext-10040/,"listed only in the sitemap, not linked from any page (/blog/project/)",(sitemap)
https://pandaexteriors.com/blog/project/panda-ext-10045/,"listed only in the sitemap, not linked from any page (/blog/project/)",(sitemap)
https://pandaexteriors.com/blog/project/panda-ext-10047/,"listed only in the sitemap, not linked from any page (/blog/project/)",(sitemap)
https://pandaexteriors.com/blog/project/panda-ext-10048/,"listed only in the sitemap, not linked from any page (/blog/project/)",(sitemap)
https://pandaexteriors.com/blog/project/panda-ext-10049/,"listed only in the sitemap, not linked from any page (/blog/project/)",(sitemap)
https://pandaexteriors.com/blog/project/panda-ext-10050/,"listed only in the sitemap, not linked from any page (/blog/project/)",(sitemap)
https://pandaexteriors.com/blog/project/panda-ext-10051/,"listed only in the sitemap, not linked from any page (/blog/project/)",(sitemap)
https://pandaexteriors.com/blog/project/panda-ext-10052/,"listed only in the sitemap, not linked from any page (/blog/project/)",(sitemap)
https://pandaexteriors.com/blog/project/panda-ext-10054-2/,"listed only in the sitemap, not linked from any page (/blog/project/)",(sitemap)
https://pandaexteriors.com/blog/project/panda-ext-10054-3/,"listed only in the sitemap, not linked from any page (/blog/project/)",(sitemap)
https://pandaexteriors.com/blog/project/panda-ext-10054-4/,"listed only in the sitemap, not linked from any page (/blog/project/)",(sitemap)
https://pandaexteriors.com/blog/project/panda-ext-10054-5/,"listed only in the sitemap, not linked from any page (/blog/project/)",(sitemap)
https://pandaexteriors.com/blog/project/panda-ext-10054-6/,"listed only in the sitemap, not linked from any page (/blog/project/)",(sitemap)
https://pandaexteriors.com/blog/project/panda-ext-10054-7/,"listed only in the sitemap, not linked from any page (/blog/project/)",(sitemap)
https://pandaexteriors.com/blog/project/panda-ext-10054/,"listed only in the sitemap, not linked from any page (/blog/project/)",(sitemap)
https://pandaexteriors.com/blog/project/panda-ext-10055/,"listed only in the sitemap, not linked from any page (/blog/project/)",(sitemap)
https://pandaexteriors.com/blog/project/panda-ext-10057-2/,"listed only in the sitemap, not linked from any page (/blog/project/)",(sitemap)
https://pandaexteriors.com/blog/project/panda-ext-10057-3/,"listed only in the sitemap, not linked from any page (/blog/project/)",(sitemap)
https://pandaexteriors.com/blog/project/panda-ext-10057-4/,"listed only in the sitemap, not linked from any page (/blog/project/)",(sitemap)
https://pandaexteriors.com/blog/project/panda-ext-10057-5/,"listed only in the sitemap, not linked from any page (/blog/project/)",(sitemap)
https://pandaexteriors.com/blog/project/panda-ext-10057-6/,"listed only in the sitemap, not linked from any page (/blog/project/)",(sitemap)
https://pandaexteriors.com/blog/project/panda-ext-10057-7/,"listed only in the sitemap, not linked from any page (/blog/project/)",(sitemap)
https://pandaexteriors.com/blog/project/panda-ext-10057-8/,"listed only in the sitemap, not linked from any page (/blog/project/)",(sitemap)
https://pandaexteriors.com/blog/project/panda-ext-10057/,"listed only in the sitemap, not linked from any page (/blog/project/)",(sitemap)
https://pandaexteriors.com/blog/project/panda-ext-10061/,"listed only in the sitemap, not linked from any page (/blog/project/)",(sitemap)
https://pandaexteriors.com/blog/project/panda-ext-10062-2/,"listed only in the sitemap, not linked from any page (/blog/project/)",(sitemap)
https://pandaexteriors.com/blog/project/panda-ext-10062-3/,"listed only in the sitemap, not linked from any page (/blog/project/)",(sitemap)
https://pandaexteriors.com/blog/project/panda-ext-10062-4/,"listed only in the sitemap, not linked from any page (/blog/project/)",(sitemap)
https://pandaexteriors.com/blog/project/panda-ext-10062-5/,"listed only in the sitemap, not linked from any page (/blog/project/)",(sitemap)
https://pandaexteriors.com/blog/project/panda-ext-10062-6/,"listed only in the sitemap, not linked from any page (/blog/project/)",(sitemap)
https://pandaexteriors.com/blog/project/panda-ext-10062-7/,"listed only in the sitemap, not linked from any page (/blog/project/)",(sitemap)
https://pandaexteriors.com/blog/project/panda-ext-10064/,"listed only in the sitemap, not linked from any page (/blog/project/)",(sitemap)
https://pandaexteriors.com/blog/project/panda-ext-10066/,"listed only in the sitemap, not linked from any page (/blog/project/)",(sitemap)
https://pandaexteriors.com/blog/project/panda-ext-10068/,"listed only in the sitemap, not linked from any page (/blog/project/)",(sitemap)
https://pandaexteriors.com/blog/project/panda-ext-10069/,"listed only in the sitemap, not linked from any page (/blog/project/)",(sitemap)
https://pandaexteriors.com/blog/project/panda-ext-10072/,"listed only in the sitemap, not linked from any page (/blog/project/)",(sitemap)
https://pandaexteriors.com/blog/project/panda-ext-10075/,"listed only in the sitemap, not linked from any page (/blog/project/)",(sitemap)
https://pandaexteriors.com/blog/project/panda-ext-10078/,"listed only in the sitemap, not linked from any page (/blog/project/)",(sitemap)
https://pandaexteriors.com/blog/project/panda-ext-10079/,"listed only in the sitemap, not linked from any page (/blog/project/)",(sitemap)
https://pandaexteriors.com/blog/project/panda-ext-10081/,"listed only in the sitemap, not linked from any page (/blog/project/)",(sitemap)
https://pandaexteriors.com/blog/project/panda-ext-10083/,"listed only in the sitemap, not linked from any page (/blog/project/)",(sitemap)
https://pandaexteriors.com/blog/project/panda-ext-10086/,"listed only in the sitemap, not linked from any page (/blog/project/)",(sitemap)
https://pandaexteriors.com/blog/project/panda-ext-10088/,"listed only in the sitemap, not linked from any page (/blog/project/)",(sitemap)
https://pandaexteriors.com/blog/project/panda-ext-10094-2/,"listed only in the sitemap, not linked from any page (/blog/project/)",(sitemap)
https://pandaexteriors.com/blog/project/panda-ext-10094-3/,"listed only in the sitemap, not linked from any page (/blog/project/)",(sitemap)
https://pandaexteriors.com/blog/project/panda-ext-10094-4/,"listed only in the sitemap, not linked from any page (/blog/project/)",(sitemap)
https://pandaexteriors.com/blog/project/panda-ext-10094-5/,"listed only in the sitemap, not linked from any page (/blog/project/)",(sitemap)
https://pandaexteriors.com/blog/project/panda-ext-10094/,"listed only in the sitemap, not linked from any page (/blog/project/)",(sitemap)
https://pandaexteriors.com/blog/project/panda-ext-10095/,"listed only in the sitemap, not linked from any page (/blog/project/)",(sitemap)
https://pandaexteriors.com/blog/project/panda-ext-10097/,"listed only in the sitemap, not linked from any page (/blog/project/)",(sitemap)
https://pandaexteriors.com/blog/project/panda-ext-10098/,"listed only in the sitemap, not linked from any page (/blog/project/)",(sitemap)
https://pandaexteriors.com/blog/project/panda-ext-10100/,"listed only in the sitemap, not linked from any page (/blog/project/)",(sitemap)
https://pandaexteriors.com/blog/project/panda-ext-10102/,"listed only in the sitemap, not linked from any page (/blog/project/)",(sitemap)
https://pandaexteriors.com/blog/project/panda-ext-10103/,"listed only in the sitemap, not linked from any page (/blog/project/)",(sitemap)
https://pandaexteriors.com/blog/project/panda-ext-10105/,"listed only in the sitemap, not linked from any page (/blog/project/)",(sitemap)
https://pandaexteriors.com/blog/project/panda-ext-10106/,"listed only in the sitemap, not linked from any page (/blog/project/)",(sitemap)
https://pandaexteriors.com/blog/project/panda-ext-10108-2/,"listed only in the sitemap, not linked from any page (/blog/project/)",(sitemap)
https://pandaexteriors.com/blog/project/panda-ext-10108-3/,"listed only in the sitemap, not linked from any page (/blog/project/)",(sitemap)
https://pandaexteriors.com/blog/project/panda-ext-10108-4/,"listed only in the sitemap, not linked from any page (/blog/project/)",(sitemap)
https://pandaexteriors.com/blog/project/panda-ext-10108-5/,"listed only in the sitemap, not linked from any page (/blog/project/)",(sitemap)
https://pandaexteriors.com/blog/project/panda-ext-10108/,"listed only in the sitemap, not linked from any page (/blog/project/)",(sitemap)
https://pandaexteriors.com/blog/project/panda-ext-10109/,"listed only in the sitemap, not linked from any page (/blog/project/)",(sitemap)
https://pandaexteriors.com/blog/project/panda-ext-10113-2/,"listed only in the sitemap, not linked from any page (/blog/project/)",(sitemap)
https://pandaexteriors.com/blog/project/panda-ext-10113-3/,"listed only in the sitemap, not linked from any page (/blog/project/)",(sitemap)
https://pandaexteriors.com/blog/project/panda-ext-10113-4/,"listed only in the sitemap, not linked from any page (/blog/project/)",(sitemap)
https://pandaexteriors.com/blog/project/panda-ext-10113-5/,"listed only in the sitemap, not linked from any page (/blog/project/)",(sitemap)
https://pandaexteriors.com/blog/project/panda-ext-10113-6/,"listed only in the sitemap, not linked from any page (/blog/project/)",(sitemap)
https://pandaexteriors.com/blog/project/panda-ext-10113-7/,"listed only in the sitemap, not linked from any page (/blog/project/)",(sitemap)
https://pandaexteriors.com/blog/project/panda-ext-10113/,"listed only in the sitemap, not linked from any page (/blog/project/)",(sitemap)
https://pandaexteriors.com/blog/project/panda-ext-10114/,"listed only in the sitemap, not linked from any page (/blog/project/)",(sitemap)
https://pandaexteriors.com/blog/project/panda-ext-10115/,"listed only in the sitemap, not linked from any page (/blog/project/)",(sitemap)
https://pandaexteriors.com/blog/project/panda-ext-10116/,"listed only in the sitemap, not linked from any page (/blog/project/)",(sitemap)
https://pandaexteriors.com/blog/project/panda-ext-10117/,"listed only in the sitemap, not linked from any page (/blog/project/)",(sitemap)
https://pandaexteriors.com/blog/project/panda-ext-10118/,"listed only in the sitemap, not linked from any page (/blog/project/)",(sitemap)
https://pandaexteriors.com/blog/project/panda-ext-10119/,"listed only in the sitemap, not linked from any page (/blog/project/)",(sitemap)
https://pandaexteriors.com/blog/project/panda-ext-10123/,"listed only in the sitemap, not linked from any page (/blog/project/)",(sitemap)
https://pandaexteriors.com/blog/project/panda-ext-10124/,"listed only in the sitemap, not linked from any page (/blog/project/)",(sitemap)
https://pandaexteriors.com/blog/project/panda-ext-10126/,"listed only in the sitemap, not linked from any page (/blog/project/)",(sitemap)
https://pandaexteriors.com/blog/project/panda-ext-10130/,"listed only in the sitemap, not linked from any page (/blog/project/)",(sitemap)
https://pandaexteriors.com/blog/project/panda-ext-10131/,"listed only in the sitemap, not linked from any page (/blog/project/)",(sitemap)
https://pandaexteriors.com/blog/project/panda-ext-10133/,"listed only in the sitemap, not linked from any page (/blog/project/)",(sitemap)
https://pandaexteriors.com/blog/project/panda-ext-10137/,"listed only in the sitemap, not linked from any page (/blog/project/)",(sitemap)
https://pandaexteriors.com/blog/project/panda-ext-10138/,"listed only in the sitemap, not linked from any page (/blog/project/)",(sitemap)
https://pandaexteriors.com/blog/project/panda-ext-10140/,"listed only in the sitemap, not linked from any page (/blog/project/)",(sitemap)
https://pandaexteriors.com/blog/project/panda-ext-10142/,"listed only in the sitemap, not linked from any page (/blog/project/)",(sitemap)
https://pandaexteriors.com/blog/project/panda-ext-10143/,"listed only in the sitemap, not linked from any page (/blog/project/)",(sitemap)
https://pandaexteriors.com/blog/project/panda-ext-10145/,"listed only in the sitemap, not linked from any page (/blog/project/)",(sitemap)
https://pandaexteriors.com/blog/project/panda-ext-10148/,"listed only in the sitemap, not linked from any page (/blog/project/)",(sitemap)
https://pandaexteriors.com/blog/project/panda-ext-10149/,"listed only in the sitemap, not linked from any page (/blog/project/)",(sitemap)
https://pandaexteriors.com/blog/project/panda-ext-10150/,"listed only in the sitemap, not linked from any page (/blog/project/)",(sitemap)
https://pandaexteriors.com/blog/project/panda-ext-10151/,"listed only in the sitemap, not linked from any page (/blog/project/)",(sitemap)
https://pandaexteriors.com/blog/project/panda-ext-10152/,"listed only in the sitemap, not linked from any page (/blog/project/)",(sitemap)
https://pandaexteriors.com/blog/project/panda-ext-10153/,"listed only in the sitemap, not linked from any page (/blog/project/)",(sitemap)
https://pandaexteriors.com/blog/project/panda-ext-10156/,"listed only in the sitemap, not linked from any page (/blog/project/)",(sitemap)
https://pandaexteriors.com/blog/project/panda-ext-10157/,"listed only in the sitemap, not linked from any page (/blog/project/)",(sitemap)
https://pandaexteriors.com/blog/project/panda-ext-10158/,"listed only in the sitemap, not linked from any page (/blog/project/)",(sitemap)
https://pandaexteriors.com/blog/project/panda-ext-10162/,"listed only in the sitemap, not linked from any page (/blog/project/)",(sitemap)
https://pandaexteriors.com/blog/project/panda-ext-10165/,"listed only in the sitemap, not linked from any page (/blog/project/)",(sitemap)
https://pandaexteriors.com/blog/project/panda-ext-10166/,"listed only in the sitemap, not linked from any page (/blog/project/)",(sitemap)
https://pandaexteriors.com/blog/project/panda-ext-10168/,"listed only in the sitemap, not linked from any page (/blog/project/)",(sitemap)
https://pandaexteriors.com/blog/project/panda-ext-10169/,"listed only in the sitemap, not linked from any page (/blog/project/)",(sitemap)
https://pandaexteriors.com/blog/project/panda-ext-10171/,"listed only in the sitemap, not linked from any page (/blog/project/)",(sitemap)
https://pandaexteriors.com/blog/project/panda-ext-10173/,"listed only in the sitemap, not linked from any page (/blog/project/)",(sitemap)
https://pandaexteriors.com/blog/project/panda-ext-10174/,"listed only in the sitemap, not linked from any page (/blog/project/)",(sitemap)
https://pandaexteriors.com/blog/project/panda-ext-10175/,"listed only in the sitemap, not linked from any page (/blog/project/)",(sitemap)
https://pandaexteriors.com/blog/project/panda-ext-10176/,"listed only in the sitemap, not linked from any page (/blog/project/)",(sitemap)
https://pandaexteriors.com/blog/project/panda-ext-10177/,"listed only in the sitemap, not linked from any page (/blog/project/)",(sitemap)
https://pandaexteriors.com/blog/project/panda-ext-10178/,"listed only in the sitemap, not linked from any page (/blog/project/)",(sitemap)
https://pandaexteriors.com/blog/project/panda-ext-10181/,"listed only in the sitemap, not linked from any page (/blog/project/)",(sitemap)
https://pandaexteriors.com/blog/project/panda-ext-10182/,"listed only in the sitemap, not linked from any page (/blog/project/)",(sitemap)
https://pandaexteriors.com/blog/project/panda-ext-10183/,"listed only in the sitemap, not linked from any page (/blog/project/)",(sitemap)
https://pandaexteriors.com/blog/project/panda-ext-10184/,"listed only in the sitemap, not linked from any page (/blog/project/)",(sitemap)
https://pandaexteriors.com/blog/project/panda-ext-10185/,"listed only in the sitemap, not linked from any page (/blog/project/)",(sitemap)
https://pandaexteriors.com/blog/project/panda-ext-10186/,"listed only in the sitemap, not linked from any page (/blog/project/)",(sitemap)
https://pandaexteriors.com/blog/project/panda-ext-10187/,"listed only in the sitemap, not linked from any page (/blog/project/)",(sitemap)
https://pandaexteriors.com/blog/project/panda-ext-10189/,"listed only in the sitemap, not linked from any page (/blog/project/)",(sitemap)
https://pandaexteriors.com/blog/project/panda-ext-10190/,"listed only in the sitemap, not linked from any page (/blog/project/)",(sitemap)
https://pandaexteriors.com/blog/project/panda-ext-10192/,"listed only in the sitemap, not linked from any page (/blog/project/)",(sitemap)
https://pandaexteriors.com/blog/project/panda-ext-10193/,"listed only in the sitemap, not linked from any page (/blog/project/)",(sitemap)
https://pandaexteriors.com/blog/project/panda-ext-10195/,"listed only in the sitemap, not linked from any page (/blog/project/)",(sitemap)
https://pandaexteriors.com/blog/project/panda-ext-10196/,"listed only in the sitemap, not linked from any page (/blog/project/)",(sitemap)
https://pandaexteriors.com/blog/project/panda-ext-10200/,"listed only in the sitemap, not linked from any page (/blog/project/)",(sitemap)
https://pandaexteriors.com/blog/project/panda-ext-10201-2/,"listed only in the sitemap, not linked from any page (/blog/project/)",(sitemap)
https://pandaexteriors.com/blog/project/panda-ext-10201-3/,"listed only in the sitemap, not linked from any page (/blog/project/)",(sitemap)
https://pandaexteriors.com/blog/project/panda-ext-10201-4/,"listed only in the sitemap, not linked from any page (/blog/project/)",(sitemap)
https://pandaexteriors.com/blog/project/panda-ext-10201-5/,"listed only in the sitemap, not linked from any page (/blog/project/)",(sitemap)
https://pandaexteriors.com/blog/project/panda-ext-10201-6/,"listed only in the sitemap, not linked from any page (/blog/project/)",(sitemap)
https://pandaexteriors.com/blog/project/panda-ext-10201-7/,"listed only in the sitemap, not linked from any page (/blog/project/)",(sitemap)
https://pandaexteriors.com/blog/project/panda-ext-10201-8/,"listed only in the sitemap, not linked from any page (/blog/project/)",(sitemap)
https://pandaexteriors.com/blog/project/panda-ext-10201/,"listed only in the sitemap, not linked from any page (/blog/project/)",(sitemap)
https://pandaexteriors.com/blog/project/panda-ext-10204/,"listed only in the sitemap, not linked from any page (/blog/project/)",(sitemap)
https://pandaexteriors.com/blog/project/panda-ext-10205/,"listed only in the sitemap, not linked from any page (/blog/project/)",(sitemap)
https://pandaexteriors.com/blog/project/panda-ext-10207/,"listed only in the sitemap, not linked from any page (/blog/project/)",(sitemap)
https://pandaexteriors.com/blog/project/panda-ext-10210/,"listed only in the sitemap, not linked from any page (/blog/project/)",(sitemap)
https://pandaexteriors.com/blog/project/panda-ext-10217/,"listed only in the sitemap, not linked from any page (/blog/project/)",(sitemap)
https://pandaexteriors.com/blog/project/panda-ext-10221/,"listed only in the sitemap, not linked from any page (/blog/project/)",(sitemap)
https://pandaexteriors.com/blog/project/panda-ext-10222/,"listed only in the sitemap, not linked from any page (/blog/project/)",(sitemap)
https://pandaexteriors.com/blog/project/panda-ext-10223/,"listed only in the sitemap, not linked from any page (/blog/project/)",(sitemap)
https://pandaexteriors.com/blog/project/panda-ext-10224/,"listed only in the sitemap, not linked from any page (/blog/project/)",(sitemap)
https://pandaexteriors.com/blog/project/panda-ext-10225/,"listed only in the sitemap, not linked from any page (/blog/project/)",(sitemap)
https://pandaexteriors.com/blog/project/panda-ext-10228/,"listed only in the sitemap, not linked from any page (/blog/project/)",(sitemap)
https://pandaexteriors.com/blog/project/panda-ext-10230/,"listed only in the sitemap, not linked from any page (/blog/project/)",(sitemap)
https://pandaexteriors.com/blog/project/panda-ext-10231-2/,"listed only in the sitemap, not linked from any page (/blog/project/)",(sitemap)
https://pandaexteriors.com/blog/project/panda-ext-10231-3/,"listed only in the sitemap, not linked from any page (/blog/project/)",(sitemap)
https://pandaexteriors.com/blog/project/panda-ext-10231-4/,"listed only in the sitemap, not linked from any page (/blog/project/)",(sitemap)
https://pandaexteriors.com/blog/project/panda-ext-10231-5/,"listed only in the sitemap, not linked from any page (/blog/project/)",(sitemap)
https://pandaexteriors.com/blog/project/panda-ext-10231/,"listed only in the sitemap, not linked from any page (/blog/project/)",(sitemap)
https://pandaexteriors.com/blog/project/panda-ext-10232/,"listed only in the sitemap, not linked from any page (/blog/project/)",(sitemap)
https://pandaexteriors.com/blog/project/panda-ext-10233/,"listed only in the sitemap, not linked from any page (/blog/project/)",(sitemap)
https://pandaexteriors.com/blog/project/panda-ext-10234/,"listed only in the sitemap, not linked from any page (/blog/project/)",(sitemap)
https://pandaexteriors.com/blog/project/panda-ext-10236/,"listed only in the sitemap, not linked from any page (/blog/project/)",(sitemap)
https://pandaexteriors.com/blog/project/panda-ext-10237/,"listed only in the sitemap, not linked from any page (/blog/project/)",(sitemap)
https://pandaexteriors.com/blog/project/panda-ext-10238/,"listed only in the sitemap, not linked from any page (/blog/project/)",(sitemap)
https://pandaexteriors.com/blog/project/panda-ext-10241/,"listed only in the sitemap, not linked from any page (/blog/project/)",(sitemap)
https://pandaexteriors.com/blog/project/panda-ext-10243/,"listed only in the sitemap, not linked from any page (/blog/project/)",(sitemap)
https://pandaexteriors.com/blog/project/panda-ext-10244/,"listed only in the sitemap, not linked from any page (/blog/project/)",(sitemap)
https://pandaexteriors.com/blog/project/panda-ext-10245/,"listed only in the sitemap, not linked from any page (/blog/project/)",(sitemap)
https://pandaexteriors.com/blog/project/panda-ext-10247/,"listed only in the sitemap, not linked from any page (/blog/project/)",(sitemap)
https://pandaexteriors.com/blog/project/panda-ext-10249/,"listed only in the sitemap, not linked from any page (/blog/project/)",(sitemap)
https://pandaexteriors.com/blog/project/panda-ext-10250/,"listed only in the sitemap, not linked from any page (/blog/project/)",(sitemap)
https://pandaexteriors.com/blog/project/panda-ext-10255/,"listed only in the sitemap, not linked from any page (/blog/project/)",(sitemap)
https://pandaexteriors.com/blog/project/panda-ext-10263/,"listed only in the sitemap, not linked from any page (/blog/project/)",(sitemap)
https://pandaexteriors.com/blog/project/panda-ext-10265/,"listed only in the sitemap, not linked from any page (/blog/project/)",(sitemap)
https://pandaexteriors.com/blog/project/panda-ext-10266-2/,"listed only in the sitemap, not linked from any page (/blog/project/)",(sitemap)
https://pandaexteriors.com/blog/project/panda-ext-10266-3/,"listed only in the sitemap, not linked from any page (/blog/project/)",(sitemap)
https://pandaexteriors.com/blog/project/panda-ext-10266-4/,"listed only in the sitemap, not linked from any page (/blog/project/)",(sitemap)
https://pandaexteriors.com/blog/project/panda-ext-10266-5/,"listed only in the sitemap, not linked from any page (/blog/project/)",(sitemap)
https://pandaexteriors.com/blog/project/panda-ext-10266-6/,"listed only in the sitemap, not linked from any page (/blog/project/)",(sitemap)
https://pandaexteriors.com/blog/project/panda-ext-10266-7/,"listed only in the sitemap, not linked from any page (/blog/project/)",(sitemap)
https://pandaexteriors.com/blog/project/panda-ext-10266/,"listed only in the sitemap, not linked from any page (/blog/project/)",(sitemap)
https://pandaexteriors.com/blog/project/panda-ext-10269/,"listed only in the sitemap, not linked from any page (/blog/project/)",(sitemap)
https://pandaexteriors.com/blog/project/panda-ext-10270/,"listed only in the sitemap, not linked from any page (/blog/project/)",(sitemap)
https://pandaexteriors.com/blog/project/panda-ext-10271/,"listed only in the sitemap, not linked from any page (/blog/project/)",(sitemap)
https://pandaexteriors.com/blog/project/panda-ext-10272/,"listed only in the sitemap, not linked from any page (/blog/project/)",(sitemap)
https://pandaexteriors.com/blog/project/panda-ext-10273/,"listed only in the sitemap, not linked from any page (/blog/project/)",(sitemap)
https://pandaexteriors.com/blog/project/panda-ext-10274/,"listed only in the sitemap, not linked from any page (/blog/project/)",(sitemap)
https://pandaexteriors.com/blog/project/panda-ext-10275/,"listed only in the sitemap, not linked from any page (/blog/project/)",(sitemap)
https://pandaexteriors.com/blog/project/panda-ext-10277-2/,"listed only in the sitemap, not linked from any page (/blog/project/)",(sitemap)
https://pandaexteriors.com/blog/project/panda-ext-10277-3/,"listed only in the sitemap, not linked from any page (/blog/project/)",(sitemap)
https://pandaexteriors.com/blog/project/panda-ext-10277-4/,"listed only in the sitemap, not linked from any page (/blog/project/)",(sitemap)
https://pandaexteriors.com/blog/project/panda-ext-10277-5/,"listed only in the sitemap, not linked from any page (/blog/project/)",(sitemap)
https://pandaexteriors.com/blog/project/panda-ext-10277-6/,"listed only in the sitemap, not linked from any page (/blog/project/)",(sitemap)
https://pandaexteriors.com/blog/project/panda-ext-10277-7/,"listed only in the sitemap, not linked from any page (/blog/project/)",(sitemap)
https://pandaexteriors.com/blog/project/panda-ext-10277/,"listed only in the sitemap, not linked from any page (/blog/project/)",(sitemap)
https://pandaexteriors.com/blog/project/panda-ext-10278/,"listed only in the sitemap, not linked from any page (/blog/project/)",(sitemap)
https://pandaexteriors.com/blog/project/panda-ext-10279/,"listed only in the sitemap, not linked from any page (/blog/project/)",(sitemap)
https://pandaexteriors.com/blog/project/panda-ext-10280/,"listed only in the sitemap, not linked from any page (/blog/project/)",(sitemap)
https://pandaexteriors.com/blog/project/panda-ext-10283/,"listed only in the sitemap, not linked from any page (/blog/project/)",(sitemap)
https://pandaexteriors.com/blog/project/panda-ext-10286/,"listed only in the sitemap, not linked from any page (/blog/project/)",(sitemap)
https://pandaexteriors.com/blog/project/panda-ext-10288/,"listed only in the sitemap, not linked from any page (/blog/project/)",(sitemap)
https://pandaexteriors.com/blog/project/panda-ext-10291/,"listed only in the sitemap, not linked from any page (/blog/project/)",(sitemap)
https://pandaexteriors.com/blog/project/panda-ext-10296/,"listed only in the sitemap, not linked from any page (/blog/project/)",(sitemap)
https://pandaexteriors.com/blog/project/panda-ext-10301/,"listed only in the sitemap, not linked from any page (/blog/project/)",(sitemap)
https://pandaexteriors.com/blog/project/panda-ext-10302/,"listed only in the sitemap, not linked from any page (/blog/project/)",(sitemap)
https://pandaexteriors.com/blog/project/panda-ext-10305/,"listed only in the sitemap, not linked from any page (/blog/project/)",(sitemap)
https://pandaexteriors.com/blog/project/panda-ext-10307/,"listed only in the sitemap, not linked from any page (/blog/project/)",(sitemap)
https://pandaexteriors.com/blog/project/panda-ext-10310/,"listed only in the sitemap, not linked from any page (/blog/project/)",(sitemap)
https://pandaexteriors.com/blog/project/panda-ext-10312/,"listed only in the sitemap, not linked from any page (/blog/project/)",(sitemap)
https://pandaexteriors.com/blog/project/panda-ext-10314/,"listed only in the sitemap, not linked from any page (/blog/project/)",(sitemap)
https://pandaexteriors.com/blog/project/panda-ext-10317/,"listed only in the sitemap, not linked from any page (/blog/project/)",(sitemap)
https://pandaexteriors.com/blog/project/panda-ext-10322/,"listed only in the sitemap, not linked from any page (/blog/project/)",(sitemap)
https://pandaexteriors.com/blog/project/panda-ext-10323/,"listed only in the sitemap, not linked from any page (/blog/project/)",(sitemap)
https://pandaexteriors.com/blog/project/panda-ext-10324/,"listed only in the sitemap, not linked from any page (/blog/project/)",(sitemap)
https://pandaexteriors.com/blog/project/panda-ext-10327-2/,"listed only in the sitemap, not linked from any page (/blog/project/)",(sitemap)
https://pandaexteriors.com/blog/project/panda-ext-10327-3/,"listed only in the sitemap, not linked from any page (/blog/project/)",(sitemap)
https://pandaexteriors.com/blog/project/panda-ext-10327-4/,"listed only in the sitemap, not linked from any page (/blog/project/)",(sitemap)
https://pandaexteriors.com/blog/project/panda-ext-10327-5/,"listed only in the sitemap, not linked from any page (/blog/project/)",(sitemap)
https://pandaexteriors.com/blog/project/panda-ext-10327-6/,"listed only in the sitemap, not linked from any page (/blog/project/)",(sitemap)
https://pandaexteriors.com/blog/project/panda-ext-10327-7/,"listed only in the sitemap, not linked from any page (/blog/project/)",(sitemap)
https://pandaexteriors.com/blog/project/panda-ext-10327-8/,"listed only in the sitemap, not linked from any page (/blog/project/)",(sitemap)
https://pandaexteriors.com/blog/project/panda-ext-10327/,"listed only in the sitemap, not linked from any page (/blog/project/)",(sitemap)
https://pandaexteriors.com/blog/project/panda-ext-10328/,"listed only in the sitemap, not linked from any page (/blog/project/)",(sitemap)
https://pandaexteriors.com/blog/project/panda-ext-10329-2/,"listed only in the sitemap, not linked from any page (/blog/project/)",(sitemap)
https://pandaexteriors.com/blog/project/panda-ext-10329-3/,"listed only in the sitemap, not linked from any page (/blog/project/)",(sitemap)
https://pandaexteriors.com/blog/project/panda-ext-10329-4/,"listed only in the sitemap, not linked from any page (/blog/project/)",(sitemap)
https://pandaexteriors.com/blog/project/panda-ext-10329-5/,"listed only in the sitemap, not linked from any page (/blog/project/)",(sitemap)
https://pandaexteriors.com/blog/project/panda-ext-10329-6/,"listed only in the sitemap, not linked from any page (/blog/project/)",(sitemap)
https://pandaexteriors.com/blog/project/panda-ext-10329-7/,"listed only in the sitemap, not linked from any page (/blog/project/)",(sitemap)
https://pandaexteriors.com/blog/project/panda-ext-10329/,"listed only in the sitemap, not linked from any page (/blog/project/)",(sitemap)
https://pandaexteriors.com/blog/project/panda-ext-10331-2/,"listed only in the sitemap, not linked from any page (/blog/project/)",(sitemap)
https://pandaexteriors.com/blog/project/panda-ext-10331-3/,"listed only in the sitemap, not linked from any page (/blog/project/)",(sitemap)
https://pandaexteriors.com/blog/project/panda-ext-10331-4/,"listed only in the sitemap, not linked from any page (/blog/project/)",(sitemap)
https://pandaexteriors.com/blog/project/panda-ext-10331-5/,"listed only in the sitemap, not linked from any page (/blog/project/)",(sitemap)
https://pandaexteriors.com/blog/project/panda-ext-10331-6/,"listed only in the sitemap, not linked from any page (/blog/project/)",(sitemap)
https://pandaexteriors.com/blog/project/panda-ext-10331-7/,"listed only in the sitemap, not linked from any page (/blog/project/)",(sitemap)
https://pandaexteriors.com/blog/project/panda-ext-10331/,"listed only in the sitemap, not linked from any page (/blog/project/)",(sitemap)
https://pandaexteriors.com/blog/project/panda-ext-10332/,"listed only in the sitemap, not linked from any page (/blog/project/)",(sitemap)
https://pandaexteriors.com/blog/project/panda-ext-10335/,"listed only in the sitemap, not linked from any page (/blog/project/)",(sitemap)
https://pandaexteriors.com/blog/project/panda-ext-10342/,"listed only in the sitemap, not linked from any page (/blog/project/)",(sitemap)
https://pandaexteriors.com/blog/project/panda-ext-10343/,"listed only in the sitemap, not linked from any page (/blog/project/)",(sitemap)
https://pandaexteriors.com/blog/project/panda-ext-10344/,"listed only in the sitemap, not linked from any page (/blog/project/)",(sitemap)
https://pandaexteriors.com/blog/project/panda-ext-10349/,"listed only in the sitemap, not linked from any page (/blog/project/)",(sitemap)
https://pandaexteriors.com/blog/project/panda-ext-10352/,"listed only in the sitemap, not linked from any page (/blog/project/)",(sitemap)
https://pandaexteriors.com/blog/project/panda-ext-10353/,"listed only in the sitemap, not linked from any page (/blog/project/)",(sitemap)
https://pandaexteriors.com/blog/project/panda-ext-10354/,"listed only in the sitemap, not linked from any page (/blog/project/)",(sitemap)
https://pandaexteriors.com/blog/project/panda-ext-10356/,"listed only in the sitemap, not linked from any page (/blog/project/)",(sitemap)
https://pandaexteriors.com/blog/project/panda-ext-10357/,"listed only in the sitemap, not linked from any page (/blog/project/)",(sitemap)
https://pandaexteriors.com/blog/project/panda-ext-10359/,"listed only in the sitemap, not linked from any page (/blog/project/)",(sitemap)
https://pandaexteriors.com/blog/project/panda-ext-10361/,"listed only in the sitemap, not linked from any page (/blog/project/)",(sitemap)
https://pandaexteriors.com/blog/project/panda-ext-10362/,"listed only in the sitemap, not linked from any page (/blog/project/)",(sitemap)
https://pandaexteriors.com/blog/project/panda-ext-10363/,"listed only in the sitemap, not linked from any page (/blog/project/)",(sitemap)
https://pandaexteriors.com/blog/project/panda-ext-10369/,"listed only in the sitemap, not linked from any page (/blog/project/)",(sitemap)
https://pandaexteriors.com/blog/project/panda-ext-10370/,"listed only in the sitemap, not linked from any page (/blog/project/)",(sitemap)
https://pandaexteriors.com/blog/project/panda-ext-10371/,"listed only in the sitemap, not linked from any page (/blog/project/)",(sitemap)
https://pandaexteriors.com/blog/project/panda-ext-10372/,"listed only in the sitemap, not linked from any page (/blog/project/)",(sitemap)
https://pandaexteriors.com/blog/project/panda-ext-10374/,"listed only in the sitemap, not linked from any page (/blog/project/)",(sitemap)
https://pandaexteriors.com/blog/project/panda-ext-10375/,"listed only in the sitemap, not linked from any page (/blog/project/)",(sitemap)
https://pandaexteriors.com/blog/project/panda-ext-10376/,"listed only in the sitemap, not linked from any page (/blog/project/)",(sitemap)
https://pandaexteriors.com/blog/project/panda-ext-10380/,"listed only in the sitemap, not linked from any page (/blog/project/)",(sitemap)
https://pandaexteriors.com/blog/project/panda-ext-10381/,"listed only in the sitemap, not linked from any page (/blog/project/)",(sitemap)
https://pandaexteriors.com/blog/project/panda-ext-10384-2/,"listed only in the sitemap, not linked from any page (/blog/project/)",(sitemap)
https://pandaexteriors.com/blog/project/panda-ext-10384-3/,"listed only in the sitemap, not linked from any page (/blog/project/)",(sitemap)
https://pandaexteriors.com/blog/project/panda-ext-10384-4/,"listed only in the sitemap, not linked from any page (/blog/project/)",(sitemap)
https://pandaexteriors.com/blog/project/panda-ext-10384-5/,"listed only in the sitemap, not linked from any page (/blog/project/)",(sitemap)
https://pandaexteriors.com/blog/project/panda-ext-10384-6/,"listed only in the sitemap, not linked from any page (/blog/project/)",(sitemap)
https://pandaexteriors.com/blog/project/panda-ext-10384-7/,"listed only in the sitemap, not linked from any page (/blog/project/)",(sitemap)
https://pandaexteriors.com/blog/project/panda-ext-10384/,"listed only in the sitemap, not linked from any page (/blog/project/)",(sitemap)
https://pandaexteriors.com/blog/project/panda-ext-10386/,"listed only in the sitemap, not linked from any page (/blog/project/)",(sitemap)
https://pandaexteriors.com/blog/project/panda-ext-10387/,"listed only in the sitemap, not linked from any page (/blog/project/)",(sitemap)
https://pandaexteriors.com/blog/project/panda-ext-10388/,"listed only in the sitemap, not linked from any page (/blog/project/)",(sitemap)
https://pandaexteriors.com/blog/project/panda-ext-10389/,"listed only in the sitemap, not linked from any page (/blog/project/)",(sitemap)
https://pandaexteriors.com/blog/project/panda-ext-10390/,"listed only in the sitemap, not linked from any page (/blog/project/)",(sitemap)
https://pandaexteriors.com/blog/project/panda-ext-10391/,"listed only in the sitemap, not linked from any page (/blog/project/)",(sitemap)
https://pandaexteriors.com/blog/project/panda-ext-10392/,"listed only in the sitemap, not linked from any page (/blog/project/)",(sitemap)
https://pandaexteriors.com/blog/project/panda-ext-10397/,"listed only in the sitemap, not linked from any page (/blog/project/)",(sitemap)
https://pandaexteriors.com/blog/project/panda-ext-10402/,"listed only in the sitemap, not linked from any page (/blog/project/)",(sitemap)
https://pandaexteriors.com/blog/project/panda-ext-10408/,"listed only in the sitemap, not linked from any page (/blog/project/)",(sitemap)
https://pandaexteriors.com/blog/project/panda-ext-10409/,"listed only in the sitemap, not linked from any page (/blog/project/)",(sitemap)
https://pandaexteriors.com/blog/project/panda-ext-10410/,"listed only in the sitemap, not linked from any page (/blog/project/)",(sitemap)
https://pandaexteriors.com/blog/project/panda-ext-10418/,"listed only in the sitemap, not linked from any page (/blog/project/)",(sitemap)
https://pandaexteriors.com/blog/project/panda-ext-10419/,"listed only in the sitemap, not linked from any page (/blog/project/)",(sitemap)
https://pandaexteriors.com/blog/project/panda-ext-10420/,"listed only in the sitemap, not linked from any page (/blog/project/)",(sitemap)
https://pandaexteriors.com/blog/project/panda-ext-10421/,"listed only in the sitemap, not linked from any page (/blog/project/)",(sitemap)
https://pandaexteriors.com/blog/project/panda-ext-10423/,"listed only in the sitemap, not linked from any page (/blog/project/)",(sitemap)
https://pandaexteriors.com/blog/project/panda-ext-10424/,"listed only in the sitemap, not linked from any page (/blog/project/)",(sitemap)
https://pandaexteriors.com/blog/project/panda-ext-10428/,"listed only in the sitemap, not linked from any page (/blog/project/)",(sitemap)
https://pandaexteriors.com/blog/project/panda-ext-10430/,"listed only in the sitemap, not linked from any page (/blog/project/)",(sitemap)
https://pandaexteriors.com/blog/project/panda-ext-10432/,"listed only in the sitemap, not linked from any page (/blog/project/)",(sitemap)
https://pandaexteriors.com/blog/project/panda-ext-10433/,"listed only in the sitemap, not linked from any page (/blog/project/)",(sitemap)
https://pandaexteriors.com/blog/project/panda-ext-10436/,"listed only in the sitemap, not linked from any page (/blog/project/)",(sitemap)
https://pandaexteriors.com/blog/project/panda-ext-10438/,"listed only in the sitemap, not linked from any page (/blog/project/)",(sitemap)
https://pandaexteriors.com/blog/project/panda-ext-10439/,"listed only in the sitemap, not linked from any page (/blog/project/)",(sitemap)
https://pandaexteriors.com/blog/project/panda-ext-10440/,"listed only in the sitemap, not linked from any page (/blog/project/)",(sitemap)
https://pandaexteriors.com/blog/project/panda-ext-10442/,"listed only in the sitemap, not linked from any page (/blog/project/)",(sitemap)
https://pandaexteriors.com/blog/project/panda-ext-10443/,"listed only in the sitemap, not linked from any page (/blog/project/)",(sitemap)
https://pandaexteriors.com/blog/project/panda-ext-10445/,"listed only in the sitemap, not linked from any page (/blog/project/)",(sitemap)
https://pandaexteriors.com/blog/project/panda-ext-10446/,"listed only in the sitemap, not linked from any page (/blog/project/)",(sitemap)
https://pandaexteriors.com/blog/project/panda-ext-10447/,"listed only in the sitemap, not linked from any page (/blog/project/)",(sitemap)
https://pandaexteriors.com/blog/project/panda-ext-10452/,"listed only in the sitemap, not linked from any page (/blog/project/)",(sitemap)
https://pandaexteriors.com/blog/project/panda-ext-10453/,"listed only in the sitemap, not linked from any page (/blog/project/)",(sitemap)
https://pandaexteriors.com/blog/project/panda-ext-10454/,"listed only in the sitemap, not linked from any page (/blog/project/)",(sitemap)
https://pandaexteriors.com/blog/project/panda-ext-10455/,"listed only in the sitemap, not linked from any page (/blog/project/)",(sitemap)
https://pandaexteriors.com/blog/project/panda-ext-10458/,"listed only in the sitemap, not linked from any page (/blog/project/)",(sitemap)
https://pandaexteriors.com/blog/project/panda-ext-10459/,"listed only in the sitemap, not linked from any page (/blog/project/)",(sitemap)
https://pandaexteriors.com/blog/project/panda-ext-10460/,"listed only in the sitemap, not linked from any page (/blog/project/)",(sitemap)
https://pandaexteriors.com/blog/project/panda-ext-10461/,"listed only in the sitemap, not linked from any page (/blog/project/)",(sitemap)
https://pandaexteriors.com/blog/project/panda-ext-10464/,"listed only in the sitemap, not linked from any page (/blog/project/)",(sitemap)
https://pandaexteriors.com/blog/project/panda-ext-10465/,"listed only in the sitemap, not linked from any page (/blog/project/)",(sitemap)
https://pandaexteriors.com/blog/project/panda-ext-10466/,"listed only in the sitemap, not linked from any page (/blog/project/)",(sitemap)
https://pandaexteriors.com/blog/project/panda-ext-10469/,"listed only in the sitemap, not linked from any page (/blog/project/)",(sitemap)
https://pandaexteriors.com/blog/project/panda-ext-10470/,"listed only in the sitemap, not linked from any page (/blog/project/)",(sitemap)
https://pandaexteriors.com/blog/project/panda-ext-10471/,"listed only in the sitemap, not linked from any page (/blog/project/)",(sitemap)
https://pandaexteriors.com/blog/project/panda-ext-10472/,"listed only in the sitemap, not linked from any page (/blog/project/)",(sitemap)
https://pandaexteriors.com/blog/project/panda-ext-10476/,"listed only in the sitemap, not linked from any page (/blog/project/)",(sitemap)
https://pandaexteriors.com/blog/project/panda-ext-10478/,"listed only in the sitemap, not linked from any page (/blog/project/)",(sitemap)
https://pandaexteriors.com/blog/project/panda-ext-10480/,"listed only in the sitemap, not linked from any page (/blog/project/)",(sitemap)
https://pandaexteriors.com/blog/project/panda-ext-10482/,"listed only in the sitemap, not linked from any page (/blog/project/)",(sitemap)
https://pandaexteriors.com/blog/project/panda-ext-10483/,"listed only in the sitemap, not linked from any page (/blog/project/)",(sitemap)
https://pandaexteriors.com/blog/project/panda-ext-10484/,"listed only in the sitemap, not linked from any page (/blog/project/)",(sitemap)
https://pandaexteriors.com/blog/project/panda-ext-10485-2/,"listed only in the sitemap, not linked from any page (/blog/project/)",(sitemap)
https://pandaexteriors.com/blog/project/panda-ext-10485-3/,"listed only in the sitemap, not linked from any page (/blog/project/)",(sitemap)
https://pandaexteriors.com/blog/project/panda-ext-10485-4/,"listed only in the sitemap, not linked from any page (/blog/project/)",(sitemap)
https://pandaexteriors.com/blog/project/panda-ext-10485-5/,"listed only in the sitemap, not linked from any page (/blog/project/)",(sitemap)
https://pandaexteriors.com/blog/project/panda-ext-10485/,"listed only in the sitemap, not linked from any page (/blog/project/)",(sitemap)
https://pandaexteriors.com/blog/project/panda-ext-10486/,"listed only in the sitemap, not linked from any page (/blog/project/)",(sitemap)
https://pandaexteriors.com/blog/project/panda-ext-10487/,"listed only in the sitemap, not linked from any page (/blog/project/)",(sitemap)
https://pandaexteriors.com/blog/project/panda-ext-10489/,"listed only in the sitemap, not linked from any page (/blog/project/)",(sitemap)
https://pandaexteriors.com/blog/project/panda-ext-10491/,"listed only in the sitemap, not linked from any page (/blog/project/)",(sitemap)
https://pandaexteriors.com/blog/project/panda-ext-10492/,"listed only in the sitemap, not linked from any page (/blog/project/)",(sitemap)
https://pandaexteriors.com/blog/project/panda-ext-10495/,"listed only in the sitemap, not linked from any page (/blog/project/)",(sitemap)
https://pandaexteriors.com/blog/project/panda-ext-10496/,"listed only in the sitemap, not linked from any page (/blog/project/)",(sitemap)
https://pandaexteriors.com/blog/project/panda-ext-10498/,"listed only in the sitemap, not linked from any page (/blog/project/)",(sitemap)
https://pandaexteriors.com/blog/project/panda-ext-10501-2/,"listed only in the sitemap, not linked from any page (/blog/project/)",(sitemap)
https://pandaexteriors.com/blog/project/panda-ext-10501-3/,"listed only in the sitemap, not linked from any page (/blog/project/)",(sitemap)
https://pandaexteriors.com/blog/project/panda-ext-10501-4/,"listed only in the sitemap, not linked from any page (/blog/project/)",(sitemap)
https://pandaexteriors.com/blog/project/panda-ext-10501-5/,"listed only in the sitemap, not linked from any page (/blog/project/)",(sitemap)
https://pandaexteriors.com/blog/project/panda-ext-10501-6/,"listed only in the sitemap, not linked from any page (/blog/project/)",(sitemap)
https://pandaexteriors.com/blog/project/panda-ext-10501-7/,"listed only in the sitemap, not linked from any page (/blog/project/)",(sitemap)
https://pandaexteriors.com/blog/project/panda-ext-10501/,"listed only in the sitemap, not linked from any page (/blog/project/)",(sitemap)
https://pandaexteriors.com/blog/project/panda-ext-10503/,"listed only in the sitemap, not linked from any page (/blog/project/)",(sitemap)
https://pandaexteriors.com/blog/project/panda-ext-10504-2/,"listed only in the sitemap, not linked from any page (/blog/project/)",(sitemap)
https://pandaexteriors.com/blog/project/panda-ext-10504-3/,"listed only in the sitemap, not linked from any page (/blog/project/)",(sitemap)
https://pandaexteriors.com/blog/project/panda-ext-10504-4/,"listed only in the sitemap, not linked from any page (/blog/project/)",(sitemap)
https://pandaexteriors.com/blog/project/panda-ext-10504-5/,"listed only in the sitemap, not linked from any page (/blog/project/)",(sitemap)
https://pandaexteriors.com/blog/project/panda-ext-10504/,"listed only in the sitemap, not linked from any page (/blog/project/)",(sitemap)
https://pandaexteriors.com/blog/project/panda-ext-10507/,"listed only in the sitemap, not linked from any page (/blog/project/)",(sitemap)
https://pandaexteriors.com/blog/project/panda-ext-10509/,"listed only in the sitemap, not linked from any page (/blog/project/)",(sitemap)
https://pandaexteriors.com/blog/project/panda-ext-10511/,"listed only in the sitemap, not linked from any page (/blog/project/)",(sitemap)
https://pandaexteriors.com/blog/project/panda-ext-10513/,"listed only in the sitemap, not linked from any page (/blog/project/)",(sitemap)
https://pandaexteriors.com/blog/project/panda-ext-10516-2/,"listed only in the sitemap, not linked from any page (/blog/project/)",(sitemap)
https://pandaexteriors.com/blog/project/panda-ext-10516-3/,"listed only in the sitemap, not linked from any page (/blog/project/)",(sitemap)
https://pandaexteriors.com/blog/project/panda-ext-10516-4/,"listed only in the sitemap, not linked from any page (/blog/project/)",(sitemap)
https://pandaexteriors.com/blog/project/panda-ext-10516-5/,"listed only in the sitemap, not linked from any page (/blog/project/)",(sitemap)
https://pandaexteriors.com/blog/project/panda-ext-10516/,"listed only in the sitemap, not linked from any page (/blog/project/)",(sitemap)
https://pandaexteriors.com/blog/project/panda-ext-10518/,"listed only in the sitemap, not linked from any page (/blog/project/)",(sitemap)
https://pandaexteriors.com/blog/project/panda-ext-10519/,"listed only in the sitemap, not linked from any page (/blog/project/)",(sitemap)
https://pandaexteriors.com/blog/project/panda-ext-10520/,"listed only in the sitemap, not linked from any page (/blog/project/)",(sitemap)
https://pandaexteriors.com/blog/project/panda-ext-10521/,"listed only in the sitemap, not linked from any page (/blog/project/)",(sitemap)
https://pandaexteriors.com/blog/project/panda-ext-10525/,"listed only in the sitemap, not linked from any page (/blog/project/)",(sitemap)
https://pandaexteriors.com/blog/project/panda-ext-10527/,"listed only in the sitemap, not linked from any page (/blog/project/)",(sitemap)
https://pandaexteriors.com/blog/project/panda-ext-10530-2/,"listed only in the sitemap, not linked from any page (/blog/project/)",(sitemap)
https://pandaexteriors.com/blog/project/panda-ext-10530-3/,"listed only in the sitemap, not linked from any page (/blog/project/)",(sitemap)
https://pandaexteriors.com/blog/project/panda-ext-10530-4/,"listed only in the sitemap, not linked from any page (/blog/project/)",(sitemap)
https://pandaexteriors.com/blog/project/panda-ext-10530-5/,"listed only in the sitemap, not linked from any page (/blog/project/)",(sitemap)
https://pandaexteriors.com/blog/project/panda-ext-10531/,"listed only in the sitemap, not linked from any page (/blog/project/)",(sitemap)
https://pandaexteriors.com/blog/project/panda-ext-10536/,"listed only in the sitemap, not linked from any page (/blog/project/)",(sitemap)
https://pandaexteriors.com/blog/project/panda-ext-10537/,"listed only in the sitemap, not linked from any page (/blog/project/)",(sitemap)
https://pandaexteriors.com/blog/project/panda-ext-10538-2/,"listed only in the sitemap, not linked from any page (/blog/project/)",(sitemap)
https://pandaexteriors.com/blog/project/panda-ext-10538-3/,"listed only in the sitemap, not linked from any page (/blog/project/)",(sitemap)
https://pandaexteriors.com/blog/project/panda-ext-10538-4/,"listed only in the sitemap, not linked from any page (/blog/project/)",(sitemap)
https://pandaexteriors.com/blog/project/panda-ext-10538-5/,"listed only in the sitemap, not linked from any page (/blog/project/)",(sitemap)
https://pandaexteriors.com/blog/project/panda-ext-10538/,"listed only in the sitemap, not linked from any page (/blog/project/)",(sitemap)
https://pandaexteriors.com/blog/project/panda-ext-10539/,"listed only in the sitemap, not linked from any page (/blog/project/)",(sitemap)
https://pandaexteriors.com/blog/project/panda-ext-10540/,"listed only in the sitemap, not linked from any page (/blog/project/)",(sitemap)
https://pandaexteriors.com/blog/project/panda-ext-10543/,"listed only in the sitemap, not linked from any page (/blog/project/)",(sitemap)
https://pandaexteriors.com/blog/project/panda-ext-10546/,"listed only in the sitemap, not linked from any page (/blog/project/)",(sitemap)
https://pandaexteriors.com/blog/project/panda-ext-10547/,"listed only in the sitemap, not linked from any page (/blog/project/)",(sitemap)
https://pandaexteriors.com/blog/project/panda-ext-10548-2/,"listed only in the sitemap, not linked from any page (/blog/project/)",(sitemap)
https://pandaexteriors.com/blog/project/panda-ext-10548-3/,"listed only in the sitemap, not linked from any page (/blog/project/)",(sitemap)
https://pandaexteriors.com/blog/project/panda-ext-10548-4/,"listed only in the sitemap, not linked from any page (/blog/project/)",(sitemap)
https://pandaexteriors.com/blog/project/panda-ext-10548-5/,"listed only in the sitemap, not linked from any page (/blog/project/)",(sitemap)
https://pandaexteriors.com/blog/project/panda-ext-10548/,"listed only in the sitemap, not linked from any page (/blog/project/)",(sitemap)
https://pandaexteriors.com/blog/project/panda-ext-10555/,"listed only in the sitemap, not linked from any page (/blog/project/)",(sitemap)
https://pandaexteriors.com/blog/project/panda-ext-10556/,"listed only in the sitemap, not linked from any page (/blog/project/)",(sitemap)
https://pandaexteriors.com/blog/project/panda-ext-10558-2/,"listed only in the sitemap, not linked from any page (/blog/project/)",(sitemap)
https://pandaexteriors.com/blog/project/panda-ext-10558-3/,"listed only in the sitemap, not linked from any page (/blog/project/)",(sitemap)
https://pandaexteriors.com/blog/project/panda-ext-10558-4/,"listed only in the sitemap, not linked from any page (/blog/project/)",(sitemap)
https://pandaexteriors.com/blog/project/panda-ext-10558-5/,"listed only in the sitemap, not linked from any page (/blog/project/)",(sitemap)
https://pandaexteriors.com/blog/project/panda-ext-10558-6/,"listed only in the sitemap, not linked from any page (/blog/project/)",(sitemap)
https://pandaexteriors.com/blog/project/panda-ext-10558-7/,"listed only in the sitemap, not linked from any page (/blog/project/)",(sitemap)
https://pandaexteriors.com/blog/project/panda-ext-10558-8/,"listed only in the sitemap, not linked from any page (/blog/project/)",(sitemap)
https://pandaexteriors.com/blog/project/panda-ext-10558/,"listed only in the sitemap, not linked from any page (/blog/project/)",(sitemap)
https://pandaexteriors.com/blog/project/panda-ext-10559/,"listed only in the sitemap, not linked from any page (/blog/project/)",(sitemap)
https://pandaexteriors.com/blog/project/panda-ext-10560/,"listed only in the sitemap, not linked from any page (/blog/project/)",(sitemap)
https://pandaexteriors.com/blog/project/panda-ext-10562/,"listed only in the sitemap, not linked from any page (/blog/project/)",(sitemap)
https://pandaexteriors.com/blog/project/panda-ext-10567/,"listed only in the sitemap, not linked from any page (/blog/project/)",(sitemap)
https://pandaexteriors.com/blog/project/panda-ext-10569-2/,"listed only in the sitemap, not linked from any page (/blog/project/)",(sitemap)
https://pandaexteriors.com/blog/project/panda-ext-10569-3/,"listed only in the sitemap, not linked from any page (/blog/project/)",(sitemap)
https://pandaexteriors.com/blog/project/panda-ext-10569-4/,"listed only in the sitemap, not linked from any page (/blog/project/)",(sitemap)
https://pandaexteriors.com/blog/project/panda-ext-10569-5/,"listed only in the sitemap, not linked from any page (/blog/project/)",(sitemap)
https://pandaexteriors.com/blog/project/panda-ext-10569/,"listed only in the sitemap, not linked from any page (/blog/project/)",(sitemap)
https://pandaexteriors.com/blog/project/panda-ext-10573/,"listed only in the sitemap, not linked from any page (/blog/project/)",(sitemap)
https://pandaexteriors.com/blog/project/panda-ext-10575/,"listed only in the sitemap, not linked from any page (/blog/project/)",(sitemap)
https://pandaexteriors.com/blog/project/panda-ext-10576/,"listed only in the sitemap, not linked from any page (/blog/project/)",(sitemap)
https://pandaexteriors.com/blog/project/panda-ext-10577/,"listed only in the sitemap, not linked from any page (/blog/project/)",(sitemap)
https://pandaexteriors.com/blog/project/panda-ext-10578/,"listed only in the sitemap, not linked from any page (/blog/project/)",(sitemap)
https://pandaexteriors.com/blog/project/panda-ext-10579-2/,"listed only in the sitemap, not linked from any page (/blog/project/)",(sitemap)
https://pandaexteriors.com/blog/project/panda-ext-10579-3/,"listed only in the sitemap, not linked from any page (/blog/project/)",(sitemap)
https://pandaexteriors.com/blog/project/panda-ext-10579-4/,"listed only in the sitemap, not linked from any page (/blog/project/)",(sitemap)
https://pandaexteriors.com/blog/project/panda-ext-10579-5/,"listed only in the sitemap, not linked from any page (/blog/project/)",(sitemap)
https://pandaexteriors.com/blog/project/panda-ext-10579-6/,"listed only in the sitemap, not linked from any page (/blog/project/)",(sitemap)
https://pandaexteriors.com/blog/project/panda-ext-10579-7/,"listed only in the sitemap, not linked from any page (/blog/project/)",(sitemap)
https://pandaexteriors.com/blog/project/panda-ext-10579-8/,"listed only in the sitemap, not linked from any page (/blog/project/)",(sitemap)
https://pandaexteriors.com/blog/project/panda-ext-10579/,"listed only in the sitemap, not linked from any page (/blog/project/)",(sitemap)
https://pandaexteriors.com/blog/project/panda-ext-10580/,"listed only in the sitemap, not linked from any page (/blog/project/)",(sitemap)
https://pandaexteriors.com/blog/project/panda-ext-10582/,"listed only in the sitemap, not linked from any page (/blog/project/)",(sitemap)
https://pandaexteriors.com/blog/project/panda-ext-10585/,"listed only in the sitemap, not linked from any page (/blog/project/)",(sitemap)
https://pandaexteriors.com/blog/project/panda-ext-10587/,"listed only in the sitemap, not linked from any page (/blog/project/)",(sitemap)
https://pandaexteriors.com/blog/project/panda-ext-10588/,"listed only in the sitemap, not linked from any page (/blog/project/)",(sitemap)
https://pandaexteriors.com/blog/project/panda-ext-10591/,"listed only in the sitemap, not linked from any page (/blog/project/)",(sitemap)
https://pandaexteriors.com/blog/project/panda-ext-10593/,"listed only in the sitemap, not linked from any page (/blog/project/)",(sitemap)
https://pandaexteriors.com/blog/project/panda-ext-10594/,"listed only in the sitemap, not linked from any page (/blog/project/)",(sitemap)
https://pandaexteriors.com/blog/project/panda-ext-10595/,"listed only in the sitemap, not linked from any page (/blog/project/)",(sitemap)
https://pandaexteriors.com/blog/project/panda-ext-10596/,"listed only in the sitemap, not linked from any page (/blog/project/)",(sitemap)
https://pandaexteriors.com/blog/project/panda-ext-10597/,"listed only in the sitemap, not linked from any page (/blog/project/)",(sitemap)
https://pandaexteriors.com/blog/project/panda-ext-10598/,"listed only in the sitemap, not linked from any page (/blog/project/)",(sitemap)
https://pandaexteriors.com/blog/project/panda-ext-10599/,"listed only in the sitemap, not linked from any page (/blog/project/)",(sitemap)
https://pandaexteriors.com/blog/project/panda-ext-10600/,"listed only in the sitemap, not linked from any page (/blog/project/)",(sitemap)
https://pandaexteriors.com/blog/project/panda-ext-10602/,"listed only in the sitemap, not linked from any page (/blog/project/)",(sitemap)
https://pandaexteriors.com/blog/project/panda-ext-10604/,"listed only in the sitemap, not linked from any page (/blog/project/)",(sitemap)
https://pandaexteriors.com/blog/project/panda-ext-10606/,"listed only in the sitemap, not linked from any page (/blog/project/)",(sitemap)
https://pandaexteriors.com/blog/project/panda-ext-10611/,"listed only in the sitemap, not linked from any page (/blog/project/)",(sitemap)
https://pandaexteriors.com/blog/project/panda-ext-10612/,"listed only in the sitemap, not linked from any page (/blog/project/)",(sitemap)
https://pandaexteriors.com/blog/project/panda-ext-10613/,"listed only in the sitemap, not linked from any page (/blog/project/)",(sitemap)
https://pandaexteriors.com/blog/project/panda-ext-10615/,"listed only in the sitemap, not linked from any page (/blog/project/)",(sitemap)
https://pandaexteriors.com/blog/project/panda-ext-10618-2/,"listed only in the sitemap, not linked from any page (/blog/project/)",(sitemap)
https://pandaexteriors.com/blog/project/panda-ext-10618-3/,"listed only in the sitemap, not linked from any page (/blog/project/)",(sitemap)
https://pandaexteriors.com/blog/project/panda-ext-10618-4/,"listed only in the sitemap, not linked from any page (/blog/project/)",(sitemap)
https://pandaexteriors.com/blog/project/panda-ext-10618-5/,"listed only in the sitemap, not linked from any page (/blog/project/)",(sitemap)
https://pandaexteriors.com/blog/project/panda-ext-10618/,"listed only in the sitemap, not linked from any page (/blog/project/)",(sitemap)
https://pandaexteriors.com/blog/project/panda-ext-10621/,"listed only in the sitemap, not linked from any page (/blog/project/)",(sitemap)
https://pandaexteriors.com/blog/project/panda-ext-10623/,"listed only in the sitemap, not linked from any page (/blog/project/)",(sitemap)
https://pandaexteriors.com/blog/project/panda-ext-10626/,"listed only in the sitemap, not linked from any page (/blog/project/)",(sitemap)
https://pandaexteriors.com/blog/project/panda-ext-10631/,"listed only in the sitemap, not linked from any page (/blog/project/)",(sitemap)
https://pandaexteriors.com/blog/project/panda-ext-10632/,"listed only in the sitemap, not linked from any page (/blog/project/)",(sitemap)
https://pandaexteriors.com/blog/project/panda-ext-10637/,"listed only in the sitemap, not linked from any page (/blog/project/)",(sitemap)
https://pandaexteriors.com/blog/project/panda-ext-10640/,"listed only in the sitemap, not linked from any page (/blog/project/)",(sitemap)
https://pandaexteriors.com/blog/project/panda-ext-10641-2/,"listed only in the sitemap, not linked from any page (/blog/project/)",(sitemap)
https://pandaexteriors.com/blog/project/panda-ext-10641-3/,"listed only in the sitemap, not linked from any page (/blog/project/)",(sitemap)
https://pandaexteriors.com/blog/project/panda-ext-10641-4/,"listed only in the sitemap, not linked from any page (/blog/project/)",(sitemap)
https://pandaexteriors.com/blog/project/panda-ext-10641-5/,"listed only in the sitemap, not linked from any page (/blog/project/)",(sitemap)
https://pandaexteriors.com/blog/project/panda-ext-10641-6/,"listed only in the sitemap, not linked from any page (/blog/project/)",(sitemap)
https://pandaexteriors.com/blog/project/panda-ext-10641-7/,"listed only in the sitemap, not linked from any page (/blog/project/)",(sitemap)
https://pandaexteriors.com/blog/project/panda-ext-10641-8/,"listed only in the sitemap, not linked from any page (/blog/project/)",(sitemap)
https://pandaexteriors.com/blog/project/panda-ext-10641/,"listed only in the sitemap, not linked from any page (/blog/project/)",(sitemap)
https://pandaexteriors.com/blog/project/panda-ext-10643-2/,"listed only in the sitemap, not linked from any page (/blog/project/)",(sitemap)
https://pandaexteriors.com/blog/project/panda-ext-10643-3/,"listed only in the sitemap, not linked from any page (/blog/project/)",(sitemap)
https://pandaexteriors.com/blog/project/panda-ext-10643-4/,"listed only in the sitemap, not linked from any page (/blog/project/)",(sitemap)
https://pandaexteriors.com/blog/project/panda-ext-10643-5/,"listed only in the sitemap, not linked from any page (/blog/project/)",(sitemap)
https://pandaexteriors.com/blog/project/panda-ext-10643-6/,"listed only in the sitemap, not linked from any page (/blog/project/)",(sitemap)
https://pandaexteriors.com/blog/project/panda-ext-10643-7/,"listed only in the sitemap, not linked from any page (/blog/project/)",(sitemap)
https://pandaexteriors.com/blog/project/panda-ext-10643-8/,"listed only in the sitemap, not linked from any page (/blog/project/)",(sitemap)
https://pandaexteriors.com/blog/project/panda-ext-10643/,"listed only in the sitemap, not linked from any page (/blog/project/)",(sitemap)
https://pandaexteriors.com/blog/project/panda-ext-10644/,"listed only in the sitemap, not linked from any page (/blog/project/)",(sitemap)
https://pandaexteriors.com/blog/project/panda-ext-10645/,"listed only in the sitemap, not linked from any page (/blog/project/)",(sitemap)
https://pandaexteriors.com/blog/project/panda-ext-10649/,"listed only in the sitemap, not linked from any page (/blog/project/)",(sitemap)
https://pandaexteriors.com/blog/project/panda-ext-10650/,"listed only in the sitemap, not linked from any page (/blog/project/)",(sitemap)
https://pandaexteriors.com/blog/project/panda-ext-10655/,"listed only in the sitemap, not linked from any page (/blog/project/)",(sitemap)
https://pandaexteriors.com/blog/project/panda-ext-10656/,"listed only in the sitemap, not linked from any page (/blog/project/)",(sitemap)
https://pandaexteriors.com/blog/project/panda-ext-10657/,"listed only in the sitemap, not linked from any page (/blog/project/)",(sitemap)
https://pandaexteriors.com/blog/project/panda-ext-10658/,"listed only in the sitemap, not linked from any page (/blog/project/)",(sitemap)
https://pandaexteriors.com/blog/project/panda-ext-10661/,"listed only in the sitemap, not linked from any page (/blog/project/)",(sitemap)
https://pandaexteriors.com/blog/project/panda-ext-10662/,"listed only in the sitemap, not linked from any page (/blog/project/)",(sitemap)
https://pandaexteriors.com/blog/project/panda-ext-10664/,"listed only in the sitemap, not linked from any page (/blog/project/)",(sitemap)
https://pandaexteriors.com/blog/project/panda-ext-10665/,"listed only in the sitemap, not linked from any page (/blog/project/)",(sitemap)
https://pandaexteriors.com/blog/project/panda-ext-10666/,"listed only in the sitemap, not linked from any page (/blog/project/)",(sitemap)
https://pandaexteriors.com/blog/project/panda-ext-10667/,"listed only in the sitemap, not linked from any page (/blog/project/)",(sitemap)
https://pandaexteriors.com/blog/project/panda-ext-10668/,"listed only in the sitemap, not linked from any page (/blog/project/)",(sitemap)
https://pandaexteriors.com/blog/project/panda-ext-10670/,"listed only in the sitemap, not linked from any page (/blog/project/)",(sitemap)
https://pandaexteriors.com/blog/project/panda-ext-10672/,"listed only in the sitemap, not linked from any page (/blog/project/)",(sitemap)
https://pandaexteriors.com/blog/project/panda-ext-10676/,"listed only in the sitemap, not linked from any page (/blog/project/)",(sitemap)
https://pandaexteriors.com/blog/project/panda-ext-10679/,"listed only in the sitemap, not linked from any page (/blog/project/)",(sitemap)
https://pandaexteriors.com/blog/project/panda-ext-10680/,"listed only in the sitemap, not linked from any page (/blog/project/)",(sitemap)
https://pandaexteriors.com/blog/project/panda-ext-10684/,"listed only in the sitemap, not linked from any page (/blog/project/)",(sitemap)
https://pandaexteriors.com/blog/project/panda-ext-10686/,"listed only in the sitemap, not linked from any page (/blog/project/)",(sitemap)
https://pandaexteriors.com/blog/project/panda-ext-10687/,"listed only in the sitemap, not linked from any page (/blog/project/)",(sitemap)
https://pandaexteriors.com/blog/project/panda-ext-10690/,"listed only in the sitemap, not linked from any page (/blog/project/)",(sitemap)
https://pandaexteriors.com/blog/project/panda-ext-10696/,"listed only in the sitemap, not linked from any page (/blog/project/)",(sitemap)
https://pandaexteriors.com/blog/project/panda-ext-10697/,"listed only in the sitemap, not linked from any page (/blog/project/)",(sitemap)
https://pandaexteriors.com/blog/project/panda-ext-10699/,"listed only in the sitemap, not linked from any page (/blog/project/)",(sitemap)
https://pandaexteriors.com/blog/project/panda-ext-10700-2/,"listed only in the sitemap, not linked from any page (/blog/project/)",(sitemap)
https://pandaexteriors.com/blog/project/panda-ext-10700-3/,"listed only in the sitemap, not linked from any page (/blog/project/)",(sitemap)
https://pandaexteriors.com/blog/project/panda-ext-10700-4/,"listed only in the sitemap, not linked from any page (/blog/project/)",(sitemap)
https://pandaexteriors.com/blog/project/panda-ext-10700-5/,"listed only in the sitemap, not linked from any page (/blog/project/)",(sitemap)
https://pandaexteriors.com/blog/project/panda-ext-10700/,"listed only in the sitemap, not linked from any page (/blog/project/)",(sitemap)
https://pandaexteriors.com/blog/project/panda-ext-10705/,"listed only in the sitemap, not linked from any page (/blog/project/)",(sitemap)
https://pandaexteriors.com/blog/project/panda-ext-10707/,"listed only in the sitemap, not linked from any page (/blog/project/)",(sitemap)
https://pandaexteriors.com/blog/project/panda-ext-10709/,"listed only in the sitemap, not linked from any page (/blog/project/)",(sitemap)
https://pandaexteriors.com/blog/project/panda-ext-10710/,"listed only in the sitemap, not linked from any page (/blog/project/)",(sitemap)
https://pandaexteriors.com/blog/project/panda-ext-10711/,"listed only in the sitemap, not linked from any page (/blog/project/)",(sitemap)
https://pandaexteriors.com/blog/project/panda-ext-10712/,"listed only in the sitemap, not linked from any page (/blog/project/)",(sitemap)
https://pandaexteriors.com/blog/project/panda-ext-10713/,"listed only in the sitemap, not linked from any page (/blog/project/)",(sitemap)
https://pandaexteriors.com/blog/project/panda-ext-10714/,"listed only in the sitemap, not linked from any page (/blog/project/)",(sitemap)
https://pandaexteriors.com/blog/project/panda-ext-10716/,"listed only in the sitemap, not linked from any page (/blog/project/)",(sitemap)
https://pandaexteriors.com/blog/project/panda-ext-10717/,"listed only in the sitemap, not linked from any page (/blog/project/)",(sitemap)
https://pandaexteriors.com/blog/project/panda-ext-10721/,"listed only in the sitemap, not linked from any page (/blog/project/)",(sitemap)
https://pandaexteriors.com/blog/project/panda-ext-10722/,"listed only in the sitemap, not linked from any page (/blog/project/)",(sitemap)
https://pandaexteriors.com/blog/project/panda-ext-10724/,"listed only in the sitemap, not linked from any page (/blog/project/)",(sitemap)
https://pandaexteriors.com/blog/project/panda-ext-10726/,"listed only in the sitemap, not linked from any page (/blog/project/)",(sitemap)
https://pandaexteriors.com/blog/project/panda-ext-10729/,"listed only in the sitemap, not linked from any page (/blog/project/)",(sitemap)
https://pandaexteriors.com/blog/project/panda-ext-10732/,"listed only in the sitemap, not linked from any page (/blog/project/)",(sitemap)
https://pandaexteriors.com/blog/project/panda-ext-10733/,"listed only in the sitemap, not linked from any page (/blog/project/)",(sitemap)
https://pandaexteriors.com/blog/project/panda-ext-10735/,"listed only in the sitemap, not linked from any page (/blog/project/)",(sitemap)
https://pandaexteriors.com/blog/project/panda-ext-10736/,"listed only in the sitemap, not linked from any page (/blog/project/)",(sitemap)
https://pandaexteriors.com/blog/project/panda-ext-10738/,"listed only in the sitemap, not linked from any page (/blog/project/)",(sitemap)
https://pandaexteriors.com/blog/project/panda-ext-10740/,"listed only in the sitemap, not linked from any page (/blog/project/)",(sitemap)
https://pandaexteriors.com/blog/project/panda-ext-10743/,"listed only in the sitemap, not linked from any page (/blog/project/)",(sitemap)
https://pandaexteriors.com/blog/project/panda-ext-10744/,"listed only in the sitemap, not linked from any page (/blog/project/)",(sitemap)
https://pandaexteriors.com/blog/project/panda-ext-10747/,"listed only in the sitemap, not linked from any page (/blog/project/)",(sitemap)
https://pandaexteriors.com/blog/project/panda-ext-10750/,"listed only in the sitemap, not linked from any page (/blog/project/)",(sitemap)
https://pandaexteriors.com/blog/project/panda-ext-10755/,"listed only in the sitemap, not linked from any page (/blog/project/)",(sitemap)
https://pandaexteriors.com/blog/project/panda-ext-10757/,"listed only in the sitemap, not linked from any page (/blog/project/)",(sitemap)
https://pandaexteriors.com/blog/project/panda-ext-10761/,"listed only in the sitemap, not linked from any page (/blog/project/)",(sitemap)
https://pandaexteriors.com/blog/project/panda-ext-10765/,"listed only in the sitemap, not linked from any page (/blog/project/)",(sitemap)
https://pandaexteriors.com/blog/project/panda-ext-10766/,"listed only in the sitemap, not linked from any page (/blog/project/)",(sitemap)
https://pandaexteriors.com/blog/project/panda-ext-10767/,"listed only in the sitemap, not linked from any page (/blog/project/)",(sitemap)
https://pandaexteriors.com/blog/project/panda-ext-10771/,"listed only in the sitemap, not linked from any page (/blog/project/)",(sitemap)
https://pandaexteriors.com/blog/project/panda-ext-10775/,"listed only in the sitemap, not linked from any page (/blog/project/)",(sitemap)
https://pandaexteriors.com/blog/project/panda-ext-10778-3/,"listed only in the sitemap, not linked from any page (/blog/project/)",(sitemap)
https://pandaexteriors.com/blog/project/panda-ext-10778-4/,"listed only in the sitemap, not linked from any page (/blog/project/)",(sitemap)
https://pandaexteriors.com/blog/project/panda-ext-10778-5/,"listed only in the sitemap, not linked from any page (/blog/project/)",(sitemap)
https://pandaexteriors.com/blog/project/panda-ext-10778-7/,"listed only in the sitemap, not linked from any page (/blog/project/)",(sitemap)
https://pandaexteriors.com/blog/project/panda-ext-10778/,"listed only in the sitemap, not linked from any page (/blog/project/)",(sitemap)
https://pandaexteriors.com/blog/project/panda-ext-10781-2/,"listed only in the sitemap, not linked from any page (/blog/project/)",(sitemap)
https://pandaexteriors.com/blog/project/panda-ext-10781-3/,"listed only in the sitemap, not linked from any page (/blog/project/)",(sitemap)
https://pandaexteriors.com/blog/project/panda-ext-10781-4/,"listed only in the sitemap, not linked from any page (/blog/project/)",(sitemap)
https://pandaexteriors.com/blog/project/panda-ext-10781-5/,"listed only in the sitemap, not linked from any page (/blog/project/)",(sitemap)
https://pandaexteriors.com/blog/project/panda-ext-10781/,"listed only in the sitemap, not linked from any page (/blog/project/)",(sitemap)
https://pandaexteriors.com/blog/project/panda-ext-10784/,"listed only in the sitemap, not linked from any page (/blog/project/)",(sitemap)
https://pandaexteriors.com/blog/project/panda-ext-10787/,"listed only in the sitemap, not linked from any page (/blog/project/)",(sitemap)
https://pandaexteriors.com/blog/project/panda-ext-10790/,"listed only in the sitemap, not linked from any page (/blog/project/)",(sitemap)
https://pandaexteriors.com/blog/project/panda-ext-10794/,"listed only in the sitemap, not linked from any page (/blog/project/)",(sitemap)
https://pandaexteriors.com/blog/project/panda-ext-10796/,"listed only in the sitemap, not linked from any page (/blog/project/)",(sitemap)
https://pandaexteriors.com/blog/project/panda-ext-10797/,"listed only in the sitemap, not linked from any page (/blog/project/)",(sitemap)
https://pandaexteriors.com/blog/project/panda-ext-10798/,"listed only in the sitemap, not linked from any page (/blog/project/)",(sitemap)
https://pandaexteriors.com/blog/project/panda-ext-10799/,"listed only in the sitemap, not linked from any page (/blog/project/)",(sitemap)
https://pandaexteriors.com/blog/project/panda-ext-10801/,"listed only in the sitemap, not linked from any page (/blog/project/)",(sitemap)
https://pandaexteriors.com/blog/project/panda-ext-10802/,"listed only in the sitemap, not linked from any page (/blog/project/)",(sitemap)
https://pandaexteriors.com/blog/project/panda-ext-10803/,"listed only in the sitemap, not linked from any page (/blog/project/)",(sitemap)
https://pandaexteriors.com/blog/project/panda-ext-10804/,"listed only in the sitemap, not linked from any page (/blog/project/)",(sitemap)
https://pandaexteriors.com/blog/project/panda-ext-10806/,"listed only in the sitemap, not linked from any page (/blog/project/)",(sitemap)
https://pandaexteriors.com/blog/project/panda-ext-10808/,"listed only in the sitemap, not linked from any page (/blog/project/)",(sitemap)
https://pandaexteriors.com/blog/project/panda-ext-10810/,"listed only in the sitemap, not linked from any page (/blog/project/)",(sitemap)
https://pandaexteriors.com/blog/project/panda-ext-10812/,"listed only in the sitemap, not linked from any page (/blog/project/)",(sitemap)
https://pandaexteriors.com/blog/project/panda-ext-10813/,"listed only in the sitemap, not linked from any page (/blog/project/)",(sitemap)
https://pandaexteriors.com/blog/project/panda-ext-10814/,"listed only in the sitemap, not linked from any page (/blog/project/)",(sitemap)
https://pandaexteriors.com/blog/project/panda-ext-10815/,"listed only in the sitemap, not linked from any page (/blog/project/)",(sitemap)
https://pandaexteriors.com/blog/project/panda-ext-10817/,"listed only in the sitemap, not linked from any page (/blog/project/)",(sitemap)
https://pandaexteriors.com/blog/project/panda-ext-10823/,"listed only in the sitemap, not linked from any page (/blog/project/)",(sitemap)
https://pandaexteriors.com/blog/project/panda-ext-10825/,"listed only in the sitemap, not linked from any page (/blog/project/)",(sitemap)
https://pandaexteriors.com/blog/project/panda-ext-10827/,"listed only in the sitemap, not linked from any page (/blog/project/)",(sitemap)
https://pandaexteriors.com/blog/project/panda-ext-10830/,"listed only in the sitemap, not linked from any page (/blog/project/)",(sitemap)
https://pandaexteriors.com/blog/project/panda-ext-10832/,"listed only in the sitemap, not linked from any page (/blog/project/)",(sitemap)
https://pandaexteriors.com/blog/project/panda-ext-10835/,"listed only in the sitemap, not linked from any page (/blog/project/)",(sitemap)
https://pandaexteriors.com/blog/project/panda-ext-10837-2/,"listed only in the sitemap, not linked from any page (/blog/project/)",(sitemap)
https://pandaexteriors.com/blog/project/panda-ext-10837-3/,"listed only in the sitemap, not linked from any page (/blog/project/)",(sitemap)
https://pandaexteriors.com/blog/project/panda-ext-10837-4/,"listed only in the sitemap, not linked from any page (/blog/project/)",(sitemap)
https://pandaexteriors.com/blog/project/panda-ext-10837-5/,"listed only in the sitemap, not linked from any page (/blog/project/)",(sitemap)
https://pandaexteriors.com/blog/project/panda-ext-10837/,"listed only in the sitemap, not linked from any page (/blog/project/)",(sitemap)
https://pandaexteriors.com/blog/project/panda-ext-10840/,"listed only in the sitemap, not linked from any page (/blog/project/)",(sitemap)
https://pandaexteriors.com/blog/project/panda-ext-10842/,"listed only in the sitemap, not linked from any page (/blog/project/)",(sitemap)
https://pandaexteriors.com/blog/project/panda-ext-10844/,"listed only in the sitemap, not linked from any page (/blog/project/)",(sitemap)
https://pandaexteriors.com/blog/project/panda-ext-10845/,"listed only in the sitemap, not linked from any page (/blog/project/)",(sitemap)
https://pandaexteriors.com/blog/project/panda-ext-10846/,"listed only in the sitemap, not linked from any page (/blog/project/)",(sitemap)
https://pandaexteriors.com/blog/project/panda-ext-10848/,"listed only in the sitemap, not linked from any page (/blog/project/)",(sitemap)
https://pandaexteriors.com/blog/project/panda-ext-10849/,"listed only in the sitemap, not linked from any page (/blog/project/)",(sitemap)
https://pandaexteriors.com/blog/project/panda-ext-10850/,"listed only in the sitemap, not linked from any page (/blog/project/)",(sitemap)
https://pandaexteriors.com/blog/project/panda-ext-10851/,"listed only in the sitemap, not linked from any page (/blog/project/)",(sitemap)
https://pandaexteriors.com/blog/project/panda-ext-10852/,"listed only in the sitemap, not linked from any page (/blog/project/)",(sitemap)
https://pandaexteriors.com/blog/project/panda-ext-10853/,"listed only in the sitemap, not linked from any page (/blog/project/)",(sitemap)
https://pandaexteriors.com/blog/project/panda-ext-10857/,"listed only in the sitemap, not linked from any page (/blog/project/)",(sitemap)
https://pandaexteriors.com/blog/project/panda-ext-10862-2/,"listed only in the sitemap, not linked from any page (/blog/project/)",(sitemap)
https://pandaexteriors.com/blog/project/panda-ext-10862-3/,"listed only in the sitemap, not linked from any page (/blog/project/)",(sitemap)
https://pandaexteriors.com/blog/project/panda-ext-10862-4/,"listed only in the sitemap, not linked from any page (/blog/project/)",(sitemap)
https://pandaexteriors.com/blog/project/panda-ext-10862-5/,"listed only in the sitemap, not linked from any page (/blog/project/)",(sitemap)
https://pandaexteriors.com/blog/project/panda-ext-10862/,"listed only in the sitemap, not linked from any page (/blog/project/)",(sitemap)
https://pandaexteriors.com/blog/project/panda-ext-10865/,"listed only in the sitemap, not linked from any page (/blog/project/)",(sitemap)
https://pandaexteriors.com/blog/project/panda-ext-10867/,"listed only in the sitemap, not linked from any page (/blog/project/)",(sitemap)
https://pandaexteriors.com/blog/project/panda-ext-10871/,"listed only in the sitemap, not linked from any page (/blog/project/)",(sitemap)
https://pandaexteriors.com/blog/project/panda-ext-10876/,"listed only in the sitemap, not linked from any page (/blog/project/)",(sitemap)
https://pandaexteriors.com/blog/project/panda-ext-10877/,"listed only in the sitemap, not linked from any page (/blog/project/)",(sitemap)
https://pandaexteriors.com/blog/project/panda-ext-10878/,"listed only in the sitemap, not linked from any page (/blog/project/)",(sitemap)
https://pandaexteriors.com/blog/project/panda-ext-10879/,"listed only in the sitemap, not linked from any page (/blog/project/)",(sitemap)
https://pandaexteriors.com/blog/project/panda-ext-10880/,"listed only in the sitemap, not linked from any page (/blog/project/)",(sitemap)
https://pandaexteriors.com/blog/project/panda-ext-10882/,"listed only in the sitemap, not linked from any page (/blog/project/)",(sitemap)
https://pandaexteriors.com/blog/project/panda-ext-10888/,"listed only in the sitemap, not linked from any page (/blog/project/)",(sitemap)
https://pandaexteriors.com/blog/project/panda-ext-10889/,"listed only in the sitemap, not linked from any page (/blog/project/)",(sitemap)
https://pandaexteriors.com/blog/project/panda-ext-10891/,"listed only in the sitemap, not linked from any page (/blog/project/)",(sitemap)
https://pandaexteriors.com/blog/project/panda-ext-10897/,"listed only in the sitemap, not linked from any page (/blog/project/)",(sitemap)
https://pandaexteriors.com/blog/project/panda-ext-10898/,"listed only in the sitemap, not linked from any page (/blog/project/)",(sitemap)
https://pandaexteriors.com/blog/project/panda-ext-10899/,"listed only in the sitemap, not linked from any page (/blog/project/)",(sitemap)
https://pandaexteriors.com/blog/project/panda-ext-10902/,"listed only in the sitemap, not linked from any page (/blog/project/)",(sitemap)
https://pandaexteriors.com/blog/project/panda-ext-10904/,"listed only in the sitemap, not linked from any page (/blog/project/)",(sitemap)
https://pandaexteriors.com/blog/project/panda-ext-10905/,"listed only in the sitemap, not linked from any page (/blog/project/)",(sitemap)
https://pandaexteriors.com/blog/project/panda-ext-10906/,"listed only in the sitemap, not linked from any page (/blog/project/)",(sitemap)
https://pandaexteriors.com/blog/project/panda-ext-10907/,"listed only in the sitemap, not linked from any page (/blog/project/)",(sitemap)
https://pandaexteriors.com/blog/project/panda-ext-10909/,"listed only in the sitemap, not linked from any page (/blog/project/)",(sitemap)
https://pandaexteriors.com/blog/project/panda-ext-10910/,"listed only in the sitemap, not linked from any page (/blog/project/)",(sitemap)
https://pandaexteriors.com/blog/project/panda-ext-10912/,"listed only in the sitemap, not linked from any page (/blog/project/)",(sitemap)
https://pandaexteriors.com/blog/project/panda-ext-10919/,"listed only in the sitemap, not linked from any page (/blog/project/)",(sitemap)
https://pandaexteriors.com/blog/project/panda-ext-10924/,"listed only in the sitemap, not linked from any page (/blog/project/)",(sitemap)
https://pandaexteriors.com/blog/project/panda-ext-10926/,"listed only in the sitemap, not linked from any page (/blog/project/)",(sitemap)
https://pandaexteriors.com/blog/project/panda-ext-10928/,"listed only in the sitemap, not linked from any page (/blog/project/)",(sitemap)
https://pandaexteriors.com/blog/project/panda-ext-10929/,"listed only in the sitemap, not linked from any page (/blog/project/)",(sitemap)
https://pandaexteriors.com/blog/project/panda-ext-10931/,"listed only in the sitemap, not linked from any page (/blog/project/)",(sitemap)
https://pandaexteriors.com/blog/project/panda-ext-10934/,"listed only in the sitemap, not linked from any page (/blog/project/)",(sitemap)
https://pandaexteriors.com/blog/project/panda-ext-10936/,"listed only in the sitemap, not linked from any page (/blog/project/)",(sitemap)
https://pandaexteriors.com/blog/project/panda-ext-10938-2/,"listed only in the sitemap, not linked from any page (/blog/project/)",(sitemap)
https://pandaexteriors.com/blog/project/panda-ext-10938-3/,"listed only in the sitemap, not linked from any page (/blog/project/)",(sitemap)
https://pandaexteriors.com/blog/project/panda-ext-10938-4/,"listed only in the sitemap, not linked from any page (/blog/project/)",(sitemap)
https://pandaexteriors.com/blog/project/panda-ext-10938-5/,"listed only in the sitemap, not linked from any page (/blog/project/)",(sitemap)
https://pandaexteriors.com/blog/project/panda-ext-10938/,"listed only in the sitemap, not linked from any page (/blog/project/)",(sitemap)
https://pandaexteriors.com/blog/project/panda-ext-10942-2/,"listed only in the sitemap, not linked from any page (/blog/project/)",(sitemap)
https://pandaexteriors.com/blog/project/panda-ext-10942-3/,"listed only in the sitemap, not linked from any page (/blog/project/)",(sitemap)
https://pandaexteriors.com/blog/project/panda-ext-10942-4/,"listed only in the sitemap, not linked from any page (/blog/project/)",(sitemap)
https://pandaexteriors.com/blog/project/panda-ext-10942-5/,"listed only in the sitemap, not linked from any page (/blog/project/)",(sitemap)
https://pandaexteriors.com/blog/project/panda-ext-10942/,"listed only in the sitemap, not linked from any page (/blog/project/)",(sitemap)
https://pandaexteriors.com/blog/project/panda-ext-10944/,"listed only in the sitemap, not linked from any page (/blog/project/)",(sitemap)
https://pandaexteriors.com/blog/project/panda-ext-10946/,"listed only in the sitemap, not linked from any page (/blog/project/)",(sitemap)
https://pandaexteriors.com/blog/project/panda-ext-10948/,"listed only in the sitemap, not linked from any page (/blog/project/)",(sitemap)
https://pandaexteriors.com/blog/project/panda-ext-10949/,"listed only in the sitemap, not linked from any page (/blog/project/)",(sitemap)
https://pandaexteriors.com/blog/project/panda-ext-10950/,"listed only in the sitemap, not linked from any page (/blog/project/)",(sitemap)
https://pandaexteriors.com/blog/project/panda-ext-10954/,"listed only in the sitemap, not linked from any page (/blog/project/)",(sitemap)
https://pandaexteriors.com/blog/project/panda-ext-10957/,"listed only in the sitemap, not linked from any page (/blog/project/)",(sitemap)
https://pandaexteriors.com/blog/project/panda-ext-10959/,"listed only in the sitemap, not linked from any page (/blog/project/)",(sitemap)
https://pandaexteriors.com/blog/project/panda-ext-10961/,"listed only in the sitemap, not linked from any page (/blog/project/)",(sitemap)
https://pandaexteriors.com/blog/project/panda-ext-10966/,"listed only in the sitemap, not linked from any page (/blog/project/)",(sitemap)
https://pandaexteriors.com/blog/project/panda-ext-10968/,"listed only in the sitemap, not linked from any page (/blog/project/)",(sitemap)
https://pandaexteriors.com/blog/project/panda-ext-10969/,"listed only in the sitemap, not linked from any page (/blog/project/)",(sitemap)
https://pandaexteriors.com/blog/project/panda-ext-10971/,"listed only in the sitemap, not linked from any page (/blog/project/)",(sitemap)
https://pandaexteriors.com/blog/project/panda-ext-10975/,"listed only in the sitemap, not linked from any page (/blog/project/)",(sitemap)
https://pandaexteriors.com/blog/project/panda-ext-10976/,"listed only in the sitemap, not linked from any page (/blog/project/)",(sitemap)
https://pandaexteriors.com/blog/project/panda-ext-10981/,"listed only in the sitemap, not linked from any page (/blog/project/)",(sitemap)
https://pandaexteriors.com/blog/project/panda-ext-10990/,"listed only in the sitemap, not linked from any page (/blog/project/)",(sitemap)
https://pandaexteriors.com/blog/project/panda-ext-10996/,"listed only in the sitemap, not linked from any page (/blog/project/)",(sitemap)
https://pandaexteriors.com/blog/project/panda-ext-10997/,"listed only in the sitemap, not linked from any page (/blog/project/)",(sitemap)
https://pandaexteriors.com/blog/project/panda-ext-11001/,"listed only in the sitemap, not linked from any page (/blog/project/)",(sitemap)
https://pandaexteriors.com/blog/project/panda-ext-11003/,"listed only in the sitemap, not linked from any page (/blog/project/)",(sitemap)
https://pandaexteriors.com/blog/project/panda-ext-11004/,"listed only in the sitemap, not linked from any page (/blog/project/)",(sitemap)
https://pandaexteriors.com/blog/project/panda-ext-11007/,"listed only in the sitemap, not linked from any page (/blog/project/)",(sitemap)
https://pandaexteriors.com/blog/project/panda-ext-11008/,"listed only in the sitemap, not linked from any page (/blog/project/)",(sitemap)
https://pandaexteriors.com/blog/project/panda-ext-11009/,"listed only in the sitemap, not linked from any page (/blog/project/)",(sitemap)
https://pandaexteriors.com/blog/project/panda-ext-11010-2/,"listed only in the sitemap, not linked from any page (/blog/project/)",(sitemap)
https://pandaexteriors.com/blog/project/panda-ext-11010-5/,"listed only in the sitemap, not linked from any page (/blog/project/)",(sitemap)
https://pandaexteriors.com/blog/project/panda-ext-11010/,"listed only in the sitemap, not linked from any page (/blog/project/)",(sitemap)
https://pandaexteriors.com/blog/project/panda-ext-11011/,"listed only in the sitemap, not linked from any page (/blog/project/)",(sitemap)
https://pandaexteriors.com/blog/project/panda-ext-11020/,"listed only in the sitemap, not linked from any page (/blog/project/)",(sitemap)
https://pandaexteriors.com/blog/project/panda-ext-11021/,"listed only in the sitemap, not linked from any page (/blog/project/)",(sitemap)
https://pandaexteriors.com/blog/project/panda-ext-11022/,"listed only in the sitemap, not linked from any page (/blog/project/)",(sitemap)
https://pandaexteriors.com/blog/project/panda-ext-11023/,"listed only in the sitemap, not linked from any page (/blog/project/)",(sitemap)
https://pandaexteriors.com/blog/project/panda-ext-11025-2/,"listed only in the sitemap, not linked from any page (/blog/project/)",(sitemap)
https://pandaexteriors.com/blog/project/panda-ext-11025-3/,"listed only in the sitemap, not linked from any page (/blog/project/)",(sitemap)
https://pandaexteriors.com/blog/project/panda-ext-11025-5/,"listed only in the sitemap, not linked from any page (/blog/project/)",(sitemap)
https://pandaexteriors.com/blog/project/panda-ext-11025/,"listed only in the sitemap, not linked from any page (/blog/project/)",(sitemap)
https://pandaexteriors.com/blog/project/panda-ext-11027-2/,"listed only in the sitemap, not linked from any page (/blog/project/)",(sitemap)
https://pandaexteriors.com/blog/project/panda-ext-11027-3/,"listed only in the sitemap, not linked from any page (/blog/project/)",(sitemap)
https://pandaexteriors.com/blog/project/panda-ext-11027-4/,"listed only in the sitemap, not linked from any page (/blog/project/)",(sitemap)
https://pandaexteriors.com/blog/project/panda-ext-11027-5/,"listed only in the sitemap, not linked from any page (/blog/project/)",(sitemap)
https://pandaexteriors.com/blog/project/panda-ext-11027/,"listed only in the sitemap, not linked from any page (/blog/project/)",(sitemap)
https://pandaexteriors.com/blog/project/panda-ext-11028/,"listed only in the sitemap, not linked from any page (/blog/project/)",(sitemap)
https://pandaexteriors.com/blog/project/panda-ext-11029/,"listed only in the sitemap, not linked from any page (/blog/project/)",(sitemap)
https://pandaexteriors.com/blog/project/panda-ext-11035/,"listed only in the sitemap, not linked from any page (/blog/project/)",(sitemap)
https://pandaexteriors.com/blog/project/panda-ext-11037/,"listed only in the sitemap, not linked from any page (/blog/project/)",(sitemap)
https://pandaexteriors.com/blog/project/panda-ext-11039/,"listed only in the sitemap, not linked from any page (/blog/project/)",(sitemap)
https://pandaexteriors.com/blog/project/panda-ext-11040/,"listed only in the sitemap, not linked from any page (/blog/project/)",(sitemap)
https://pandaexteriors.com/blog/project/panda-ext-11041/,"listed only in the sitemap, not linked from any page (/blog/project/)",(sitemap)
https://pandaexteriors.com/blog/project/panda-ext-11042/,"listed only in the sitemap, not linked from any page (/blog/project/)",(sitemap)
https://pandaexteriors.com/blog/project/panda-ext-11046/,"listed only in the sitemap, not linked from any page (/blog/project/)",(sitemap)
https://pandaexteriors.com/blog/project/panda-ext-11055/,"listed only in the sitemap, not linked from any page (/blog/project/)",(sitemap)
https://pandaexteriors.com/blog/project/panda-ext-11057/,"listed only in the sitemap, not linked from any page (/blog/project/)",(sitemap)
https://pandaexteriors.com/blog/project/panda-ext-11058/,"listed only in the sitemap, not linked from any page (/blog/project/)",(sitemap)
https://pandaexteriors.com/blog/project/panda-ext-11063/,"listed only in the sitemap, not linked from any page (/blog/project/)",(sitemap)
https://pandaexteriors.com/blog/project/panda-ext-11067/,"listed only in the sitemap, not linked from any page (/blog/project/)",(sitemap)
https://pandaexteriors.com/blog/project/panda-ext-11069/,"listed only in the sitemap, not linked from any page (/blog/project/)",(sitemap)
https://pandaexteriors.com/blog/project/panda-ext-11070/,"listed only in the sitemap, not linked from any page (/blog/project/)",(sitemap)
https://pandaexteriors.com/blog/project/panda-ext-11071-2/,"listed only in the sitemap, not linked from any page (/blog/project/)",(sitemap)
https://pandaexteriors.com/blog/project/panda-ext-11071-3/,"listed only in the sitemap, not linked from any page (/blog/project/)",(sitemap)
https://pandaexteriors.com/blog/project/panda-ext-11071-4/,"listed only in the sitemap, not linked from any page (/blog/project/)",(sitemap)
https://pandaexteriors.com/blog/project/panda-ext-11071-5/,"listed only in the sitemap, not linked from any page (/blog/project/)",(sitemap)
https://pandaexteriors.com/blog/project/panda-ext-11071/,"listed only in the sitemap, not linked from any page (/blog/project/)",(sitemap)
https://pandaexteriors.com/blog/project/panda-ext-11073/,"listed only in the sitemap, not linked from any page (/blog/project/)",(sitemap)
https://pandaexteriors.com/blog/project/panda-ext-11077/,"listed only in the sitemap, not linked from any page (/blog/project/)",(sitemap)
https://pandaexteriors.com/blog/project/panda-ext-11078/,"listed only in the sitemap, not linked from any page (/blog/project/)",(sitemap)
https://pandaexteriors.com/blog/project/panda-ext-11079/,"listed only in the sitemap, not linked from any page (/blog/project/)",(sitemap)
https://pandaexteriors.com/blog/project/panda-ext-11081/,"listed only in the sitemap, not linked from any page (/blog/project/)",(sitemap)
https://pandaexteriors.com/blog/project/panda-ext-11082/,"listed only in the sitemap, not linked from any page (/blog/project/)",(sitemap)
https://pandaexteriors.com/blog/project/panda-ext-11083/,"listed only in the sitemap, not linked from any page (/blog/project/)",(sitemap)
https://pandaexteriors.com/blog/project/panda-ext-11091/,"listed only in the sitemap, not linked from any page (/blog/project/)",(sitemap)
https://pandaexteriors.com/blog/project/panda-ext-11092/,"listed only in the sitemap, not linked from any page (/blog/project/)",(sitemap)
https://pandaexteriors.com/blog/project/panda-ext-11094/,"listed only in the sitemap, not linked from any page (/blog/project/)",(sitemap)
https://pandaexteriors.com/blog/project/panda-ext-11095/,"listed only in the sitemap, not linked from any page (/blog/project/)",(sitemap)
https://pandaexteriors.com/blog/project/panda-ext-11096/,"listed only in the sitemap, not linked from any page (/blog/project/)",(sitemap)
https://pandaexteriors.com/blog/project/panda-ext-11097/,"listed only in the sitemap, not linked from any page (/blog/project/)",(sitemap)
https://pandaexteriors.com/blog/project/panda-ext-11098/,"listed only in the sitemap, not linked from any page (/blog/project/)",(sitemap)
https://pandaexteriors.com/blog/project/panda-ext-11099/,"listed only in the sitemap, not linked from any page (/blog/project/)",(sitemap)
https://pandaexteriors.com/blog/project/panda-ext-11100/,"listed only in the sitemap, not linked from any page (/blog/project/)",(sitemap)
https://pandaexteriors.com/blog/project/panda-ext-11103/,"listed only in the sitemap, not linked from any page (/blog/project/)",(sitemap)
https://pandaexteriors.com/blog/project/panda-ext-11104/,"listed only in the sitemap, not linked from any page (/blog/project/)",(sitemap)
https://pandaexteriors.com/blog/project/panda-ext-11105/,"listed only in the sitemap, not linked from any page (/blog/project/)",(sitemap)
https://pandaexteriors.com/blog/project/panda-ext-11106/,"listed only in the sitemap, not linked from any page (/blog/project/)",(sitemap)
https://pandaexteriors.com/blog/project/panda-ext-11113/,"listed only in the sitemap, not linked from any page (/blog/project/)",(sitemap)
https://pandaexteriors.com/blog/project/panda-ext-11115/,"listed only in the sitemap, not linked from any page (/blog/project/)",(sitemap)
https://pandaexteriors.com/blog/project/panda-ext-11120/,"listed only in the sitemap, not linked from any page (/blog/project/)",(sitemap)
https://pandaexteriors.com/blog/project/panda-ext-11123/,"listed only in the sitemap, not linked from any page (/blog/project/)",(sitemap)
https://pandaexteriors.com/blog/project/panda-ext-11130/,"listed only in the sitemap, not linked from any page (/blog/project/)",(sitemap)
https://pandaexteriors.com/blog/project/panda-ext-11132/,"listed only in the sitemap, not linked from any page (/blog/project/)",(sitemap)
https://pandaexteriors.com/blog/project/panda-ext-11134/,"listed only in the sitemap, not linked from any page (/blog/project/)",(sitemap)
https://pandaexteriors.com/blog/project/panda-ext-11141/,"listed only in the sitemap, not linked from any page (/blog/project/)",(sitemap)
https://pandaexteriors.com/blog/project/panda-ext-11144/,"listed only in the sitemap, not linked from any page (/blog/project/)",(sitemap)
https://pandaexteriors.com/blog/project/panda-ext-11153/,"listed only in the sitemap, not linked from any page (/blog/project/)",(sitemap)
https://pandaexteriors.com/blog/project/panda-ext-11154/,"listed only in the sitemap, not linked from any page (/blog/project/)",(sitemap)
https://pandaexteriors.com/blog/project/panda-ext-11156/,"listed only in the sitemap, not linked from any page (/blog/project/)",(sitemap)
https://pandaexteriors.com/blog/project/panda-ext-11158-2/,"listed only in the sitemap, not linked from any page (/blog/project/)",(sitemap)
https://pandaexteriors.com/blog/project/panda-ext-11158-3/,"listed only in the sitemap, not linked from any page (/blog/project/)",(sitemap)
https://pandaexteriors.com/blog/project/panda-ext-11158-4/,"listed only in the sitemap, not linked from any page (/blog/project/)",(sitemap)
https://pandaexteriors.com/blog/project/panda-ext-11158-5/,"listed only in the sitemap, not linked from any page (/blog/project/)",(sitemap)
https://pandaexteriors.com/blog/project/panda-ext-11158/,"listed only in the sitemap, not linked from any page (/blog/project/)",(sitemap)
https://pandaexteriors.com/blog/project/panda-ext-11161/,"listed only in the sitemap, not linked from any page (/blog/project/)",(sitemap)
https://pandaexteriors.com/blog/project/panda-ext-11163/,"listed only in the sitemap, not linked from any page (/blog/project/)",(sitemap)
https://pandaexteriors.com/blog/project/panda-ext-11164/,"listed only in the sitemap, not linked from any page (/blog/project/)",(sitemap)
https://pandaexteriors.com/blog/project/panda-ext-11165/,"listed only in the sitemap, not linked from any page (/blog/project/)",(sitemap)
https://pandaexteriors.com/blog/project/panda-ext-11166/,"listed only in the sitemap, not linked from any page (/blog/project/)",(sitemap)
https://pandaexteriors.com/blog/project/panda-ext-11169/,"listed only in the sitemap, not linked from any page (/blog/project/)",(sitemap)
https://pandaexteriors.com/blog/project/panda-ext-11175/,"listed only in the sitemap, not linked from any page (/blog/project/)",(sitemap)
https://pandaexteriors.com/blog/project/panda-ext-11181/,"listed only in the sitemap, not linked from any page (/blog/project/)",(sitemap)
https://pandaexteriors.com/blog/project/panda-ext-11184/,"listed only in the sitemap, not linked from any page (/blog/project/)",(sitemap)
https://pandaexteriors.com/blog/project/panda-ext-11185/,"listed only in the sitemap, not linked from any page (/blog/project/)",(sitemap)
https://pandaexteriors.com/blog/project/panda-ext-11187/,"listed only in the sitemap, not linked from any page (/blog/project/)",(sitemap)
https://pandaexteriors.com/blog/project/panda-ext-11191/,"listed only in the sitemap, not linked from any page (/blog/project/)",(sitemap)
https://pandaexteriors.com/blog/project/panda-ext-11193/,"listed only in the sitemap, not linked from any page (/blog/project/)",(sitemap)
https://pandaexteriors.com/blog/project/panda-ext-11194/,"listed only in the sitemap, not linked from any page (/blog/project/)",(sitemap)
https://pandaexteriors.com/blog/project/panda-ext-11195/,"listed only in the sitemap, not linked from any page (/blog/project/)",(sitemap)
https://pandaexteriors.com/blog/project/panda-ext-11196/,"listed only in the sitemap, not linked from any page (/blog/project/)",(sitemap)
https://pandaexteriors.com/blog/project/panda-ext-11198/,"listed only in the sitemap, not linked from any page (/blog/project/)",(sitemap)
https://pandaexteriors.com/blog/project/panda-ext-11199/,"listed only in the sitemap, not linked from any page (/blog/project/)",(sitemap)
https://pandaexteriors.com/blog/project/panda-ext-11200/,"listed only in the sitemap, not linked from any page (/blog/project/)",(sitemap)
https://pandaexteriors.com/blog/project/panda-ext-11209/,"listed only in the sitemap, not linked from any page (/blog/project/)",(sitemap)
https://pandaexteriors.com/blog/project/panda-ext-11212/,"listed only in the sitemap, not linked from any page (/blog/project/)",(sitemap)
https://pandaexteriors.com/blog/project/panda-ext-11217/,"listed only in the sitemap, not linked from any page (/blog/project/)",(sitemap)
https://pandaexteriors.com/blog/project/panda-ext-11219/,"listed only in the sitemap, not linked from any page (/blog/project/)",(sitemap)
https://pandaexteriors.com/blog/project/panda-ext-11220/,"listed only in the sitemap, not linked from any page (/blog/project/)",(sitemap)
https://pandaexteriors.com/blog/project/panda-ext-11225/,"listed only in the sitemap, not linked from any page (/blog/project/)",(sitemap)
https://pandaexteriors.com/blog/project/panda-ext-11227/,"listed only in the sitemap, not linked from any page (/blog/project/)",(sitemap)
https://pandaexteriors.com/blog/project/panda-ext-11237/,"listed only in the sitemap, not linked from any page (/blog/project/)",(sitemap)
https://pandaexteriors.com/blog/project/panda-ext-11241/,"listed only in the sitemap, not linked from any page (/blog/project/)",(sitemap)
https://pandaexteriors.com/blog/project/panda-ext-11242/,"listed only in the sitemap, not linked from any page (/blog/project/)",(sitemap)
https://pandaexteriors.com/blog/project/panda-ext-11243/,"listed only in the sitemap, not linked from any page (/blog/project/)",(sitemap)
https://pandaexteriors.com/blog/project/panda-ext-11248/,"listed only in the sitemap, not linked from any page (/blog/project/)",(sitemap)
https://pandaexteriors.com/blog/project/panda-ext-11249/,"listed only in the sitemap, not linked from any page (/blog/project/)",(sitemap)
https://pandaexteriors.com/blog/project/panda-ext-11250/,"listed only in the sitemap, not linked from any page (/blog/project/)",(sitemap)
https://pandaexteriors.com/blog/project/panda-ext-11251/,"listed only in the sitemap, not linked from any page (/blog/project/)",(sitemap)
https://pandaexteriors.com/blog/project/panda-ext-11253/,"listed only in the sitemap, not linked from any page (/blog/project/)",(sitemap)
https://pandaexteriors.com/blog/project/panda-ext-11254/,"listed only in the sitemap, not linked from any page (/blog/project/)",(sitemap)
https://pandaexteriors.com/blog/project/panda-ext-11255/,"listed only in the sitemap, not linked from any page (/blog/project/)",(sitemap)
https://pandaexteriors.com/blog/project/panda-ext-11258/,"listed only in the sitemap, not linked from any page (/blog/project/)",(sitemap)
https://pandaexteriors.com/blog/project/panda-ext-11259/,"listed only in the sitemap, not linked from any page (/blog/project/)",(sitemap)
https://pandaexteriors.com/blog/project/panda-ext-11260/,"listed only in the sitemap, not linked from any page (/blog/project/)",(sitemap)
https://pandaexteriors.com/blog/project/panda-ext-11262/,"listed only in the sitemap, not linked from any page (/blog/project/)",(sitemap)
https://pandaexteriors.com/blog/project/panda-ext-11265/,"listed only in the sitemap, not linked from any page (/blog/project/)",(sitemap)
https://pandaexteriors.com/blog/project/panda-ext-11268/,"listed only in the sitemap, not linked from any page (/blog/project/)",(sitemap)
https://pandaexteriors.com/blog/project/panda-ext-11270/,"listed only in the sitemap, not linked from any page (/blog/project/)",(sitemap)
https://pandaexteriors.com/blog/project/panda-ext-11271/,"listed only in the sitemap, not linked from any page (/blog/project/)",(sitemap)
https://pandaexteriors.com/blog/project/panda-ext-11281/,"listed only in the sitemap, not linked from any page (/blog/project/)",(sitemap)
https://pandaexteriors.com/blog/project/panda-ext-11284/,"listed only in the sitemap, not linked from any page (/blog/project/)",(sitemap)
https://pandaexteriors.com/blog/project/panda-ext-11286/,"listed only in the sitemap, not linked from any page (/blog/project/)",(sitemap)
https://pandaexteriors.com/blog/project/panda-ext-11287/,"listed only in the sitemap, not linked from any page (/blog/project/)",(sitemap)
https://pandaexteriors.com/blog/project/panda-ext-11288/,"listed only in the sitemap, not linked from any page (/blog/project/)",(sitemap)
https://pandaexteriors.com/blog/project/panda-ext-11289/,"listed only in the sitemap, not linked from any page (/blog/project/)",(sitemap)
https://pandaexteriors.com/blog/project/panda-ext-11290/,"listed only in the sitemap, not linked from any page (/blog/project/)",(sitemap)
https://pandaexteriors.com/blog/project/panda-ext-11291/,"listed only in the sitemap, not linked from any page (/blog/project/)",(sitemap)
https://pandaexteriors.com/blog/project/panda-ext-11292/,"listed only in the sitemap, not linked from any page (/blog/project/)",(sitemap)
https://pandaexteriors.com/blog/project/panda-ext-11294/,"listed only in the sitemap, not linked from any page (/blog/project/)",(sitemap)
https://pandaexteriors.com/blog/project/panda-ext-11295/,"listed only in the sitemap, not linked from any page (/blog/project/)",(sitemap)
https://pandaexteriors.com/blog/project/panda-ext-11296-2/,"listed only in the sitemap, not linked from any page (/blog/project/)",(sitemap)
https://pandaexteriors.com/blog/project/panda-ext-11296-3/,"listed only in the sitemap, not linked from any page (/blog/project/)",(sitemap)
https://pandaexteriors.com/blog/project/panda-ext-11296-4/,"listed only in the sitemap, not linked from any page (/blog/project/)",(sitemap)
https://pandaexteriors.com/blog/project/panda-ext-11296-5/,"listed only in the sitemap, not linked from any page (/blog/project/)",(sitemap)
https://pandaexteriors.com/blog/project/panda-ext-11296-6/,"listed only in the sitemap, not linked from any page (/blog/project/)",(sitemap)
https://pandaexteriors.com/blog/project/panda-ext-11296-7/,"listed only in the sitemap, not linked from any page (/blog/project/)",(sitemap)
https://pandaexteriors.com/blog/project/panda-ext-11296/,"listed only in the sitemap, not linked from any page (/blog/project/)",(sitemap)
https://pandaexteriors.com/blog/project/panda-ext-11300/,"listed only in the sitemap, not linked from any page (/blog/project/)",(sitemap)
https://pandaexteriors.com/blog/project/panda-ext-11301/,"listed only in the sitemap, not linked from any page (/blog/project/)",(sitemap)
https://pandaexteriors.com/blog/project/panda-ext-11302/,"listed only in the sitemap, not linked from any page (/blog/project/)",(sitemap)
https://pandaexteriors.com/blog/project/panda-ext-11303/,"listed only in the sitemap, not linked from any page (/blog/project/)",(sitemap)
https://pandaexteriors.com/blog/project/panda-ext-11304/,"listed only in the sitemap, not linked from any page (/blog/project/)",(sitemap)
https://pandaexteriors.com/blog/project/panda-ext-11305/,"listed only in the sitemap, not linked from any page (/blog/project/)",(sitemap)
https://pandaexteriors.com/blog/project/panda-ext-11306/,"listed only in the sitemap, not linked from any page (/blog/project/)",(sitemap)
https://pandaexteriors.com/blog/project/panda-ext-11307/,"listed only in the sitemap, not linked from any page (/blog/project/)",(sitemap)
https://pandaexteriors.com/blog/project/panda-ext-11313/,"listed only in the sitemap, not linked from any page (/blog/project/)",(sitemap)
https://pandaexteriors.com/blog/project/panda-ext-11314/,"listed only in the sitemap, not linked from any page (/blog/project/)",(sitemap)
https://pandaexteriors.com/blog/project/panda-ext-11316/,"listed only in the sitemap, not linked from any page (/blog/project/)",(sitemap)
https://pandaexteriors.com/blog/project/panda-ext-11318-2/,"listed only in the sitemap, not linked from any page (/blog/project/)",(sitemap)
https://pandaexteriors.com/blog/project/panda-ext-11318-5/,"listed only in the sitemap, not linked from any page (/blog/project/)",(sitemap)
https://pandaexteriors.com/blog/project/panda-ext-11318/,"listed only in the sitemap, not linked from any page (/blog/project/)",(sitemap)
https://pandaexteriors.com/blog/project/panda-ext-11321/,"listed only in the sitemap, not linked from any page (/blog/project/)",(sitemap)
https://pandaexteriors.com/blog/project/panda-ext-11323/,"listed only in the sitemap, not linked from any page (/blog/project/)",(sitemap)
https://pandaexteriors.com/blog/project/panda-ext-11324/,"listed only in the sitemap, not linked from any page (/blog/project/)",(sitemap)
https://pandaexteriors.com/blog/project/panda-ext-11327/,"listed only in the sitemap, not linked from any page (/blog/project/)",(sitemap)
https://pandaexteriors.com/blog/project/panda-ext-11329/,"listed only in the sitemap, not linked from any page (/blog/project/)",(sitemap)
https://pandaexteriors.com/blog/project/panda-ext-11330/,"listed only in the sitemap, not linked from any page (/blog/project/)",(sitemap)
https://pandaexteriors.com/blog/project/panda-ext-11331/,"listed only in the sitemap, not linked from any page (/blog/project/)",(sitemap)
https://pandaexteriors.com/blog/project/panda-ext-11333/,"listed only in the sitemap, not linked from any page (/blog/project/)",(sitemap)
https://pandaexteriors.com/blog/project/panda-ext-11336-2/,"listed only in the sitemap, not linked from any page (/blog/project/)",(sitemap)
https://pandaexteriors.com/blog/project/panda-ext-11336-3/,"listed only in the sitemap, not linked from any page (/blog/project/)",(sitemap)
https://pandaexteriors.com/blog/project/panda-ext-11336-4/,"listed only in the sitemap, not linked from any page (/blog/project/)",(sitemap)
https://pandaexteriors.com/blog/project/panda-ext-11336-5/,"listed only in the sitemap, not linked from any page (/blog/project/)",(sitemap)
https://pandaexteriors.com/blog/project/panda-ext-11336/,"listed only in the sitemap, not linked from any page (/blog/project/)",(sitemap)
https://pandaexteriors.com/blog/project/panda-ext-11344/,"listed only in the sitemap, not linked from any page (/blog/project/)",(sitemap)
https://pandaexteriors.com/blog/project/panda-ext-11345/,"listed only in the sitemap, not linked from any page (/blog/project/)",(sitemap)
https://pandaexteriors.com/blog/project/panda-ext-11346/,"listed only in the sitemap, not linked from any page (/blog/project/)",(sitemap)
https://pandaexteriors.com/blog/project/panda-ext-11347/,"listed only in the sitemap, not linked from any page (/blog/project/)",(sitemap)
https://pandaexteriors.com/blog/project/panda-ext-11353/,"listed only in the sitemap, not linked from any page (/blog/project/)",(sitemap)
https://pandaexteriors.com/blog/project/panda-ext-11354-2/,"listed only in the sitemap, not linked from any page (/blog/project/)",(sitemap)
https://pandaexteriors.com/blog/project/panda-ext-11354-3/,"listed only in the sitemap, not linked from any page (/blog/project/)",(sitemap)
https://pandaexteriors.com/blog/project/panda-ext-11354-4/,"listed only in the sitemap, not linked from any page (/blog/project/)",(sitemap)
https://pandaexteriors.com/blog/project/panda-ext-11354-5/,"listed only in the sitemap, not linked from any page (/blog/project/)",(sitemap)
https://pandaexteriors.com/blog/project/panda-ext-11354/,"listed only in the sitemap, not linked from any page (/blog/project/)",(sitemap)
https://pandaexteriors.com/blog/project/panda-ext-11359/,"listed only in the sitemap, not linked from any page (/blog/project/)",(sitemap)
https://pandaexteriors.com/blog/project/panda-ext-11361/,"listed only in the sitemap, not linked from any page (/blog/project/)",(sitemap)
https://pandaexteriors.com/blog/project/panda-ext-11363/,"listed only in the sitemap, not linked from any page (/blog/project/)",(sitemap)
https://pandaexteriors.com/blog/project/panda-ext-11364/,"listed only in the sitemap, not linked from any page (/blog/project/)",(sitemap)
https://pandaexteriors.com/blog/project/panda-ext-11370/,"listed only in the sitemap, not linked from any page (/blog/project/)",(sitemap)
https://pandaexteriors.com/blog/project/panda-ext-11371/,"listed only in the sitemap, not linked from any page (/blog/project/)",(sitemap)
https://pandaexteriors.com/blog/project/panda-ext-11372/,"listed only in the sitemap, not linked from any page (/blog/project/)",(sitemap)
https://pandaexteriors.com/blog/project/panda-ext-11374-2/,"listed only in the sitemap, not linked from any page (/blog/project/)",(sitemap)
https://pandaexteriors.com/blog/project/panda-ext-11374-3/,"listed only in the sitemap, not linked from any page (/blog/project/)",(sitemap)
https://pandaexteriors.com/blog/project/panda-ext-11374-4/,"listed only in the sitemap, not linked from any page (/blog/project/)",(sitemap)
https://pandaexteriors.com/blog/project/panda-ext-11374-5/,"listed only in the sitemap, not linked from any page (/blog/project/)",(sitemap)
https://pandaexteriors.com/blog/project/panda-ext-11374/,"listed only in the sitemap, not linked from any page (/blog/project/)",(sitemap)
https://pandaexteriors.com/blog/project/panda-ext-11376/,"listed only in the sitemap, not linked from any page (/blog/project/)",(sitemap)
https://pandaexteriors.com/blog/project/panda-ext-11377/,"listed only in the sitemap, not linked from any page (/blog/project/)",(sitemap)
https://pandaexteriors.com/blog/project/panda-ext-11378-2/,"listed only in the sitemap, not linked from any page (/blog/project/)",(sitemap)
https://pandaexteriors.com/blog/project/panda-ext-11378-3/,"listed only in the sitemap, not linked from any page (/blog/project/)",(sitemap)
https://pandaexteriors.com/blog/project/panda-ext-11378-4/,"listed only in the sitemap, not linked from any page (/blog/project/)",(sitemap)
https://pandaexteriors.com/blog/project/panda-ext-11378-5/,"listed only in the sitemap, not linked from any page (/blog/project/)",(sitemap)
https://pandaexteriors.com/blog/project/panda-ext-11378-6/,"listed only in the sitemap, not linked from any page (/blog/project/)",(sitemap)
https://pandaexteriors.com/blog/project/panda-ext-11378-7/,"listed only in the sitemap, not linked from any page (/blog/project/)",(sitemap)
https://pandaexteriors.com/blog/project/panda-ext-11378-8/,"listed only in the sitemap, not linked from any page (/blog/project/)",(sitemap)
https://pandaexteriors.com/blog/project/panda-ext-11378/,"listed only in the sitemap, not linked from any page (/blog/project/)",(sitemap)
https://pandaexteriors.com/blog/project/panda-ext-11380/,"listed only in the sitemap, not linked from any page (/blog/project/)",(sitemap)
https://pandaexteriors.com/blog/project/panda-ext-11392/,"listed only in the sitemap, not linked from any page (/blog/project/)",(sitemap)
https://pandaexteriors.com/blog/project/panda-ext-11393/,"listed only in the sitemap, not linked from any page (/blog/project/)",(sitemap)
https://pandaexteriors.com/blog/project/panda-ext-11394/,"listed only in the sitemap, not linked from any page (/blog/project/)",(sitemap)
https://pandaexteriors.com/blog/project/panda-ext-11395/,"listed only in the sitemap, not linked from any page (/blog/project/)",(sitemap)
https://pandaexteriors.com/blog/project/panda-ext-11397/,"listed only in the sitemap, not linked from any page (/blog/project/)",(sitemap)
https://pandaexteriors.com/blog/project/panda-ext-11404-2/,"listed only in the sitemap, not linked from any page (/blog/project/)",(sitemap)
https://pandaexteriors.com/blog/project/panda-ext-11404-3/,"listed only in the sitemap, not linked from any page (/blog/project/)",(sitemap)
https://pandaexteriors.com/blog/project/panda-ext-11404-4/,"listed only in the sitemap, not linked from any page (/blog/project/)",(sitemap)
https://pandaexteriors.com/blog/project/panda-ext-11404-5/,"listed only in the sitemap, not linked from any page (/blog/project/)",(sitemap)
https://pandaexteriors.com/blog/project/panda-ext-11404/,"listed only in the sitemap, not linked from any page (/blog/project/)",(sitemap)
https://pandaexteriors.com/blog/project/panda-ext-11406/,"listed only in the sitemap, not linked from any page (/blog/project/)",(sitemap)
https://pandaexteriors.com/blog/project/panda-ext-11413/,"listed only in the sitemap, not linked from any page (/blog/project/)",(sitemap)
https://pandaexteriors.com/blog/project/panda-ext-11428/,"listed only in the sitemap, not linked from any page (/blog/project/)",(sitemap)
https://pandaexteriors.com/blog/project/panda-ext-11429/,"listed only in the sitemap, not linked from any page (/blog/project/)",(sitemap)
https://pandaexteriors.com/blog/project/panda-ext-11430/,"listed only in the sitemap, not linked from any page (/blog/project/)",(sitemap)
https://pandaexteriors.com/blog/project/panda-ext-11432/,"listed only in the sitemap, not linked from any page (/blog/project/)",(sitemap)
https://pandaexteriors.com/blog/project/panda-ext-11433/,"listed only in the sitemap, not linked from any page (/blog/project/)",(sitemap)
https://pandaexteriors.com/blog/project/panda-ext-11434/,"listed only in the sitemap, not linked from any page (/blog/project/)",(sitemap)
https://pandaexteriors.com/blog/project/panda-ext-11435/,"listed only in the sitemap, not linked from any page (/blog/project/)",(sitemap)
https://pandaexteriors.com/blog/project/panda-ext-11436/,"listed only in the sitemap, not linked from any page (/blog/project/)",(sitemap)
https://pandaexteriors.com/blog/project/panda-ext-11438/,"listed only in the sitemap, not linked from any page (/blog/project/)",(sitemap)
https://pandaexteriors.com/blog/project/panda-ext-11443/,"listed only in the sitemap, not linked from any page (/blog/project/)",(sitemap)
https://pandaexteriors.com/blog/project/panda-ext-11445/,"listed only in the sitemap, not linked from any page (/blog/project/)",(sitemap)
https://pandaexteriors.com/blog/project/panda-ext-11447/,"listed only in the sitemap, not linked from any page (/blog/project/)",(sitemap)
https://pandaexteriors.com/blog/project/panda-ext-11448/,"listed only in the sitemap, not linked from any page (/blog/project/)",(sitemap)
https://pandaexteriors.com/blog/project/panda-ext-11456/,"listed only in the sitemap, not linked from any page (/blog/project/)",(sitemap)
https://pandaexteriors.com/blog/project/panda-ext-11478/,"listed only in the sitemap, not linked from any page (/blog/project/)",(sitemap)
https://pandaexteriors.com/blog/project/panda-ext-11479/,"listed only in the sitemap, not linked from any page (/blog/project/)",(sitemap)
https://pandaexteriors.com/blog/project/panda-ext-11480/,"listed only in the sitemap, not linked from any page (/blog/project/)",(sitemap)
https://pandaexteriors.com/blog/project/panda-ext-11482/,"listed only in the sitemap, not linked from any page (/blog/project/)",(sitemap)
https://pandaexteriors.com/blog/project/panda-ext-11483/,"listed only in the sitemap, not linked from any page (/blog/project/)",(sitemap)
https://pandaexteriors.com/blog/project/panda-ext-11486/,"listed only in the sitemap, not linked from any page (/blog/project/)",(sitemap)
https://pandaexteriors.com/blog/project/panda-ext-11487/,"listed only in the sitemap, not linked from any page (/blog/project/)",(sitemap)
https://pandaexteriors.com/blog/project/panda-ext-11488/,"listed only in the sitemap, not linked from any page (/blog/project/)",(sitemap)
https://pandaexteriors.com/blog/project/panda-ext-11490/,"listed only in the sitemap, not linked from any page (/blog/project/)",(sitemap)
https://pandaexteriors.com/blog/project/panda-ext-11492/,"listed only in the sitemap, not linked from any page (/blog/project/)",(sitemap)
https://pandaexteriors.com/blog/project/panda-ext-11497/,"listed only in the sitemap, not linked from any page (/blog/project/)",(sitemap)
https://pandaexteriors.com/blog/project/panda-ext-11500/,"listed only in the sitemap, not linked from any page (/blog/project/)",(sitemap)
https://pandaexteriors.com/blog/project/panda-ext-11503/,"listed only in the sitemap, not linked from any page (/blog/project/)",(sitemap)
https://pandaexteriors.com/blog/project/panda-ext-11505/,"listed only in the sitemap, not linked from any page (/blog/project/)",(sitemap)
https://pandaexteriors.com/blog/project/panda-ext-11506/,"listed only in the sitemap, not linked from any page (/blog/project/)",(sitemap)
https://pandaexteriors.com/blog/project/panda-ext-11507/,"listed only in the sitemap, not linked from any page (/blog/project/)",(sitemap)
https://pandaexteriors.com/blog/project/panda-ext-11509/,"listed only in the sitemap, not linked from any page (/blog/project/)",(sitemap)
https://pandaexteriors.com/blog/project/panda-ext-11513/,"listed only in the sitemap, not linked from any page (/blog/project/)",(sitemap)
https://pandaexteriors.com/blog/project/panda-ext-11514/,"listed only in the sitemap, not linked from any page (/blog/project/)",(sitemap)
https://pandaexteriors.com/blog/project/panda-ext-11515/,"listed only in the sitemap, not linked from any page (/blog/project/)",(sitemap)
https://pandaexteriors.com/blog/project/panda-ext-11516/,"listed only in the sitemap, not linked from any page (/blog/project/)",(sitemap)
https://pandaexteriors.com/blog/project/panda-ext-11519/,"listed only in the sitemap, not linked from any page (/blog/project/)",(sitemap)
https://pandaexteriors.com/blog/project/panda-ext-11521/,"listed only in the sitemap, not linked from any page (/blog/project/)",(sitemap)
https://pandaexteriors.com/blog/project/panda-ext-11523/,"listed only in the sitemap, not linked from any page (/blog/project/)",(sitemap)
https://pandaexteriors.com/blog/project/panda-ext-11525/,"listed only in the sitemap, not linked from any page (/blog/project/)",(sitemap)
https://pandaexteriors.com/blog/project/panda-ext-11528/,"listed only in the sitemap, not linked from any page (/blog/project/)",(sitemap)
https://pandaexteriors.com/blog/project/panda-ext-11539-2/,"listed only in the sitemap, not linked from any page (/blog/project/)",(sitemap)
https://pandaexteriors.com/blog/project/panda-ext-11539-3/,"listed only in the sitemap, not linked from any page (/blog/project/)",(sitemap)
https://pandaexteriors.com/blog/project/panda-ext-11539-4/,"listed only in the sitemap, not linked from any page (/blog/project/)",(sitemap)
https://pandaexteriors.com/blog/project/panda-ext-11539-5/,"listed only in the sitemap, not linked from any page (/blog/project/)",(sitemap)
https://pandaexteriors.com/blog/project/panda-ext-11539/,"listed only in the sitemap, not linked from any page (/blog/project/)",(sitemap)
https://pandaexteriors.com/blog/project/panda-ext-11543/,"listed only in the sitemap, not linked from any page (/blog/project/)",(sitemap)
https://pandaexteriors.com/blog/project/panda-ext-11544/,"listed only in the sitemap, not linked from any page (/blog/project/)",(sitemap)
https://pandaexteriors.com/blog/project/panda-ext-11545/,"listed only in the sitemap, not linked from any page (/blog/project/)",(sitemap)
https://pandaexteriors.com/blog/project/panda-ext-11546/,"listed only in the sitemap, not linked from any page (/blog/project/)",(sitemap)
https://pandaexteriors.com/blog/project/panda-ext-11548/,"listed only in the sitemap, not linked from any page (/blog/project/)",(sitemap)
https://pandaexteriors.com/blog/project/panda-ext-11550/,"listed only in the sitemap, not linked from any page (/blog/project/)",(sitemap)
https://pandaexteriors.com/blog/project/panda-ext-11552/,"listed only in the sitemap, not linked from any page (/blog/project/)",(sitemap)
https://pandaexteriors.com/blog/project/panda-ext-11553/,"listed only in the sitemap, not linked from any page (/blog/project/)",(sitemap)
https://pandaexteriors.com/blog/project/panda-ext-11554/,"listed only in the sitemap, not linked from any page (/blog/project/)",(sitemap)
https://pandaexteriors.com/blog/project/panda-ext-11555/,"listed only in the sitemap, not linked from any page (/blog/project/)",(sitemap)
https://pandaexteriors.com/blog/project/panda-ext-11558/,"listed only in the sitemap, not linked from any page (/blog/project/)",(sitemap)
https://pandaexteriors.com/blog/project/panda-ext-11559/,"listed only in the sitemap, not linked from any page (/blog/project/)",(sitemap)
https://pandaexteriors.com/blog/project/panda-ext-11564/,"listed only in the sitemap, not linked from any page (/blog/project/)",(sitemap)
https://pandaexteriors.com/blog/project/panda-ext-11572/,"listed only in the sitemap, not linked from any page (/blog/project/)",(sitemap)
https://pandaexteriors.com/blog/project/panda-ext-11575/,"listed only in the sitemap, not linked from any page (/blog/project/)",(sitemap)
https://pandaexteriors.com/blog/project/panda-ext-11577/,"listed only in the sitemap, not linked from any page (/blog/project/)",(sitemap)
https://pandaexteriors.com/blog/project/panda-ext-11578/,"listed only in the sitemap, not linked from any page (/blog/project/)",(sitemap)
https://pandaexteriors.com/blog/project/panda-ext-11580/,"listed only in the sitemap, not linked from any page (/blog/project/)",(sitemap)
https://pandaexteriors.com/blog/project/panda-ext-11588/,"listed only in the sitemap, not linked from any page (/blog/project/)",(sitemap)
https://pandaexteriors.com/blog/project/panda-ext-11589/,"listed only in the sitemap, not linked from any page (/blog/project/)",(sitemap)
https://pandaexteriors.com/blog/project/panda-ext-11590/,"listed only in the sitemap, not linked from any page (/blog/project/)",(sitemap)
https://pandaexteriors.com/blog/project/panda-ext-11592/,"listed only in the sitemap, not linked from any page (/blog/project/)",(sitemap)
https://pandaexteriors.com/blog/project/panda-ext-11593/,"listed only in the sitemap, not linked from any page (/blog/project/)",(sitemap)
https://pandaexteriors.com/blog/project/panda-ext-11594/,"listed only in the sitemap, not linked from any page (/blog/project/)",(sitemap)
https://pandaexteriors.com/blog/project/panda-ext-11600/,"listed only in the sitemap, not linked from any page (/blog/project/)",(sitemap)
https://pandaexteriors.com/blog/project/panda-ext-11604-2/,"listed only in the sitemap, not linked from any page (/blog/project/)",(sitemap)
https://pandaexteriors.com/blog/project/panda-ext-11604-3/,"listed only in the sitemap, not linked from any page (/blog/project/)",(sitemap)
https://pandaexteriors.com/blog/project/panda-ext-11604-4/,"listed only in the sitemap, not linked from any page (/blog/project/)",(sitemap)
https://pandaexteriors.com/blog/project/panda-ext-11604-5/,"listed only in the sitemap, not linked from any page (/blog/project/)",(sitemap)
https://pandaexteriors.com/blog/project/panda-ext-11604/,"listed only in the sitemap, not linked from any page (/blog/project/)",(sitemap)
https://pandaexteriors.com/blog/project/panda-ext-11605/,"listed only in the sitemap, not linked from any page (/blog/project/)",(sitemap)
https://pandaexteriors.com/blog/project/panda-ext-11607/,"listed only in the sitemap, not linked from any page (/blog/project/)",(sitemap)
https://pandaexteriors.com/blog/project/panda-ext-11609/,"listed only in the sitemap, not linked from any page (/blog/project/)",(sitemap)
https://pandaexteriors.com/blog/project/panda-ext-11616/,"listed only in the sitemap, not linked from any page (/blog/project/)",(sitemap)
https://pandaexteriors.com/blog/project/panda-ext-11617/,"listed only in the sitemap, not linked from any page (/blog/project/)",(sitemap)
https://pandaexteriors.com/blog/project/panda-ext-11624/,"listed only in the sitemap, not linked from any page (/blog/project/)",(sitemap)
https://pandaexteriors.com/blog/project/panda-ext-11626/,"listed only in the sitemap, not linked from any page (/blog/project/)",(sitemap)
https://pandaexteriors.com/blog/project/panda-ext-11631/,"listed only in the sitemap, not linked from any page (/blog/project/)",(sitemap)
https://pandaexteriors.com/blog/project/panda-ext-11632/,"listed only in the sitemap, not linked from any page (/blog/project/)",(sitemap)
https://pandaexteriors.com/blog/project/panda-ext-11633/,"listed only in the sitemap, not linked from any page (/blog/project/)",(sitemap)
https://pandaexteriors.com/blog/project/panda-ext-11635/,"listed only in the sitemap, not linked from any page (/blog/project/)",(sitemap)
https://pandaexteriors.com/blog/project/panda-ext-11636/,"listed only in the sitemap, not linked from any page (/blog/project/)",(sitemap)
https://pandaexteriors.com/blog/project/panda-ext-11644/,"listed only in the sitemap, not linked from any page (/blog/project/)",(sitemap)
https://pandaexteriors.com/blog/project/panda-ext-11651/,"listed only in the sitemap, not linked from any page (/blog/project/)",(sitemap)
https://pandaexteriors.com/blog/project/panda-ext-11655/,"listed only in the sitemap, not linked from any page (/blog/project/)",(sitemap)
https://pandaexteriors.com/blog/project/panda-ext-11656/,"listed only in the sitemap, not linked from any page (/blog/project/)",(sitemap)
https://pandaexteriors.com/blog/project/panda-ext-11657/,"listed only in the sitemap, not linked from any page (/blog/project/)",(sitemap)
https://pandaexteriors.com/blog/project/panda-ext-11659/,"listed only in the sitemap, not linked from any page (/blog/project/)",(sitemap)
https://pandaexteriors.com/blog/project/panda-ext-11660/,"listed only in the sitemap, not linked from any page (/blog/project/)",(sitemap)
https://pandaexteriors.com/blog/project/panda-ext-11661/,"listed only in the sitemap, not linked from any page (/blog/project/)",(sitemap)
https://pandaexteriors.com/blog/project/panda-ext-11662/,"listed only in the sitemap, not linked from any page (/blog/project/)",(sitemap)
https://pandaexteriors.com/blog/project/panda-ext-11663/,"listed only in the sitemap, not linked from any page (/blog/project/)",(sitemap)
https://pandaexteriors.com/blog/project/panda-ext-11665/,"listed only in the sitemap, not linked from any page (/blog/project/)",(sitemap)
https://pandaexteriors.com/blog/project/panda-ext-11672/,"listed only in the sitemap, not linked from any page (/blog/project/)",(sitemap)
https://pandaexteriors.com/blog/project/panda-ext-11673/,"listed only in the sitemap, not linked from any page (/blog/project/)",(sitemap)
https://pandaexteriors.com/blog/project/panda-ext-11675/,"listed only in the sitemap, not linked from any page (/blog/project/)",(sitemap)
https://pandaexteriors.com/blog/project/panda-ext-11677/,"listed only in the sitemap, not linked from any page (/blog/project/)",(sitemap)
https://pandaexteriors.com/blog/project/panda-ext-11678/,"listed only in the sitemap, not linked from any page (/blog/project/)",(sitemap)
https://pandaexteriors.com/blog/project/panda-ext-11686/,"listed only in the sitemap, not linked from any page (/blog/project/)",(sitemap)
https://pandaexteriors.com/blog/project/panda-ext-11692/,"listed only in the sitemap, not linked from any page (/blog/project/)",(sitemap)
https://pandaexteriors.com/blog/project/panda-ext-11694/,"listed only in the sitemap, not linked from any page (/blog/project/)",(sitemap)
https://pandaexteriors.com/blog/project/panda-ext-11698/,"listed only in the sitemap, not linked from any page (/blog/project/)",(sitemap)
https://pandaexteriors.com/blog/project/panda-ext-11701/,"listed only in the sitemap, not linked from any page (/blog/project/)",(sitemap)
https://pandaexteriors.com/blog/project/panda-ext-11707/,"listed only in the sitemap, not linked from any page (/blog/project/)",(sitemap)
https://pandaexteriors.com/blog/project/panda-ext-11717/,"listed only in the sitemap, not linked from any page (/blog/project/)",(sitemap)
https://pandaexteriors.com/blog/project/panda-ext-11718/,"listed only in the sitemap, not linked from any page (/blog/project/)",(sitemap)
https://pandaexteriors.com/blog/project/panda-ext-11723/,"listed only in the sitemap, not linked from any page (/blog/project/)",(sitemap)
https://pandaexteriors.com/blog/project/panda-ext-11728/,"listed only in the sitemap, not linked from any page (/blog/project/)",(sitemap)
https://pandaexteriors.com/blog/project/panda-ext-11730/,"listed only in the sitemap, not linked from any page (/blog/project/)",(sitemap)
https://pandaexteriors.com/blog/project/panda-ext-11742/,"listed only in the sitemap, not linked from any page (/blog/project/)",(sitemap)
https://pandaexteriors.com/blog/project/panda-ext-11744/,"listed only in the sitemap, not linked from any page (/blog/project/)",(sitemap)
https://pandaexteriors.com/blog/project/panda-ext-11746/,"listed only in the sitemap, not linked from any page (/blog/project/)",(sitemap)
https://pandaexteriors.com/blog/project/panda-ext-11747/,"listed only in the sitemap, not linked from any page (/blog/project/)",(sitemap)
https://pandaexteriors.com/blog/project/panda-ext-11748/,"listed only in the sitemap, not linked from any page (/blog/project/)",(sitemap)
https://pandaexteriors.com/blog/project/panda-ext-11752/,"listed only in the sitemap, not linked from any page (/blog/project/)",(sitemap)
https://pandaexteriors.com/blog/project/panda-ext-11755/,"listed only in the sitemap, not linked from any page (/blog/project/)",(sitemap)
https://pandaexteriors.com/blog/project/panda-ext-11757/,"listed only in the sitemap, not linked from any page (/blog/project/)",(sitemap)
https://pandaexteriors.com/blog/project/panda-ext-11760/,"listed only in the sitemap, not linked from any page (/blog/project/)",(sitemap)
https://pandaexteriors.com/blog/project/panda-ext-11762/,"listed only in the sitemap, not linked from any page (/blog/project/)",(sitemap)
https://pandaexteriors.com/blog/project/panda-ext-11763/,"listed only in the sitemap, not linked from any page (/blog/project/)",(sitemap)
https://pandaexteriors.com/blog/project/panda-ext-11764/,"listed only in the sitemap, not linked from any page (/blog/project/)",(sitemap)
https://pandaexteriors.com/blog/project/panda-ext-11768/,"listed only in the sitemap, not linked from any page (/blog/project/)",(sitemap)
https://pandaexteriors.com/blog/project/panda-ext-11769/,"listed only in the sitemap, not linked from any page (/blog/project/)",(sitemap)
https://pandaexteriors.com/blog/project/panda-ext-11772/,"listed only in the sitemap, not linked from any page (/blog/project/)",(sitemap)
https://pandaexteriors.com/blog/project/panda-ext-11773/,"listed only in the sitemap, not linked from any page (/blog/project/)",(sitemap)
https://pandaexteriors.com/blog/project/panda-ext-11774/,"listed only in the sitemap, not linked from any page (/blog/project/)",(sitemap)
https://pandaexteriors.com/blog/project/panda-ext-11775/,"listed only in the sitemap, not linked from any page (/blog/project/)",(sitemap)
https://pandaexteriors.com/blog/project/panda-ext-11782/,"listed only in the sitemap, not linked from any page (/blog/project/)",(sitemap)
https://pandaexteriors.com/blog/project/panda-ext-11792/,"listed only in the sitemap, not linked from any page (/blog/project/)",(sitemap)
https://pandaexteriors.com/blog/project/panda-ext-11793/,"listed only in the sitemap, not linked from any page (/blog/project/)",(sitemap)
https://pandaexteriors.com/blog/project/panda-ext-11794/,"listed only in the sitemap, not linked from any page (/blog/project/)",(sitemap)
https://pandaexteriors.com/blog/project/panda-ext-11797/,"listed only in the sitemap, not linked from any page (/blog/project/)",(sitemap)
https://pandaexteriors.com/blog/project/panda-ext-11799/,"listed only in the sitemap, not linked from any page (/blog/project/)",(sitemap)
https://pandaexteriors.com/blog/project/panda-ext-11800/,"listed only in the sitemap, not linked from any page (/blog/project/)",(sitemap)
https://pandaexteriors.com/blog/project/panda-ext-11801/,"listed only in the sitemap, not linked from any page (/blog/project/)",(sitemap)
https://pandaexteriors.com/blog/project/panda-ext-11805/,"listed only in the sitemap, not linked from any page (/blog/project/)",(sitemap)
https://pandaexteriors.com/blog/project/panda-ext-11812/,"listed only in the sitemap, not linked from any page (/blog/project/)",(sitemap)
https://pandaexteriors.com/blog/project/panda-ext-11813/,"listed only in the sitemap, not linked from any page (/blog/project/)",(sitemap)
https://pandaexteriors.com/blog/project/panda-ext-11815/,"listed only in the sitemap, not linked from any page (/blog/project/)",(sitemap)
https://pandaexteriors.com/blog/project/panda-ext-11819/,"listed only in the sitemap, not linked from any page (/blog/project/)",(sitemap)
https://pandaexteriors.com/blog/project/panda-ext-11828/,"listed only in the sitemap, not linked from any page (/blog/project/)",(sitemap)
https://pandaexteriors.com/blog/project/panda-ext-11831/,"listed only in the sitemap, not linked from any page (/blog/project/)",(sitemap)
https://pandaexteriors.com/blog/project/panda-ext-11832/,"listed only in the sitemap, not linked from any page (/blog/project/)",(sitemap)
https://pandaexteriors.com/blog/project/panda-ext-11833/,"listed only in the sitemap, not linked from any page (/blog/project/)",(sitemap)
https://pandaexteriors.com/blog/project/panda-ext-11834/,"listed only in the sitemap, not linked from any page (/blog/project/)",(sitemap)
https://pandaexteriors.com/blog/project/panda-ext-11837/,"listed only in the sitemap, not linked from any page (/blog/project/)",(sitemap)
https://pandaexteriors.com/blog/project/panda-ext-11841/,"listed only in the sitemap, not linked from any page (/blog/project/)",(sitemap)
https://pandaexteriors.com/blog/project/panda-ext-11842/,"listed only in the sitemap, not linked from any page (/blog/project/)",(sitemap)
https://pandaexteriors.com/blog/project/panda-ext-11848/,"listed only in the sitemap, not linked from any page (/blog/project/)",(sitemap)
https://pandaexteriors.com/blog/project/panda-ext-11851/,"listed only in the sitemap, not linked from any page (/blog/project/)",(sitemap)
https://pandaexteriors.com/blog/project/panda-ext-11859/,"listed only in the sitemap, not linked from any page (/blog/project/)",(sitemap)
https://pandaexteriors.com/blog/project/panda-ext-11862/,"listed only in the sitemap, not linked from any page (/blog/project/)",(sitemap)
https://pandaexteriors.com/blog/project/panda-ext-11875/,"listed only in the sitemap, not linked from any page (/blog/project/)",(sitemap)
https://pandaexteriors.com/blog/project/panda-ext-11878/,"listed only in the sitemap, not linked from any page (/blog/project/)",(sitemap)
https://pandaexteriors.com/blog/project/panda-ext-11879/,"listed only in the sitemap, not linked from any page (/blog/project/)",(sitemap)
https://pandaexteriors.com/blog/project/panda-ext-11889/,"listed only in the sitemap, not linked from any page (/blog/project/)",(sitemap)
https://pandaexteriors.com/blog/project/panda-ext-11890/,"listed only in the sitemap, not linked from any page (/blog/project/)",(sitemap)
https://pandaexteriors.com/blog/project/panda-ext-11898/,"listed only in the sitemap, not linked from any page (/blog/project/)",(sitemap)
https://pandaexteriors.com/blog/project/panda-ext-11903/,"listed only in the sitemap, not linked from any page (/blog/project/)",(sitemap)
https://pandaexteriors.com/blog/project/panda-ext-11913/,"listed only in the sitemap, not linked from any page (/blog/project/)",(sitemap)
https://pandaexteriors.com/blog/project/panda-ext-11916/,"listed only in the sitemap, not linked from any page (/blog/project/)",(sitemap)
https://pandaexteriors.com/blog/project/panda-ext-11923/,"listed only in the sitemap, not linked from any page (/blog/project/)",(sitemap)
https://pandaexteriors.com/blog/project/panda-ext-11931/,"listed only in the sitemap, not linked from any page (/blog/project/)",(sitemap)
https://pandaexteriors.com/blog/project/panda-ext-11932/,"listed only in the sitemap, not linked from any page (/blog/project/)",(sitemap)
https://pandaexteriors.com/blog/project/panda-ext-11941/,"listed only in the sitemap, not linked from any page (/blog/project/)",(sitemap)
https://pandaexteriors.com/blog/project/panda-ext-11942/,"listed only in the sitemap, not linked from any page (/blog/project/)",(sitemap)
https://pandaexteriors.com/blog/project/panda-ext-11946/,"listed only in the sitemap, not linked from any page (/blog/project/)",(sitemap)
https://pandaexteriors.com/blog/project/panda-ext-11947/,"listed only in the sitemap, not linked from any page (/blog/project/)",(sitemap)
https://pandaexteriors.com/blog/project/panda-ext-11948/,"listed only in the sitemap, not linked from any page (/blog/project/)",(sitemap)
https://pandaexteriors.com/blog/project/panda-ext-11949/,"listed only in the sitemap, not linked from any page (/blog/project/)",(sitemap)
https://pandaexteriors.com/blog/project/panda-ext-11950/,"listed only in the sitemap, not linked from any page (/blog/project/)",(sitemap)
https://pandaexteriors.com/blog/project/panda-ext-11955/,"listed only in the sitemap, not linked from any page (/blog/project/)",(sitemap)
https://pandaexteriors.com/blog/project/panda-ext-11957/,"listed only in the sitemap, not linked from any page (/blog/project/)",(sitemap)
https://pandaexteriors.com/blog/project/panda-ext-11969/,"listed only in the sitemap, not linked from any page (/blog/project/)",(sitemap)
https://pandaexteriors.com/blog/project/panda-ext-11980/,"listed only in the sitemap, not linked from any page (/blog/project/)",(sitemap)
https://pandaexteriors.com/blog/project/panda-ext-11985/,"listed only in the sitemap, not linked from any page (/blog/project/)",(sitemap)
https://pandaexteriors.com/blog/project/panda-ext-11987/,"listed only in the sitemap, not linked from any page (/blog/project/)",(sitemap)
https://pandaexteriors.com/blog/project/panda-ext-11988/,"listed only in the sitemap, not linked from any page (/blog/project/)",(sitemap)
https://pandaexteriors.com/blog/project/panda-ext-11989/,"listed only in the sitemap, not linked from any page (/blog/project/)",(sitemap)
https://pandaexteriors.com/blog/project/panda-ext-11993/,"listed only in the sitemap, not linked from any page (/blog/project/)",(sitemap)
https://pandaexteriors.com/blog/project/panda-ext-11997/,"listed only in the sitemap, not linked from any page (/blog/project/)",(sitemap)
https://pandaexteriors.com/blog/project/panda-ext-12002/,"listed only in the sitemap, not linked from any page (/blog/project/)",(sitemap)
https://pandaexteriors.com/blog/project/panda-ext-12010/,"listed only in the sitemap, not linked from any page (/blog/project/)",(sitemap)
https://pandaexteriors.com/blog/project/panda-ext-12011/,"listed only in the sitemap, not linked from any page (/blog/project/)",(sitemap)
https://pandaexteriors.com/blog/project/panda-ext-12015/,"listed only in the sitemap, not linked from any page (/blog/project/)",(sitemap)
https://pandaexteriors.com/blog/project/panda-ext-12017/,"listed only in the sitemap, not linked from any page (/blog/project/)",(sitemap)
https://pandaexteriors.com/blog/project/panda-ext-12029/,"listed only in the sitemap, not linked from any page (/blog/project/)",(sitemap)
https://pandaexteriors.com/blog/project/panda-ext-12038/,"listed only in the sitemap, not linked from any page (/blog/project/)",(sitemap)
https://pandaexteriors.com/blog/project/panda-ext-12039/,"listed only in the sitemap, not linked from any page (/blog/project/)",(sitemap)
https://pandaexteriors.com/blog/project/panda-ext-12041/,"listed only in the sitemap, not linked from any page (/blog/project/)",(sitemap)
https://pandaexteriors.com/blog/project/panda-ext-12044/,"listed only in the sitemap, not linked from any page (/blog/project/)",(sitemap)
https://pandaexteriors.com/blog/project/panda-ext-12045/,"listed only in the sitemap, not linked from any page (/blog/project/)",(sitemap)
https://pandaexteriors.com/blog/project/panda-ext-12046/,"listed only in the sitemap, not linked from any page (/blog/project/)",(sitemap)
https://pandaexteriors.com/blog/project/panda-ext-12049-2/,"listed only in the sitemap, not linked from any page (/blog/project/)",(sitemap)
https://pandaexteriors.com/blog/project/panda-ext-12049/,"listed only in the sitemap, not linked from any page (/blog/project/)",(sitemap)
https://pandaexteriors.com/blog/project/panda-ext-12056/,"listed only in the sitemap, not linked from any page (/blog/project/)",(sitemap)
https://pandaexteriors.com/blog/project/panda-ext-12058/,"listed only in the sitemap, not linked from any page (/blog/project/)",(sitemap)
https://pandaexteriors.com/blog/project/panda-ext-12059/,"listed only in the sitemap, not linked from any page (/blog/project/)",(sitemap)
https://pandaexteriors.com/blog/project/panda-ext-12067/,"listed only in the sitemap, not linked from any page (/blog/project/)",(sitemap)
https://pandaexteriors.com/blog/project/panda-ext-12068/,"listed only in the sitemap, not linked from any page (/blog/project/)",(sitemap)
https://pandaexteriors.com/blog/project/panda-ext-12069/,"listed only in the sitemap, not linked from any page (/blog/project/)",(sitemap)
https://pandaexteriors.com/blog/project/panda-ext-12070/,"listed only in the sitemap, not linked from any page (/blog/project/)",(sitemap)
https://pandaexteriors.com/blog/project/panda-ext-12073/,"listed only in the sitemap, not linked from any page (/blog/project/)",(sitemap)
https://pandaexteriors.com/blog/project/panda-ext-12076/,"listed only in the sitemap, not linked from any page (/blog/project/)",(sitemap)
https://pandaexteriors.com/blog/project/panda-ext-12080/,"listed only in the sitemap, not linked from any page (/blog/project/)",(sitemap)
https://pandaexteriors.com/blog/project/panda-ext-12087/,"listed only in the sitemap, not linked from any page (/blog/project/)",(sitemap)
https://pandaexteriors.com/blog/project/panda-ext-12089/,"listed only in the sitemap, not linked from any page (/blog/project/)",(sitemap)
https://pandaexteriors.com/blog/project/panda-ext-12091/,"listed only in the sitemap, not linked from any page (/blog/project/)",(sitemap)
https://pandaexteriors.com/blog/project/panda-ext-12094/,"listed only in the sitemap, not linked from any page (/blog/project/)",(sitemap)
https://pandaexteriors.com/blog/project/panda-ext-12109/,"listed only in the sitemap, not linked from any page (/blog/project/)",(sitemap)
https://pandaexteriors.com/blog/project/panda-ext-12110/,"listed only in the sitemap, not linked from any page (/blog/project/)",(sitemap)
https://pandaexteriors.com/blog/project/panda-ext-12115/,"listed only in the sitemap, not linked from any page (/blog/project/)",(sitemap)
https://pandaexteriors.com/blog/project/panda-ext-12116/,"listed only in the sitemap, not linked from any page (/blog/project/)",(sitemap)
https://pandaexteriors.com/blog/project/panda-ext-12117/,"listed only in the sitemap, not linked from any page (/blog/project/)",(sitemap)
https://pandaexteriors.com/blog/project/panda-ext-12118/,"listed only in the sitemap, not linked from any page (/blog/project/)",(sitemap)
https://pandaexteriors.com/blog/project/panda-ext-12119/,"listed only in the sitemap, not linked from any page (/blog/project/)",(sitemap)
https://pandaexteriors.com/blog/project/panda-ext-12120/,"listed only in the sitemap, not linked from any page (/blog/project/)",(sitemap)
https://pandaexteriors.com/blog/project/panda-ext-12139/,"listed only in the sitemap, not linked from any page (/blog/project/)",(sitemap)
https://pandaexteriors.com/blog/project/panda-ext-12145/,"listed only in the sitemap, not linked from any page (/blog/project/)",(sitemap)
https://pandaexteriors.com/blog/project/panda-ext-12153/,"listed only in the sitemap, not linked from any page (/blog/project/)",(sitemap)
https://pandaexteriors.com/blog/project/panda-ext-12154/,"listed only in the sitemap, not linked from any page (/blog/project/)",(sitemap)
https://pandaexteriors.com/blog/project/panda-ext-12155/,"listed only in the sitemap, not linked from any page (/blog/project/)",(sitemap)
https://pandaexteriors.com/blog/project/panda-ext-12156/,"listed only in the sitemap, not linked from any page (/blog/project/)",(sitemap)
https://pandaexteriors.com/blog/project/panda-ext-12157/,"listed only in the sitemap, not linked from any page (/blog/project/)",(sitemap)
https://pandaexteriors.com/blog/project/panda-ext-12162/,"listed only in the sitemap, not linked from any page (/blog/project/)",(sitemap)
https://pandaexteriors.com/blog/project/panda-ext-12185/,"listed only in the sitemap, not linked from any page (/blog/project/)",(sitemap)
https://pandaexteriors.com/blog/project/panda-ext-12189/,"listed only in the sitemap, not linked from any page (/blog/project/)",(sitemap)
https://pandaexteriors.com/blog/project/panda-ext-12191/,"listed only in the sitemap, not linked from any page (/blog/project/)",(sitemap)
https://pandaexteriors.com/blog/project/panda-ext-12193/,"listed only in the sitemap, not linked from any page (/blog/project/)",(sitemap)
https://pandaexteriors.com/blog/project/panda-ext-12194/,"listed only in the sitemap, not linked from any page (/blog/project/)",(sitemap)
https://pandaexteriors.com/blog/project/panda-ext-12195/,"listed only in the sitemap, not linked from any page (/blog/project/)",(sitemap)
https://pandaexteriors.com/blog/project/panda-ext-12202/,"listed only in the sitemap, not linked from any page (/blog/project/)",(sitemap)
https://pandaexteriors.com/blog/project/panda-ext-12206/,"listed only in the sitemap, not linked from any page (/blog/project/)",(sitemap)
https://pandaexteriors.com/blog/project/panda-ext-12207/,"listed only in the sitemap, not linked from any page (/blog/project/)",(sitemap)
https://pandaexteriors.com/blog/project/panda-ext-12226/,"listed only in the sitemap, not linked from any page (/blog/project/)",(sitemap)
https://pandaexteriors.com/blog/project/panda-ext-12227/,"listed only in the sitemap, not linked from any page (/blog/project/)",(sitemap)
https://pandaexteriors.com/blog/project/panda-ext-12257/,"listed only in the sitemap, not linked from any page (/blog/project/)",(sitemap)
https://pandaexteriors.com/blog/project/panda-ext-12258/,"listed only in the sitemap, not linked from any page (/blog/project/)",(sitemap)
https://pandaexteriors.com/blog/project/panda-ext-12282/,"listed only in the sitemap, not linked from any page (/blog/project/)",(sitemap)
https://pandaexteriors.com/blog/project/panda-ext-12284/,"listed only in the sitemap, not linked from any page (/blog/project/)",(sitemap)
https://pandaexteriors.com/blog/project/panda-ext-12298/,"listed only in the sitemap, not linked from any page (/blog/project/)",(sitemap)
https://pandaexteriors.com/blog/project/panda-ext-12300/,"listed only in the sitemap, not linked from any page (/blog/project/)",(sitemap)
https://pandaexteriors.com/blog/project/panda-ext-12302/,"listed only in the sitemap, not linked from any page (/blog/project/)",(sitemap)
https://pandaexteriors.com/blog/project/panda-ext-12303/,"listed only in the sitemap, not linked from any page (/blog/project/)",(sitemap)
https://pandaexteriors.com/blog/project/panda-ext-12304/,"listed only in the sitemap, not linked from any page (/blog/project/)",(sitemap)
https://pandaexteriors.com/blog/project/panda-ext-12324/,"listed only in the sitemap, not linked from any page (/blog/project/)",(sitemap)
https://pandaexteriors.com/blog/project/panda-ext-12327/,"listed only in the sitemap, not linked from any page (/blog/project/)",(sitemap)
https://pandaexteriors.com/blog/project/panda-ext-12328/,"listed only in the sitemap, not linked from any page (/blog/project/)",(sitemap)
https://pandaexteriors.com/blog/project/panda-ext-12331/,"listed only in the sitemap, not linked from any page (/blog/project/)",(sitemap)
https://pandaexteriors.com/blog/project/panda-ext-12332/,"listed only in the sitemap, not linked from any page (/blog/project/)",(sitemap)
https://pandaexteriors.com/blog/project/panda-ext-12334/,"listed only in the sitemap, not linked from any page (/blog/project/)",(sitemap)
https://pandaexteriors.com/blog/project/panda-ext-12349/,"listed only in the sitemap, not linked from any page (/blog/project/)",(sitemap)
https://pandaexteriors.com/blog/project/panda-ext-12350/,"listed only in the sitemap, not linked from any page (/blog/project/)",(sitemap)
https://pandaexteriors.com/blog/project/panda-ext-12351/,"listed only in the sitemap, not linked from any page (/blog/project/)",(sitemap)
https://pandaexteriors.com/blog/project/panda-ext-12352/,"listed only in the sitemap, not linked from any page (/blog/project/)",(sitemap)
https://pandaexteriors.com/blog/project/panda-ext-12353/,"listed only in the sitemap, not linked from any page (/blog/project/)",(sitemap)
https://pandaexteriors.com/blog/project/panda-ext-12354/,"listed only in the sitemap, not linked from any page (/blog/project/)",(sitemap)
https://pandaexteriors.com/blog/project/panda-ext-12357/,"listed only in the sitemap, not linked from any page (/blog/project/)",(sitemap)
https://pandaexteriors.com/blog/project/panda-ext-12364/,"listed only in the sitemap, not linked from any page (/blog/project/)",(sitemap)
https://pandaexteriors.com/blog/project/panda-ext-12368/,"listed only in the sitemap, not linked from any page (/blog/project/)",(sitemap)
https://pandaexteriors.com/blog/project/panda-ext-12378/,"listed only in the sitemap, not linked from any page (/blog/project/)",(sitemap)
https://pandaexteriors.com/blog/project/panda-ext-12379/,"listed only in the sitemap, not linked from any page (/blog/project/)",(sitemap)
https://pandaexteriors.com/blog/project/panda-ext-12380/,"listed only in the sitemap, not linked from any page (/blog/project/)",(sitemap)
https://pandaexteriors.com/blog/project/panda-ext-12388/,"listed only in the sitemap, not linked from any page (/blog/project/)",(sitemap)
https://pandaexteriors.com/blog/project/panda-ext-12399/,"listed only in the sitemap, not linked from any page (/blog/project/)",(sitemap)
https://pandaexteriors.com/blog/project/panda-ext-12403/,"listed only in the sitemap, not linked from any page (/blog/project/)",(sitemap)
https://pandaexteriors.com/blog/project/panda-ext-12404/,"listed only in the sitemap, not linked from any page (/blog/project/)",(sitemap)
https://pandaexteriors.com/blog/project/panda-ext-12406/,"listed only in the sitemap, not linked from any page (/blog/project/)",(sitemap)
https://pandaexteriors.com/blog/project/panda-ext-12408/,"listed only in the sitemap, not linked from any page (/blog/project/)",(sitemap)
https://pandaexteriors.com/blog/project/panda-ext-12411/,"listed only in the sitemap, not linked from any page (/blog/project/)",(sitemap)
https://pandaexteriors.com/blog/project/panda-ext-12414/,"listed only in the sitemap, not linked from any page (/blog/project/)",(sitemap)
https://pandaexteriors.com/blog/project/panda-ext-12417/,"listed only in the sitemap, not linked from any page (/blog/project/)",(sitemap)
https://pandaexteriors.com/blog/project/panda-ext-12432/,"listed only in the sitemap, not linked from any page (/blog/project/)",(sitemap)
https://pandaexteriors.com/blog/project/panda-ext-12433/,"listed only in the sitemap, not linked from any page (/blog/project/)",(sitemap)
https://pandaexteriors.com/blog/project/panda-ext-12434/,"listed only in the sitemap, not linked from any page (/blog/project/)",(sitemap)
https://pandaexteriors.com/blog/project/panda-ext-12435/,"listed only in the sitemap, not linked from any page (/blog/project/)",(sitemap)
https://pandaexteriors.com/blog/project/panda-ext-12437/,"listed only in the sitemap, not linked from any page (/blog/project/)",(sitemap)
https://pandaexteriors.com/blog/project/panda-ext-12439/,"listed only in the sitemap, not linked from any page (/blog/project/)",(sitemap)
https://pandaexteriors.com/blog/project/panda-ext-12457/,"listed only in the sitemap, not linked from any page (/blog/project/)",(sitemap)
https://pandaexteriors.com/blog/project/panda-ext-12458/,"listed only in the sitemap, not linked from any page (/blog/project/)",(sitemap)
https://pandaexteriors.com/blog/project/panda-ext-12460/,"listed only in the sitemap, not linked from any page (/blog/project/)",(sitemap)
https://pandaexteriors.com/blog/project/panda-ext-12462/,"listed only in the sitemap, not linked from any page (/blog/project/)",(sitemap)
https://pandaexteriors.com/blog/project/panda-ext-12466/,"listed only in the sitemap, not linked from any page (/blog/project/)",(sitemap)
https://pandaexteriors.com/blog/project/panda-ext-12467/,"listed only in the sitemap, not linked from any page (/blog/project/)",(sitemap)
https://pandaexteriors.com/blog/project/panda-ext-12469/,"listed only in the sitemap, not linked from any page (/blog/project/)",(sitemap)
https://pandaexteriors.com/blog/project/panda-ext-12487/,"listed only in the sitemap, not linked from any page (/blog/project/)",(sitemap)
https://pandaexteriors.com/blog/project/panda-ext-12497/,"listed only in the sitemap, not linked from any page (/blog/project/)",(sitemap)
https://pandaexteriors.com/blog/project/panda-ext-12507/,"listed only in the sitemap, not linked from any page (/blog/project/)",(sitemap)
https://pandaexteriors.com/blog/project/panda-ext-12522/,"listed only in the sitemap, not linked from any page (/blog/project/)",(sitemap)
https://pandaexteriors.com/blog/project/panda-ext-12553/,"listed only in the sitemap, not linked from any page (/blog/project/)",(sitemap)
https://pandaexteriors.com/blog/project/panda-ext-12559/,"listed only in the sitemap, not linked from any page (/blog/project/)",(sitemap)
https://pandaexteriors.com/blog/project/panda-ext-12560/,"listed only in the sitemap, not linked from any page (/blog/project/)",(sitemap)
https://pandaexteriors.com/blog/project/panda-ext-12561/,"listed only in the sitemap, not linked from any page (/blog/project/)",(sitemap)
https://pandaexteriors.com/blog/project/panda-ext-12572/,"listed only in the sitemap, not linked from any page (/blog/project/)",(sitemap)
https://pandaexteriors.com/blog/project/panda-ext-12573/,"listed only in the sitemap, not linked from any page (/blog/project/)",(sitemap)
https://pandaexteriors.com/blog/project/panda-ext-12574/,"listed only in the sitemap, not linked from any page (/blog/project/)",(sitemap)
https://pandaexteriors.com/blog/project/panda-ext-12575/,"listed only in the sitemap, not linked from any page (/blog/project/)",(sitemap)
https://pandaexteriors.com/blog/project/panda-ext-12579/,"listed only in the sitemap, not linked from any page (/blog/project/)",(sitemap)
https://pandaexteriors.com/blog/project/panda-ext-12580/,"listed only in the sitemap, not linked from any page (/blog/project/)",(sitemap)
https://pandaexteriors.com/blog/project/panda-ext-12595/,"listed only in the sitemap, not linked from any page (/blog/project/)",(sitemap)
https://pandaexteriors.com/blog/project/panda-ext-12598/,"listed only in the sitemap, not linked from any page (/blog/project/)",(sitemap)
https://pandaexteriors.com/blog/project/panda-ext-12613/,"listed only in the sitemap, not linked from any page (/blog/project/)",(sitemap)
https://pandaexteriors.com/blog/project/panda-ext-12614/,"listed only in the sitemap, not linked from any page (/blog/project/)",(sitemap)
https://pandaexteriors.com/blog/project/panda-ext-12615/,"listed only in the sitemap, not linked from any page (/blog/project/)",(sitemap)
https://pandaexteriors.com/blog/project/panda-ext-12616/,"listed only in the sitemap, not linked from any page (/blog/project/)",(sitemap)
https://pandaexteriors.com/blog/project/panda-ext-12639/,"listed only in the sitemap, not linked from any page (/blog/project/)",(sitemap)
https://pandaexteriors.com/blog/project/panda-ext-12640/,"listed only in the sitemap, not linked from any page (/blog/project/)",(sitemap)
https://pandaexteriors.com/blog/project/panda-ext-12641/,"listed only in the sitemap, not linked from any page (/blog/project/)",(sitemap)
https://pandaexteriors.com/blog/project/panda-ext-12643/,"listed only in the sitemap, not linked from any page (/blog/project/)",(sitemap)
https://pandaexteriors.com/blog/project/panda-ext-12648/,"listed only in the sitemap, not linked from any page (/blog/project/)",(sitemap)
https://pandaexteriors.com/blog/project/panda-ext-12652/,"listed only in the sitemap, not linked from any page (/blog/project/)",(sitemap)
https://pandaexteriors.com/blog/project/panda-ext-12653/,"listed only in the sitemap, not linked from any page (/blog/project/)",(sitemap)
https://pandaexteriors.com/blog/project/panda-ext-12657/,"listed only in the sitemap, not linked from any page (/blog/project/)",(sitemap)
https://pandaexteriors.com/blog/project/panda-ext-12660/,"listed only in the sitemap, not linked from any page (/blog/project/)",(sitemap)
https://pandaexteriors.com/blog/project/panda-ext-12661/,"listed only in the sitemap, not linked from any page (/blog/project/)",(sitemap)
https://pandaexteriors.com/blog/project/panda-ext-12683/,"listed only in the sitemap, not linked from any page (/blog/project/)",(sitemap)
https://pandaexteriors.com/blog/project/panda-ext-12685/,"listed only in the sitemap, not linked from any page (/blog/project/)",(sitemap)
https://pandaexteriors.com/blog/project/panda-ext-12689/,"listed only in the sitemap, not linked from any page (/blog/project/)",(sitemap)
https://pandaexteriors.com/blog/project/panda-ext-12700/,"listed only in the sitemap, not linked from any page (/blog/project/)",(sitemap)
https://pandaexteriors.com/blog/project/panda-ext-12707/,"listed only in the sitemap, not linked from any page (/blog/project/)",(sitemap)
https://pandaexteriors.com/blog/project/panda-ext-12711/,"listed only in the sitemap, not linked from any page (/blog/project/)",(sitemap)
https://pandaexteriors.com/blog/project/panda-ext-12714/,"listed only in the sitemap, not linked from any page (/blog/project/)",(sitemap)
https://pandaexteriors.com/blog/project/panda-ext-12715/,"listed only in the sitemap, not linked from any page (/blog/project/)",(sitemap)
https://pandaexteriors.com/blog/project/panda-ext-12733/,"listed only in the sitemap, not linked from any page (/blog/project/)",(sitemap)
https://pandaexteriors.com/blog/project/panda-ext-12734/,"listed only in the sitemap, not linked from any page (/blog/project/)",(sitemap)
https://pandaexteriors.com/blog/project/panda-ext-12735/,"listed only in the sitemap, not linked from any page (/blog/project/)",(sitemap)
https://pandaexteriors.com/blog/project/panda-ext-12736/,"listed only in the sitemap, not linked from any page (/blog/project/)",(sitemap)
https://pandaexteriors.com/blog/project/panda-ext-12753/,"listed only in the sitemap, not linked from any page (/blog/project/)",(sitemap)
https://pandaexteriors.com/blog/project/panda-ext-12754/,"listed only in the sitemap, not linked from any page (/blog/project/)",(sitemap)
https://pandaexteriors.com/blog/project/panda-ext-13485/,"listed only in the sitemap, not linked from any page (/blog/project/)",(sitemap)
https://pandaexteriors.com/blog/project/panda-ext-13812/,"listed only in the sitemap, not linked from any page (/blog/project/)",(sitemap)
https://pandaexteriors.com/blog/project/panda-ext-14147-2/,"listed only in the sitemap, not linked from any page (/blog/project/)",(sitemap)
https://pandaexteriors.com/blog/project/panda-ext-2221-2/,"listed only in the sitemap, not linked from any page (/blog/project/)",(sitemap)
https://pandaexteriors.com/blog/project/panda-ext-2221-3/,"listed only in the sitemap, not linked from any page (/blog/project/)",(sitemap)
https://pandaexteriors.com/blog/project/panda-ext-2221-4/,"listed only in the sitemap, not linked from any page (/blog/project/)",(sitemap)
https://pandaexteriors.com/blog/project/panda-ext-2221-5/,"listed only in the sitemap, not linked from any page (/blog/project/)",(sitemap)
https://pandaexteriors.com/blog/project/panda-ext-2221-6/,"listed only in the sitemap, not linked from any page (/blog/project/)",(sitemap)
https://pandaexteriors.com/blog/project/panda-ext-2221-7/,"listed only in the sitemap, not linked from any page (/blog/project/)",(sitemap)
https://pandaexteriors.com/blog/project/panda-ext-2221-8/,"listed only in the sitemap, not linked from any page (/blog/project/)",(sitemap)
https://pandaexteriors.com/blog/project/panda-ext-2221/,"listed only in the sitemap, not linked from any page (/blog/project/)",(sitemap)
https://pandaexteriors.com/blog/project/panda-ext-2469/,"listed only in the sitemap, not linked from any page (/blog/project/)",(sitemap)
https://pandaexteriors.com/blog/project/panda-ext-2504-2/,"listed only in the sitemap, not linked from any page (/blog/project/)",(sitemap)
https://pandaexteriors.com/blog/project/panda-ext-2504-3/,"listed only in the sitemap, not linked from any page (/blog/project/)",(sitemap)
https://pandaexteriors.com/blog/project/panda-ext-2504-4/,"listed only in the sitemap, not linked from any page (/blog/project/)",(sitemap)
https://pandaexteriors.com/blog/project/panda-ext-2504-5/,"listed only in the sitemap, not linked from any page (/blog/project/)",(sitemap)
https://pandaexteriors.com/blog/project/panda-ext-2504-6/,"listed only in the sitemap, not linked from any page (/blog/project/)",(sitemap)
https://pandaexteriors.com/blog/project/panda-ext-2504-7/,"listed only in the sitemap, not linked from any page (/blog/project/)",(sitemap)
https://pandaexteriors.com/blog/project/panda-ext-2504-8/,"listed only in the sitemap, not linked from any page (/blog/project/)",(sitemap)
https://pandaexteriors.com/blog/project/panda-ext-2504/,"listed only in the sitemap, not linked from any page (/blog/project/)",(sitemap)
https://pandaexteriors.com/blog/project/panda-ext-2654/,"listed only in the sitemap, not linked from any page (/blog/project/)",(sitemap)
https://pandaexteriors.com/blog/project/panda-ext-2885-2/,"listed only in the sitemap, not linked from any page (/blog/project/)",(sitemap)
https://pandaexteriors.com/blog/project/panda-ext-2885-3/,"listed only in the sitemap, not linked from any page (/blog/project/)",(sitemap)
https://pandaexteriors.com/blog/project/panda-ext-2885-4/,"listed only in the sitemap, not linked from any page (/blog/project/)",(sitemap)
https://pandaexteriors.com/blog/project/panda-ext-2885-5/,"listed only in the sitemap, not linked from any page (/blog/project/)",(sitemap)
https://pandaexteriors.com/blog/project/panda-ext-2885-6/,"listed only in the sitemap, not linked from any page (/blog/project/)",(sitemap)
https://pandaexteriors.com/blog/project/panda-ext-2885-7/,"listed only in the sitemap, not linked from any page (/blog/project/)",(sitemap)
https://pandaexteriors.com/blog/project/panda-ext-2885-8/,"listed only in the sitemap, not linked from any page (/blog/project/)",(sitemap)
https://pandaexteriors.com/blog/project/panda-ext-2885/,"listed only in the sitemap, not linked from any page (/blog/project/)",(sitemap)
https://pandaexteriors.com/blog/project/panda-ext-2922/,"listed only in the sitemap, not linked from any page (/blog/project/)",(sitemap)
https://pandaexteriors.com/blog/project/panda-ext-3034/,"listed only in the sitemap, not linked from any page (/blog/project/)",(sitemap)
https://pandaexteriors.com/blog/project/panda-ext-3329/,"listed only in the sitemap, not linked from any page (/blog/project/)",(sitemap)
https://pandaexteriors.com/blog/project/panda-ext-3344-2/,"listed only in the sitemap, not linked from any page (/blog/project/)",(sitemap)
https://pandaexteriors.com/blog/project/panda-ext-3344-3/,"listed only in the sitemap, not linked from any page (/blog/project/)",(sitemap)
https://pandaexteriors.com/blog/project/panda-ext-3344-4/,"listed only in the sitemap, not linked from any page (/blog/project/)",(sitemap)
https://pandaexteriors.com/blog/project/panda-ext-3344-5/,"listed only in the sitemap, not linked from any page (/blog/project/)",(sitemap)
https://pandaexteriors.com/blog/project/panda-ext-3344-6/,"listed only in the sitemap, not linked from any page (/blog/project/)",(sitemap)
https://pandaexteriors.com/blog/project/panda-ext-3344-7/,"listed only in the sitemap, not linked from any page (/blog/project/)",(sitemap)
https://pandaexteriors.com/blog/project/panda-ext-3344/,"listed only in the sitemap, not linked from any page (/blog/project/)",(sitemap)
https://pandaexteriors.com/blog/project/panda-ext-3544/,"listed only in the sitemap, not linked from any page (/blog/project/)",(sitemap)
https://pandaexteriors.com/blog/project/panda-ext-3638-2/,"listed only in the sitemap, not linked from any page (/blog/project/)",(sitemap)
https://pandaexteriors.com/blog/project/panda-ext-3638-3/,"listed only in the sitemap, not linked from any page (/blog/project/)",(sitemap)
https://pandaexteriors.com/blog/project/panda-ext-3638-4/,"listed only in the sitemap, not linked from any page (/blog/project/)",(sitemap)
https://pandaexteriors.com/blog/project/panda-ext-3638-5/,"listed only in the sitemap, not linked from any page (/blog/project/)",(sitemap)
https://pandaexteriors.com/blog/project/panda-ext-3638-6/,"listed only in the sitemap, not linked from any page (/blog/project/)",(sitemap)
https://pandaexteriors.com/blog/project/panda-ext-3638-7/,"listed only in the sitemap, not linked from any page (/blog/project/)",(sitemap)
https://pandaexteriors.com/blog/project/panda-ext-3638/,"listed only in the sitemap, not linked from any page (/blog/project/)",(sitemap)
https://pandaexteriors.com/blog/project/panda-ext-3837/,"listed only in the sitemap, not linked from any page (/blog/project/)",(sitemap)
https://pandaexteriors.com/blog/project/panda-ext-3901/,"listed only in the sitemap, not linked from any page (/blog/project/)",(sitemap)
https://pandaexteriors.com/blog/project/panda-ext-3953/,"listed only in the sitemap, not linked from any page (/blog/project/)",(sitemap)
https://pandaexteriors.com/blog/project/panda-ext-3964/,"listed only in the sitemap, not linked from any page (/blog/project/)",(sitemap)
https://pandaexteriors.com/blog/project/panda-ext-4006/,"listed only in the sitemap, not linked from any page (/blog/project/)",(sitemap)
https://pandaexteriors.com/blog/project/panda-ext-4020/,"listed only in the sitemap, not linked from any page (/blog/project/)",(sitemap)
https://pandaexteriors.com/blog/project/panda-ext-4090/,"listed only in the sitemap, not linked from any page (/blog/project/)",(sitemap)
https://pandaexteriors.com/blog/project/panda-ext-4140-2/,"listed only in the sitemap, not linked from any page (/blog/project/)",(sitemap)
https://pandaexteriors.com/blog/project/panda-ext-4140-4/,"listed only in the sitemap, not linked from any page (/blog/project/)",(sitemap)
https://pandaexteriors.com/blog/project/panda-ext-4140-5/,"listed only in the sitemap, not linked from any page (/blog/project/)",(sitemap)
https://pandaexteriors.com/blog/project/panda-ext-4140-6/,"listed only in the sitemap, not linked from any page (/blog/project/)",(sitemap)
https://pandaexteriors.com/blog/project/panda-ext-4140/,"listed only in the sitemap, not linked from any page (/blog/project/)",(sitemap)
https://pandaexteriors.com/blog/project/panda-ext-4183-2/,"listed only in the sitemap, not linked from any page (/blog/project/)",(sitemap)
https://pandaexteriors.com/blog/project/panda-ext-4183-3/,"listed only in the sitemap, not linked from any page (/blog/project/)",(sitemap)
https://pandaexteriors.com/blog/project/panda-ext-4183-4/,"listed only in the sitemap, not linked from any page (/blog/project/)",(sitemap)
https://pandaexteriors.com/blog/project/panda-ext-4183-5/,"listed only in the sitemap, not linked from any page (/blog/project/)",(sitemap)
https://pandaexteriors.com/blog/project/panda-ext-4183-6/,"listed only in the sitemap, not linked from any page (/blog/project/)",(sitemap)
https://pandaexteriors.com/blog/project/panda-ext-4183-7/,"listed only in the sitemap, not linked from any page (/blog/project/)",(sitemap)
https://pandaexteriors.com/blog/project/panda-ext-4183/,"listed only in the sitemap, not linked from any page (/blog/project/)",(sitemap)
https://pandaexteriors.com/blog/project/panda-ext-4208-2/,"listed only in the sitemap, not linked from any page (/blog/project/)",(sitemap)
https://pandaexteriors.com/blog/project/panda-ext-4208-3/,"listed only in the sitemap, not linked from any page (/blog/project/)",(sitemap)
https://pandaexteriors.com/blog/project/panda-ext-4208-4/,"listed only in the sitemap, not linked from any page (/blog/project/)",(sitemap)
https://pandaexteriors.com/blog/project/panda-ext-4208-5/,"listed only in the sitemap, not linked from any page (/blog/project/)",(sitemap)
https://pandaexteriors.com/blog/project/panda-ext-4208-6/,"listed only in the sitemap, not linked from any page (/blog/project/)",(sitemap)
https://pandaexteriors.com/blog/project/panda-ext-4208-7/,"listed only in the sitemap, not linked from any page (/blog/project/)",(sitemap)
https://pandaexteriors.com/blog/project/panda-ext-4208-8/,"listed only in the sitemap, not linked from any page (/blog/project/)",(sitemap)
https://pandaexteriors.com/blog/project/panda-ext-4208/,"listed only in the sitemap, not linked from any page (/blog/project/)",(sitemap)
https://pandaexteriors.com/blog/project/panda-ext-4233/,"listed only in the sitemap, not linked from any page (/blog/project/)",(sitemap)
https://pandaexteriors.com/blog/project/panda-ext-4394/,"listed only in the sitemap, not linked from any page (/blog/project/)",(sitemap)
https://pandaexteriors.com/blog/project/panda-ext-4464-2/,"listed only in the sitemap, not linked from any page (/blog/project/)",(sitemap)
https://pandaexteriors.com/blog/project/panda-ext-4464-3/,"listed only in the sitemap, not linked from any page (/blog/project/)",(sitemap)
https://pandaexteriors.com/blog/project/panda-ext-4464-4/,"listed only in the sitemap, not linked from any page (/blog/project/)",(sitemap)
https://pandaexteriors.com/blog/project/panda-ext-4464-5/,"listed only in the sitemap, not linked from any page (/blog/project/)",(sitemap)
https://pandaexteriors.com/blog/project/panda-ext-4464/,"listed only in the sitemap, not linked from any page (/blog/project/)",(sitemap)
https://pandaexteriors.com/blog/project/panda-ext-4497/,"listed only in the sitemap, not linked from any page (/blog/project/)",(sitemap)
https://pandaexteriors.com/blog/project/panda-ext-4529/,"listed only in the sitemap, not linked from any page (/blog/project/)",(sitemap)
https://pandaexteriors.com/blog/project/panda-ext-4555/,"listed only in the sitemap, not linked from any page (/blog/project/)",(sitemap)
https://pandaexteriors.com/blog/project/panda-ext-4573-3/,"listed only in the sitemap, not linked from any page (/blog/project/)",(sitemap)
https://pandaexteriors.com/blog/project/panda-ext-4573-4/,"listed only in the sitemap, not linked from any page (/blog/project/)",(sitemap)
https://pandaexteriors.com/blog/project/panda-ext-4573-5/,"listed only in the sitemap, not linked from any page (/blog/project/)",(sitemap)
https://pandaexteriors.com/blog/project/panda-ext-4573-6/,"listed only in the sitemap, not linked from any page (/blog/project/)",(sitemap)
https://pandaexteriors.com/blog/project/panda-ext-4573-7/,"listed only in the sitemap, not linked from any page (/blog/project/)",(sitemap)
https://pandaexteriors.com/blog/project/panda-ext-4573/,"listed only in the sitemap, not linked from any page (/blog/project/)",(sitemap)
https://pandaexteriors.com/blog/project/panda-ext-4637/,"listed only in the sitemap, not linked from any page (/blog/project/)",(sitemap)
https://pandaexteriors.com/blog/project/panda-ext-4647/,"listed only in the sitemap, not linked from any page (/blog/project/)",(sitemap)
https://pandaexteriors.com/blog/project/panda-ext-4677-2/,"listed only in the sitemap, not linked from any page (/blog/project/)",(sitemap)
https://pandaexteriors.com/blog/project/panda-ext-4677-3/,"listed only in the sitemap, not linked from any page (/blog/project/)",(sitemap)
https://pandaexteriors.com/blog/project/panda-ext-4677-4/,"listed only in the sitemap, not linked from any page (/blog/project/)",(sitemap)
https://pandaexteriors.com/blog/project/panda-ext-4677-5/,"listed only in the sitemap, not linked from any page (/blog/project/)",(sitemap)
https://pandaexteriors.com/blog/project/panda-ext-4677-6/,"listed only in the sitemap, not linked from any page (/blog/project/)",(sitemap)
https://pandaexteriors.com/blog/project/panda-ext-4677-7/,"listed only in the sitemap, not linked from any page (/blog/project/)",(sitemap)
https://pandaexteriors.com/blog/project/panda-ext-4677/,"listed only in the sitemap, not linked from any page (/blog/project/)",(sitemap)
https://pandaexteriors.com/blog/project/panda-ext-4700/,"listed only in the sitemap, not linked from any page (/blog/project/)",(sitemap)
https://pandaexteriors.com/blog/project/panda-ext-4742/,"listed only in the sitemap, not linked from any page (/blog/project/)",(sitemap)
https://pandaexteriors.com/blog/project/panda-ext-4770-2/,"listed only in the sitemap, not linked from any page (/blog/project/)",(sitemap)
https://pandaexteriors.com/blog/project/panda-ext-4770-3/,"listed only in the sitemap, not linked from any page (/blog/project/)",(sitemap)
https://pandaexteriors.com/blog/project/panda-ext-4770-4/,"listed only in the sitemap, not linked from any page (/blog/project/)",(sitemap)
https://pandaexteriors.com/blog/project/panda-ext-4770-5/,"listed only in the sitemap, not linked from any page (/blog/project/)",(sitemap)
https://pandaexteriors.com/blog/project/panda-ext-4770-6/,"listed only in the sitemap, not linked from any page (/blog/project/)",(sitemap)
https://pandaexteriors.com/blog/project/panda-ext-4770-7/,"listed only in the sitemap, not linked from any page (/blog/project/)",(sitemap)
https://pandaexteriors.com/blog/project/panda-ext-4770/,"listed only in the sitemap, not linked from any page (/blog/project/)",(sitemap)
https://pandaexteriors.com/blog/project/panda-ext-4789/,"listed only in the sitemap, not linked from any page (/blog/project/)",(sitemap)
https://pandaexteriors.com/blog/project/panda-ext-4791/,"listed only in the sitemap, not linked from any page (/blog/project/)",(sitemap)
https://pandaexteriors.com/blog/project/panda-ext-4823-2/,"listed only in the sitemap, not linked from any page (/blog/project/)",(sitemap)
https://pandaexteriors.com/blog/project/panda-ext-4823-3/,"listed only in the sitemap, not linked from any page (/blog/project/)",(sitemap)
https://pandaexteriors.com/blog/project/panda-ext-4823-4/,"listed only in the sitemap, not linked from any page (/blog/project/)",(sitemap)
https://pandaexteriors.com/blog/project/panda-ext-4823-5/,"listed only in the sitemap, not linked from any page (/blog/project/)",(sitemap)
https://pandaexteriors.com/blog/project/panda-ext-4823-6/,"listed only in the sitemap, not linked from any page (/blog/project/)",(sitemap)
https://pandaexteriors.com/blog/project/panda-ext-4823-7/,"listed only in the sitemap, not linked from any page (/blog/project/)",(sitemap)
https://pandaexteriors.com/blog/project/panda-ext-4823/,"listed only in the sitemap, not linked from any page (/blog/project/)",(sitemap)
https://pandaexteriors.com/blog/project/panda-ext-4827-2/,"listed only in the sitemap, not linked from any page (/blog/project/)",(sitemap)
https://pandaexteriors.com/blog/project/panda-ext-4827-3/,"listed only in the sitemap, not linked from any page (/blog/project/)",(sitemap)
https://pandaexteriors.com/blog/project/panda-ext-4827-4/,"listed only in the sitemap, not linked from any page (/blog/project/)",(sitemap)
https://pandaexteriors.com/blog/project/panda-ext-4827-5/,"listed only in the sitemap, not linked from any page (/blog/project/)",(sitemap)
https://pandaexteriors.com/blog/project/panda-ext-4827-6/,"listed only in the sitemap, not linked from any page (/blog/project/)",(sitemap)
https://pandaexteriors.com/blog/project/panda-ext-4827-7/,"listed only in the sitemap, not linked from any page (/blog/project/)",(sitemap)
https://pandaexteriors.com/blog/project/panda-ext-4827/,"listed only in the sitemap, not linked from any page (/blog/project/)",(sitemap)
https://pandaexteriors.com/blog/project/panda-ext-4840-2/,"listed only in the sitemap, not linked from any page (/blog/project/)",(sitemap)
https://pandaexteriors.com/blog/project/panda-ext-4840-3/,"listed only in the sitemap, not linked from any page (/blog/project/)",(sitemap)
https://pandaexteriors.com/blog/project/panda-ext-4840-4/,"listed only in the sitemap, not linked from any page (/blog/project/)",(sitemap)
https://pandaexteriors.com/blog/project/panda-ext-4840-5/,"listed only in the sitemap, not linked from any page (/blog/project/)",(sitemap)
https://pandaexteriors.com/blog/project/panda-ext-4840-6/,"listed only in the sitemap, not linked from any page (/blog/project/)",(sitemap)
https://pandaexteriors.com/blog/project/panda-ext-4840-7/,"listed only in the sitemap, not linked from any page (/blog/project/)",(sitemap)
https://pandaexteriors.com/blog/project/panda-ext-4840-8/,"listed only in the sitemap, not linked from any page (/blog/project/)",(sitemap)
https://pandaexteriors.com/blog/project/panda-ext-4840/,"listed only in the sitemap, not linked from any page (/blog/project/)",(sitemap)
https://pandaexteriors.com/blog/project/panda-ext-4843/,"listed only in the sitemap, not linked from any page (/blog/project/)",(sitemap)
https://pandaexteriors.com/blog/project/panda-ext-4845-2/,"listed only in the sitemap, not linked from any page (/blog/project/)",(sitemap)
https://pandaexteriors.com/blog/project/panda-ext-4845-3/,"listed only in the sitemap, not linked from any page (/blog/project/)",(sitemap)
https://pandaexteriors.com/blog/project/panda-ext-4845-4/,"listed only in the sitemap, not linked from any page (/blog/project/)",(sitemap)
https://pandaexteriors.com/blog/project/panda-ext-4845-5/,"listed only in the sitemap, not linked from any page (/blog/project/)",(sitemap)
https://pandaexteriors.com/blog/project/panda-ext-4845-6/,"listed only in the sitemap, not linked from any page (/blog/project/)",(sitemap)
https://pandaexteriors.com/blog/project/panda-ext-4845-7/,"listed only in the sitemap, not linked from any page (/blog/project/)",(sitemap)
https://pandaexteriors.com/blog/project/panda-ext-4845/,"listed only in the sitemap, not linked from any page (/blog/project/)",(sitemap)
https://pandaexteriors.com/blog/project/panda-ext-4909-2/,"listed only in the sitemap, not linked from any page (/blog/project/)",(sitemap)
https://pandaexteriors.com/blog/project/panda-ext-4909-3/,"listed only in the sitemap, not linked from any page (/blog/project/)",(sitemap)
https://pandaexteriors.com/blog/project/panda-ext-4909-4/,"listed only in the sitemap, not linked from any page (/blog/project/)",(sitemap)
https://pandaexteriors.com/blog/project/panda-ext-4909-5/,"listed only in the sitemap, not linked from any page (/blog/project/)",(sitemap)
https://pandaexteriors.com/blog/project/panda-ext-4909-6/,"listed only in the sitemap, not linked from any page (/blog/project/)",(sitemap)
https://pandaexteriors.com/blog/project/panda-ext-4909-7/,"listed only in the sitemap, not linked from any page (/blog/project/)",(sitemap)
https://pandaexteriors.com/blog/project/panda-ext-4909/,"listed only in the sitemap, not linked from any page (/blog/project/)",(sitemap)
https://pandaexteriors.com/blog/project/panda-ext-4923-2/,"listed only in the sitemap, not linked from any page (/blog/project/)",(sitemap)
https://pandaexteriors.com/blog/project/panda-ext-4923-3/,"listed only in the sitemap, not linked from any page (/blog/project/)",(sitemap)
https://pandaexteriors.com/blog/project/panda-ext-4923-4/,"listed only in the sitemap, not linked from any page (/blog/project/)",(sitemap)
https://pandaexteriors.com/blog/project/panda-ext-4923-5/,"listed only in the sitemap, not linked from any page (/blog/project/)",(sitemap)
https://pandaexteriors.com/blog/project/panda-ext-4923-6/,"listed only in the sitemap, not linked from any page (/blog/project/)",(sitemap)
https://pandaexteriors.com/blog/project/panda-ext-4923-7/,"listed only in the sitemap, not linked from any page (/blog/project/)",(sitemap)
https://pandaexteriors.com/blog/project/panda-ext-4923/,"listed only in the sitemap, not linked from any page (/blog/project/)",(sitemap)
https://pandaexteriors.com/blog/project/panda-ext-4943/,"listed only in the sitemap, not linked from any page (/blog/project/)",(sitemap)
https://pandaexteriors.com/blog/project/panda-ext-4961/,"listed only in the sitemap, not linked from any page (/blog/project/)",(sitemap)
https://pandaexteriors.com/blog/project/panda-ext-5061-2/,"listed only in the sitemap, not linked from any page (/blog/project/)",(sitemap)
https://pandaexteriors.com/blog/project/panda-ext-5061-3/,"listed only in the sitemap, not linked from any page (/blog/project/)",(sitemap)
https://pandaexteriors.com/blog/project/panda-ext-5061-4/,"listed only in the sitemap, not linked from any page (/blog/project/)",(sitemap)
https://pandaexteriors.com/blog/project/panda-ext-5061-5/,"listed only in the sitemap, not linked from any page (/blog/project/)",(sitemap)
https://pandaexteriors.com/blog/project/panda-ext-5061-6/,"listed only in the sitemap, not linked from any page (/blog/project/)",(sitemap)
https://pandaexteriors.com/blog/project/panda-ext-5061-7/,"listed only in the sitemap, not linked from any page (/blog/project/)",(sitemap)
https://pandaexteriors.com/blog/project/panda-ext-5061/,"listed only in the sitemap, not linked from any page (/blog/project/)",(sitemap)
https://pandaexteriors.com/blog/project/panda-ext-5062-2/,"listed only in the sitemap, not linked from any page (/blog/project/)",(sitemap)
https://pandaexteriors.com/blog/project/panda-ext-5062-3/,"listed only in the sitemap, not linked from any page (/blog/project/)",(sitemap)
https://pandaexteriors.com/blog/project/panda-ext-5062-4/,"listed only in the sitemap, not linked from any page (/blog/project/)",(sitemap)
https://pandaexteriors.com/blog/project/panda-ext-5062-5/,"listed only in the sitemap, not linked from any page (/blog/project/)",(sitemap)
https://pandaexteriors.com/blog/project/panda-ext-5062-6/,"listed only in the sitemap, not linked from any page (/blog/project/)",(sitemap)
https://pandaexteriors.com/blog/project/panda-ext-5062-7/,"listed only in the sitemap, not linked from any page (/blog/project/)",(sitemap)
https://pandaexteriors.com/blog/project/panda-ext-5062/,"listed only in the sitemap, not linked from any page (/blog/project/)",(sitemap)
https://pandaexteriors.com/blog/project/panda-ext-5120/,"listed only in the sitemap, not linked from any page (/blog/project/)",(sitemap)
https://pandaexteriors.com/blog/project/panda-ext-5146/,"listed only in the sitemap, not linked from any page (/blog/project/)",(sitemap)
https://pandaexteriors.com/blog/project/panda-ext-5151-2/,"listed only in the sitemap, not linked from any page (/blog/project/)",(sitemap)
https://pandaexteriors.com/blog/project/panda-ext-5151-3/,"listed only in the sitemap, not linked from any page (/blog/project/)",(sitemap)
https://pandaexteriors.com/blog/project/panda-ext-5151-4/,"listed only in the sitemap, not linked from any page (/blog/project/)",(sitemap)
https://pandaexteriors.com/blog/project/panda-ext-5151-5/,"listed only in the sitemap, not linked from any page (/blog/project/)",(sitemap)
https://pandaexteriors.com/blog/project/panda-ext-5151-6/,"listed only in the sitemap, not linked from any page (/blog/project/)",(sitemap)
https://pandaexteriors.com/blog/project/panda-ext-5151-7/,"listed only in the sitemap, not linked from any page (/blog/project/)",(sitemap)
https://pandaexteriors.com/blog/project/panda-ext-5151/,"listed only in the sitemap, not linked from any page (/blog/project/)",(sitemap)
https://pandaexteriors.com/blog/project/panda-ext-5183/,"listed only in the sitemap, not linked from any page (/blog/project/)",(sitemap)
https://pandaexteriors.com/blog/project/panda-ext-5232/,"listed only in the sitemap, not linked from any page (/blog/project/)",(sitemap)
https://pandaexteriors.com/blog/project/panda-ext-5234-2/,"listed only in the sitemap, not linked from any page (/blog/project/)",(sitemap)
https://pandaexteriors.com/blog/project/panda-ext-5234-3/,"listed only in the sitemap, not linked from any page (/blog/project/)",(sitemap)
https://pandaexteriors.com/blog/project/panda-ext-5234-4/,"listed only in the sitemap, not linked from any page (/blog/project/)",(sitemap)
https://pandaexteriors.com/blog/project/panda-ext-5234-5/,"listed only in the sitemap, not linked from any page (/blog/project/)",(sitemap)
https://pandaexteriors.com/blog/project/panda-ext-5234-6/,"listed only in the sitemap, not linked from any page (/blog/project/)",(sitemap)
https://pandaexteriors.com/blog/project/panda-ext-5234-7/,"listed only in the sitemap, not linked from any page (/blog/project/)",(sitemap)
https://pandaexteriors.com/blog/project/panda-ext-5234-8/,"listed only in the sitemap, not linked from any page (/blog/project/)",(sitemap)
https://pandaexteriors.com/blog/project/panda-ext-5234/,"listed only in the sitemap, not linked from any page (/blog/project/)",(sitemap)
https://pandaexteriors.com/blog/project/panda-ext-5272-2/,"listed only in the sitemap, not linked from any page (/blog/project/)",(sitemap)
https://pandaexteriors.com/blog/project/panda-ext-5272-3/,"listed only in the sitemap, not linked from any page (/blog/project/)",(sitemap)
https://pandaexteriors.com/blog/project/panda-ext-5272-4/,"listed only in the sitemap, not linked from any page (/blog/project/)",(sitemap)
https://pandaexteriors.com/blog/project/panda-ext-5272-5/,"listed only in the sitemap, not linked from any page (/blog/project/)",(sitemap)
https://pandaexteriors.com/blog/project/panda-ext-5272/,"listed only in the sitemap, not linked from any page (/blog/project/)",(sitemap)
https://pandaexteriors.com/blog/project/panda-ext-5277/,"listed only in the sitemap, not linked from any page (/blog/project/)",(sitemap)
https://pandaexteriors.com/blog/project/panda-ext-5281-2/,"listed only in the sitemap, not linked from any page (/blog/project/)",(sitemap)
https://pandaexteriors.com/blog/project/panda-ext-5281-3/,"listed only in the sitemap, not linked from any page (/blog/project/)",(sitemap)
https://pandaexteriors.com/blog/project/panda-ext-5281-4/,"listed only in the sitemap, not linked from any page (/blog/project/)",(sitemap)
https://pandaexteriors.com/blog/project/panda-ext-5281-5/,"listed only in the sitemap, not linked from any page (/blog/project/)",(sitemap)
https://pandaexteriors.com/blog/project/panda-ext-5281-6/,"listed only in the sitemap, not linked from any page (/blog/project/)",(sitemap)
https://pandaexteriors.com/blog/project/panda-ext-5281-7/,"listed only in the sitemap, not linked from any page (/blog/project/)",(sitemap)
https://pandaexteriors.com/blog/project/panda-ext-5281/,"listed only in the sitemap, not linked from any page (/blog/project/)",(sitemap)
https://pandaexteriors.com/blog/project/panda-ext-5282-2/,"listed only in the sitemap, not linked from any page (/blog/project/)",(sitemap)
https://pandaexteriors.com/blog/project/panda-ext-5282-3/,"listed only in the sitemap, not linked from any page (/blog/project/)",(sitemap)
https://pandaexteriors.com/blog/project/panda-ext-5282-4/,"listed only in the sitemap, not linked from any page (/blog/project/)",(sitemap)
https://pandaexteriors.com/blog/project/panda-ext-5282-5/,"listed only in the sitemap, not linked from any page (/blog/project/)",(sitemap)
https://pandaexteriors.com/blog/project/panda-ext-5282-6/,"listed only in the sitemap, not linked from any page (/blog/project/)",(sitemap)
https://pandaexteriors.com/blog/project/panda-ext-5282-7/,"listed only in the sitemap, not linked from any page (/blog/project/)",(sitemap)
https://pandaexteriors.com/blog/project/panda-ext-5282/,"listed only in the sitemap, not linked from any page (/blog/project/)",(sitemap)
https://pandaexteriors.com/blog/project/panda-ext-5302-2/,"listed only in the sitemap, not linked from any page (/blog/project/)",(sitemap)
https://pandaexteriors.com/blog/project/panda-ext-5302-3/,"listed only in the sitemap, not linked from any page (/blog/project/)",(sitemap)
https://pandaexteriors.com/blog/project/panda-ext-5302-4/,"listed only in the sitemap, not linked from any page (/blog/project/)",(sitemap)
https://pandaexteriors.com/blog/project/panda-ext-5302-5/,"listed only in the sitemap, not linked from any page (/blog/project/)",(sitemap)
https://pandaexteriors.com/blog/project/panda-ext-5302-6/,"listed only in the sitemap, not linked from any page (/blog/project/)",(sitemap)
https://pandaexteriors.com/blog/project/panda-ext-5302-7/,"listed only in the sitemap, not linked from any page (/blog/project/)",(sitemap)
https://pandaexteriors.com/blog/project/panda-ext-5302/,"listed only in the sitemap, not linked from any page (/blog/project/)",(sitemap)
https://pandaexteriors.com/blog/project/panda-ext-5316/,"listed only in the sitemap, not linked from any page (/blog/project/)",(sitemap)
https://pandaexteriors.com/blog/project/panda-ext-5324-2/,"listed only in the sitemap, not linked from any page (/blog/project/)",(sitemap)
https://pandaexteriors.com/blog/project/panda-ext-5324-3/,"listed only in the sitemap, not linked from any page (/blog/project/)",(sitemap)
https://pandaexteriors.com/blog/project/panda-ext-5324-4/,"listed only in the sitemap, not linked from any page (/blog/project/)",(sitemap)
https://pandaexteriors.com/blog/project/panda-ext-5324-5/,"listed only in the sitemap, not linked from any page (/blog/project/)",(sitemap)
https://pandaexteriors.com/blog/project/panda-ext-5324-6/,"listed only in the sitemap, not linked from any page (/blog/project/)",(sitemap)
https://pandaexteriors.com/blog/project/panda-ext-5324-7/,"listed only in the sitemap, not linked from any page (/blog/project/)",(sitemap)
https://pandaexteriors.com/blog/project/panda-ext-5324/,"listed only in the sitemap, not linked from any page (/blog/project/)",(sitemap)
https://pandaexteriors.com/blog/project/panda-ext-5348-2/,"listed only in the sitemap, not linked from any page (/blog/project/)",(sitemap)
https://pandaexteriors.com/blog/project/panda-ext-5348-3/,"listed only in the sitemap, not linked from any page (/blog/project/)",(sitemap)
https://pandaexteriors.com/blog/project/panda-ext-5348-4/,"listed only in the sitemap, not linked from any page (/blog/project/)",(sitemap)
https://pandaexteriors.com/blog/project/panda-ext-5348-5/,"listed only in the sitemap, not linked from any page (/blog/project/)",(sitemap)
https://pandaexteriors.com/blog/project/panda-ext-5348-6/,"listed only in the sitemap, not linked from any page (/blog/project/)",(sitemap)
https://pandaexteriors.com/blog/project/panda-ext-5348-7/,"listed only in the sitemap, not linked from any page (/blog/project/)",(sitemap)
https://pandaexteriors.com/blog/project/panda-ext-5348/,"listed only in the sitemap, not linked from any page (/blog/project/)",(sitemap)
https://pandaexteriors.com/blog/project/panda-ext-5361/,"listed only in the sitemap, not linked from any page (/blog/project/)",(sitemap)
https://pandaexteriors.com/blog/project/panda-ext-5452-2/,"listed only in the sitemap, not linked from any page (/blog/project/)",(sitemap)
https://pandaexteriors.com/blog/project/panda-ext-5452-3/,"listed only in the sitemap, not linked from any page (/blog/project/)",(sitemap)
https://pandaexteriors.com/blog/project/panda-ext-5452-4/,"listed only in the sitemap, not linked from any page (/blog/project/)",(sitemap)
https://pandaexteriors.com/blog/project/panda-ext-5452-5/,"listed only in the sitemap, not linked from any page (/blog/project/)",(sitemap)
https://pandaexteriors.com/blog/project/panda-ext-5452-6/,"listed only in the sitemap, not linked from any page (/blog/project/)",(sitemap)
https://pandaexteriors.com/blog/project/panda-ext-5452-7/,"listed only in the sitemap, not linked from any page (/blog/project/)",(sitemap)
https://pandaexteriors.com/blog/project/panda-ext-5452/,"listed only in the sitemap, not linked from any page (/blog/project/)",(sitemap)
https://pandaexteriors.com/blog/project/panda-ext-5479-2/,"listed only in the sitemap, not linked from any page (/blog/project/)",(sitemap)
https://pandaexteriors.com/blog/project/panda-ext-5479-3/,"listed only in the sitemap, not linked from any page (/blog/project/)",(sitemap)
https://pandaexteriors.com/blog/project/panda-ext-5479-4/,"listed only in the sitemap, not linked from any page (/blog/project/)",(sitemap)
https://pandaexteriors.com/blog/project/panda-ext-5479-5/,"listed only in the sitemap, not linked from any page (/blog/project/)",(sitemap)
https://pandaexteriors.com/blog/project/panda-ext-5479-6/,"listed only in the sitemap, not linked from any page (/blog/project/)",(sitemap)
https://pandaexteriors.com/blog/project/panda-ext-5479-7/,"listed only in the sitemap, not linked from any page (/blog/project/)",(sitemap)
https://pandaexteriors.com/blog/project/panda-ext-5479-8/,"listed only in the sitemap, not linked from any page (/blog/project/)",(sitemap)
https://pandaexteriors.com/blog/project/panda-ext-5479/,"listed only in the sitemap, not linked from any page (/blog/project/)",(sitemap)
https://pandaexteriors.com/blog/project/panda-ext-5496/,"listed only in the sitemap, not linked from any page (/blog/project/)",(sitemap)
https://pandaexteriors.com/blog/project/panda-ext-5512/,"listed only in the sitemap, not linked from any page (/blog/project/)",(sitemap)
https://pandaexteriors.com/blog/project/panda-ext-5566/,"listed only in the sitemap, not linked from any page (/blog/project/)",(sitemap)
https://pandaexteriors.com/blog/project/panda-ext-5567-2/,"listed only in the sitemap, not linked from any page (/blog/project/)",(sitemap)
https://pandaexteriors.com/blog/project/panda-ext-5567-3/,"listed only in the sitemap, not linked from any page (/blog/project/)",(sitemap)
https://pandaexteriors.com/blog/project/panda-ext-5567-4/,"listed only in the sitemap, not linked from any page (/blog/project/)",(sitemap)
https://pandaexteriors.com/blog/project/panda-ext-5567-5/,"listed only in the sitemap, not linked from any page (/blog/project/)",(sitemap)
https://pandaexteriors.com/blog/project/panda-ext-5567-6/,"listed only in the sitemap, not linked from any page (/blog/project/)",(sitemap)
https://pandaexteriors.com/blog/project/panda-ext-5567-7/,"listed only in the sitemap, not linked from any page (/blog/project/)",(sitemap)
https://pandaexteriors.com/blog/project/panda-ext-5567/,"listed only in the sitemap, not linked from any page (/blog/project/)",(sitemap)
https://pandaexteriors.com/blog/project/panda-ext-5585-2/,"listed only in the sitemap, not linked from any page (/blog/project/)",(sitemap)
https://pandaexteriors.com/blog/project/panda-ext-5585-3/,"listed only in the sitemap, not linked from any page (/blog/project/)",(sitemap)
https://pandaexteriors.com/blog/project/panda-ext-5585-4/,"listed only in the sitemap, not linked from any page (/blog/project/)",(sitemap)
https://pandaexteriors.com/blog/project/panda-ext-5585-5/,"listed only in the sitemap, not linked from any page (/blog/project/)",(sitemap)
https://pandaexteriors.com/blog/project/panda-ext-5585-6/,"listed only in the sitemap, not linked from any page (/blog/project/)",(sitemap)
https://pandaexteriors.com/blog/project/panda-ext-5585-7/,"listed only in the sitemap, not linked from any page (/blog/project/)",(sitemap)
https://pandaexteriors.com/blog/project/panda-ext-5585/,"listed only in the sitemap, not linked from any page (/blog/project/)",(sitemap)
https://pandaexteriors.com/blog/project/panda-ext-5617-2/,"listed only in the sitemap, not linked from any page (/blog/project/)",(sitemap)
https://pandaexteriors.com/blog/project/panda-ext-5617-3/,"listed only in the sitemap, not linked from any page (/blog/project/)",(sitemap)
https://pandaexteriors.com/blog/project/panda-ext-5617-4/,"listed only in the sitemap, not linked from any page (/blog/project/)",(sitemap)
https://pandaexteriors.com/blog/project/panda-ext-5617-5/,"listed only in the sitemap, not linked from any page (/blog/project/)",(sitemap)
https://pandaexteriors.com/blog/project/panda-ext-5617-6/,"listed only in the sitemap, not linked from any page (/blog/project/)",(sitemap)
https://pandaexteriors.com/blog/project/panda-ext-5617-7/,"listed only in the sitemap, not linked from any page (/blog/project/)",(sitemap)
https://pandaexteriors.com/blog/project/panda-ext-5617/,"listed only in the sitemap, not linked from any page (/blog/project/)",(sitemap)
https://pandaexteriors.com/blog/project/panda-ext-5625-2/,"listed only in the sitemap, not linked from any page (/blog/project/)",(sitemap)
https://pandaexteriors.com/blog/project/panda-ext-5625-3/,"listed only in the sitemap, not linked from any page (/blog/project/)",(sitemap)
https://pandaexteriors.com/blog/project/panda-ext-5625-4/,"listed only in the sitemap, not linked from any page (/blog/project/)",(sitemap)
https://pandaexteriors.com/blog/project/panda-ext-5625-5/,"listed only in the sitemap, not linked from any page (/blog/project/)",(sitemap)
https://pandaexteriors.com/blog/project/panda-ext-5625-6/,"listed only in the sitemap, not linked from any page (/blog/project/)",(sitemap)
https://pandaexteriors.com/blog/project/panda-ext-5625-7/,"listed only in the sitemap, not linked from any page (/blog/project/)",(sitemap)
https://pandaexteriors.com/blog/project/panda-ext-5625/,"listed only in the sitemap, not linked from any page (/blog/project/)",(sitemap)
https://pandaexteriors.com/blog/project/panda-ext-5638/,"listed only in the sitemap, not linked from any page (/blog/project/)",(sitemap)
https://pandaexteriors.com/blog/project/panda-ext-5645-2/,"listed only in the sitemap, not linked from any page (/blog/project/)",(sitemap)
https://pandaexteriors.com/blog/project/panda-ext-5645-3/,"listed only in the sitemap, not linked from any page (/blog/project/)",(sitemap)
https://pandaexteriors.com/blog/project/panda-ext-5645-4/,"listed only in the sitemap, not linked from any page (/blog/project/)",(sitemap)
https://pandaexteriors.com/blog/project/panda-ext-5645-5/,"listed only in the sitemap, not linked from any page (/blog/project/)",(sitemap)
https://pandaexteriors.com/blog/project/panda-ext-5645/,"listed only in the sitemap, not linked from any page (/blog/project/)",(sitemap)
https://pandaexteriors.com/blog/project/panda-ext-5649/,"listed only in the sitemap, not linked from any page (/blog/project/)",(sitemap)
https://pandaexteriors.com/blog/project/panda-ext-5722-2/,"listed only in the sitemap, not linked from any page (/blog/project/)",(sitemap)
https://pandaexteriors.com/blog/project/panda-ext-5722-3/,"listed only in the sitemap, not linked from any page (/blog/project/)",(sitemap)
https://pandaexteriors.com/blog/project/panda-ext-5722-4/,"listed only in the sitemap, not linked from any page (/blog/project/)",(sitemap)
https://pandaexteriors.com/blog/project/panda-ext-5722-5/,"listed only in the sitemap, not linked from any page (/blog/project/)",(sitemap)
https://pandaexteriors.com/blog/project/panda-ext-5722-6/,"listed only in the sitemap, not linked from any page (/blog/project/)",(sitemap)
https://pandaexteriors.com/blog/project/panda-ext-5722-7/,"listed only in the sitemap, not linked from any page (/blog/project/)",(sitemap)
https://pandaexteriors.com/blog/project/panda-ext-5722/,"listed only in the sitemap, not linked from any page (/blog/project/)",(sitemap)
https://pandaexteriors.com/blog/project/panda-ext-5724/,"listed only in the sitemap, not linked from any page (/blog/project/)",(sitemap)
https://pandaexteriors.com/blog/project/panda-ext-5774/,"listed only in the sitemap, not linked from any page (/blog/project/)",(sitemap)
https://pandaexteriors.com/blog/project/panda-ext-5781/,"listed only in the sitemap, not linked from any page (/blog/project/)",(sitemap)
https://pandaexteriors.com/blog/project/panda-ext-5783/,"listed only in the sitemap, not linked from any page (/blog/project/)",(sitemap)
https://pandaexteriors.com/blog/project/panda-ext-5784/,"listed only in the sitemap, not linked from any page (/blog/project/)",(sitemap)
https://pandaexteriors.com/blog/project/panda-ext-5819-2/,"listed only in the sitemap, not linked from any page (/blog/project/)",(sitemap)
https://pandaexteriors.com/blog/project/panda-ext-5819-3/,"listed only in the sitemap, not linked from any page (/blog/project/)",(sitemap)
https://pandaexteriors.com/blog/project/panda-ext-5819-4/,"listed only in the sitemap, not linked from any page (/blog/project/)",(sitemap)
https://pandaexteriors.com/blog/project/panda-ext-5819-5/,"listed only in the sitemap, not linked from any page (/blog/project/)",(sitemap)
https://pandaexteriors.com/blog/project/panda-ext-5819-6/,"listed only in the sitemap, not linked from any page (/blog/project/)",(sitemap)
https://pandaexteriors.com/blog/project/panda-ext-5819-7/,"listed only in the sitemap, not linked from any page (/blog/project/)",(sitemap)
https://pandaexteriors.com/blog/project/panda-ext-5819/,"listed only in the sitemap, not linked from any page (/blog/project/)",(sitemap)
https://pandaexteriors.com/blog/project/panda-ext-5842-2/,"listed only in the sitemap, not linked from any page (/blog/project/)",(sitemap)
https://pandaexteriors.com/blog/project/panda-ext-5842-3/,"listed only in the sitemap, not linked from any page (/blog/project/)",(sitemap)
https://pandaexteriors.com/blog/project/panda-ext-5842-4/,"listed only in the sitemap, not linked from any page (/blog/project/)",(sitemap)
https://pandaexteriors.com/blog/project/panda-ext-5842-5/,"listed only in the sitemap, not linked from any page (/blog/project/)",(sitemap)
https://pandaexteriors.com/blog/project/panda-ext-5842-6/,"listed only in the sitemap, not linked from any page (/blog/project/)",(sitemap)
https://pandaexteriors.com/blog/project/panda-ext-5842-7/,"listed only in the sitemap, not linked from any page (/blog/project/)",(sitemap)
https://pandaexteriors.com/blog/project/panda-ext-5842-8/,"listed only in the sitemap, not linked from any page (/blog/project/)",(sitemap)
https://pandaexteriors.com/blog/project/panda-ext-5842/,"listed only in the sitemap, not linked from any page (/blog/project/)",(sitemap)
https://pandaexteriors.com/blog/project/panda-ext-5853-2/,"listed only in the sitemap, not linked from any page (/blog/project/)",(sitemap)
https://pandaexteriors.com/blog/project/panda-ext-5853-3/,"listed only in the sitemap, not linked from any page (/blog/project/)",(sitemap)
https://pandaexteriors.com/blog/project/panda-ext-5853-4/,"listed only in the sitemap, not linked from any page (/blog/project/)",(sitemap)
https://pandaexteriors.com/blog/project/panda-ext-5853-5/,"listed only in the sitemap, not linked from any page (/blog/project/)",(sitemap)
https://pandaexteriors.com/blog/project/panda-ext-5853-6/,"listed only in the sitemap, not linked from any page (/blog/project/)",(sitemap)
https://pandaexteriors.com/blog/project/panda-ext-5853-7/,"listed only in the sitemap, not linked from any page (/blog/project/)",(sitemap)
https://pandaexteriors.com/blog/project/panda-ext-5853-8/,"listed only in the sitemap, not linked from any page (/blog/project/)",(sitemap)
https://pandaexteriors.com/blog/project/panda-ext-5853/,"listed only in the sitemap, not linked from any page (/blog/project/)",(sitemap)
https://pandaexteriors.com/blog/project/panda-ext-5867/,"listed only in the sitemap, not linked from any page (/blog/project/)",(sitemap)
https://pandaexteriors.com/blog/project/panda-ext-5908-2/,"listed only in the sitemap, not linked from any page (/blog/project/)",(sitemap)
https://pandaexteriors.com/blog/project/panda-ext-5908-3/,"listed only in the sitemap, not linked from any page (/blog/project/)",(sitemap)
https://pandaexteriors.com/blog/project/panda-ext-5908-4/,"listed only in the sitemap, not linked from any page (/blog/project/)",(sitemap)
https://pandaexteriors.com/blog/project/panda-ext-5908-5/,"listed only in the sitemap, not linked from any page (/blog/project/)",(sitemap)
https://pandaexteriors.com/blog/project/panda-ext-5908-6/,"listed only in the sitemap, not linked from any page (/blog/project/)",(sitemap)
https://pandaexteriors.com/blog/project/panda-ext-5908-7/,"listed only in the sitemap, not linked from any page (/blog/project/)",(sitemap)
https://pandaexteriors.com/blog/project/panda-ext-5908/,"listed only in the sitemap, not linked from any page (/blog/project/)",(sitemap)
https://pandaexteriors.com/blog/project/panda-ext-5913/,"listed only in the sitemap, not linked from any page (/blog/project/)",(sitemap)
https://pandaexteriors.com/blog/project/panda-ext-5916-2/,"listed only in the sitemap, not linked from any page (/blog/project/)",(sitemap)
https://pandaexteriors.com/blog/project/panda-ext-5916-3/,"listed only in the sitemap, not linked from any page (/blog/project/)",(sitemap)
https://pandaexteriors.com/blog/project/panda-ext-5916-4/,"listed only in the sitemap, not linked from any page (/blog/project/)",(sitemap)
https://pandaexteriors.com/blog/project/panda-ext-5916-5/,"listed only in the sitemap, not linked from any page (/blog/project/)",(sitemap)
https://pandaexteriors.com/blog/project/panda-ext-5916-6/,"listed only in the sitemap, not linked from any page (/blog/project/)",(sitemap)
https://pandaexteriors.com/blog/project/panda-ext-5916-7/,"listed only in the sitemap, not linked from any page (/blog/project/)",(sitemap)
https://pandaexteriors.com/blog/project/panda-ext-5916/,"listed only in the sitemap, not linked from any page (/blog/project/)",(sitemap)
https://pandaexteriors.com/blog/project/panda-ext-5993-2/,"listed only in the sitemap, not linked from any page (/blog/project/)",(sitemap)
https://pandaexteriors.com/blog/project/panda-ext-5993-3/,"listed only in the sitemap, not linked from any page (/blog/project/)",(sitemap)
https://pandaexteriors.com/blog/project/panda-ext-5993-4/,"listed only in the sitemap, not linked from any page (/blog/project/)",(sitemap)
https://pandaexteriors.com/blog/project/panda-ext-5993-5/,"listed only in the sitemap, not linked from any page (/blog/project/)",(sitemap)
https://pandaexteriors.com/blog/project/panda-ext-5993-6/,"listed only in the sitemap, not linked from any page (/blog/project/)",(sitemap)
https://pandaexteriors.com/blog/project/panda-ext-5993-7/,"listed only in the sitemap, not linked from any page (/blog/project/)",(sitemap)
https://pandaexteriors.com/blog/project/panda-ext-5993/,"listed only in the sitemap, not linked from any page (/blog/project/)",(sitemap)
https://pandaexteriors.com/blog/project/panda-ext-6002/,"listed only in the sitemap, not linked from any page (/blog/project/)",(sitemap)
https://pandaexteriors.com/blog/project/panda-ext-6008/,"listed only in the sitemap, not linked from any page (/blog/project/)",(sitemap)
https://pandaexteriors.com/blog/project/panda-ext-6043/,"listed only in the sitemap, not linked from any page (/blog/project/)",(sitemap)
https://pandaexteriors.com/blog/project/panda-ext-6049-2/,"listed only in the sitemap, not linked from any page (/blog/project/)",(sitemap)
https://pandaexteriors.com/blog/project/panda-ext-6049-4/,"listed only in the sitemap, not linked from any page (/blog/project/)",(sitemap)
https://pandaexteriors.com/blog/project/panda-ext-6049-5/,"listed only in the sitemap, not linked from any page (/blog/project/)",(sitemap)
https://pandaexteriors.com/blog/project/panda-ext-6049-6/,"listed only in the sitemap, not linked from any page (/blog/project/)",(sitemap)
https://pandaexteriors.com/blog/project/panda-ext-6049-7/,"listed only in the sitemap, not linked from any page (/blog/project/)",(sitemap)
https://pandaexteriors.com/blog/project/panda-ext-6049/,"listed only in the sitemap, not linked from any page (/blog/project/)",(sitemap)
https://pandaexteriors.com/blog/project/panda-ext-6064/,"listed only in the sitemap, not linked from any page (/blog/project/)",(sitemap)
https://pandaexteriors.com/blog/project/panda-ext-6065-2/,"listed only in the sitemap, not linked from any page (/blog/project/)",(sitemap)
https://pandaexteriors.com/blog/project/panda-ext-6065-3/,"listed only in the sitemap, not linked from any page (/blog/project/)",(sitemap)
https://pandaexteriors.com/blog/project/panda-ext-6065-4/,"listed only in the sitemap, not linked from any page (/blog/project/)",(sitemap)
https://pandaexteriors.com/blog/project/panda-ext-6065-5/,"listed only in the sitemap, not linked from any page (/blog/project/)",(sitemap)
https://pandaexteriors.com/blog/project/panda-ext-6065-6/,"listed only in the sitemap, not linked from any page (/blog/project/)",(sitemap)
https://pandaexteriors.com/blog/project/panda-ext-6065-7/,"listed only in the sitemap, not linked from any page (/blog/project/)",(sitemap)
https://pandaexteriors.com/blog/project/panda-ext-6065/,"listed only in the sitemap, not linked from any page (/blog/project/)",(sitemap)
https://pandaexteriors.com/blog/project/panda-ext-6087/,"listed only in the sitemap, not linked from any page (/blog/project/)",(sitemap)
https://pandaexteriors.com/blog/project/panda-ext-6089-2/,"listed only in the sitemap, not linked from any page (/blog/project/)",(sitemap)
https://pandaexteriors.com/blog/project/panda-ext-6089-3/,"listed only in the sitemap, not linked from any page (/blog/project/)",(sitemap)
https://pandaexteriors.com/blog/project/panda-ext-6089-4/,"listed only in the sitemap, not linked from any page (/blog/project/)",(sitemap)
https://pandaexteriors.com/blog/project/panda-ext-6089-5/,"listed only in the sitemap, not linked from any page (/blog/project/)",(sitemap)
https://pandaexteriors.com/blog/project/panda-ext-6089-6/,"listed only in the sitemap, not linked from any page (/blog/project/)",(sitemap)
https://pandaexteriors.com/blog/project/panda-ext-6089-7/,"listed only in the sitemap, not linked from any page (/blog/project/)",(sitemap)
https://pandaexteriors.com/blog/project/panda-ext-6089/,"listed only in the sitemap, not linked from any page (/blog/project/)",(sitemap)
https://pandaexteriors.com/blog/project/panda-ext-6090-2/,"listed only in the sitemap, not linked from any page (/blog/project/)",(sitemap)
https://pandaexteriors.com/blog/project/panda-ext-6090-3/,"listed only in the sitemap, not linked from any page (/blog/project/)",(sitemap)
https://pandaexteriors.com/blog/project/panda-ext-6090-4/,"listed only in the sitemap, not linked from any page (/blog/project/)",(sitemap)
https://pandaexteriors.com/blog/project/panda-ext-6090-5/,"listed only in the sitemap, not linked from any page (/blog/project/)",(sitemap)
https://pandaexteriors.com/blog/project/panda-ext-6090-6/,"listed only in the sitemap, not linked from any page (/blog/project/)",(sitemap)
https://pandaexteriors.com/blog/project/panda-ext-6090-7/,"listed only in the sitemap, not linked from any page (/blog/project/)",(sitemap)
https://pandaexteriors.com/blog/project/panda-ext-6090/,"listed only in the sitemap, not linked from any page (/blog/project/)",(sitemap)
https://pandaexteriors.com/blog/project/panda-ext-6163-2/,"listed only in the sitemap, not linked from any page (/blog/project/)",(sitemap)
https://pandaexteriors.com/blog/project/panda-ext-6163-3/,"listed only in the sitemap, not linked from any page (/blog/project/)",(sitemap)
https://pandaexteriors.com/blog/project/panda-ext-6163-4/,"listed only in the sitemap, not linked from any page (/blog/project/)",(sitemap)
https://pandaexteriors.com/blog/project/panda-ext-6163-5/,"listed only in the sitemap, not linked from any page (/blog/project/)",(sitemap)
https://pandaexteriors.com/blog/project/panda-ext-6163-6/,"listed only in the sitemap, not linked from any page (/blog/project/)",(sitemap)
https://pandaexteriors.com/blog/project/panda-ext-6163-7/,"listed only in the sitemap, not linked from any page (/blog/project/)",(sitemap)
https://pandaexteriors.com/blog/project/panda-ext-6163/,"listed only in the sitemap, not linked from any page (/blog/project/)",(sitemap)
https://pandaexteriors.com/blog/project/panda-ext-6164/,"listed only in the sitemap, not linked from any page (/blog/project/)",(sitemap)
https://pandaexteriors.com/blog/project/panda-ext-6179/,"listed only in the sitemap, not linked from any page (/blog/project/)",(sitemap)
https://pandaexteriors.com/blog/project/panda-ext-6182/,"listed only in the sitemap, not linked from any page (/blog/project/)",(sitemap)
https://pandaexteriors.com/blog/project/panda-ext-6185-2/,"listed only in the sitemap, not linked from any page (/blog/project/)",(sitemap)
https://pandaexteriors.com/blog/project/panda-ext-6185-3/,"listed only in the sitemap, not linked from any page (/blog/project/)",(sitemap)
https://pandaexteriors.com/blog/project/panda-ext-6185-4/,"listed only in the sitemap, not linked from any page (/blog/project/)",(sitemap)
https://pandaexteriors.com/blog/project/panda-ext-6185-5/,"listed only in the sitemap, not linked from any page (/blog/project/)",(sitemap)
https://pandaexteriors.com/blog/project/panda-ext-6185-6/,"listed only in the sitemap, not linked from any page (/blog/project/)",(sitemap)
https://pandaexteriors.com/blog/project/panda-ext-6185-7/,"listed only in the sitemap, not linked from any page (/blog/project/)",(sitemap)
https://pandaexteriors.com/blog/project/panda-ext-6185/,"listed only in the sitemap, not linked from any page (/blog/project/)",(sitemap)
https://pandaexteriors.com/blog/project/panda-ext-6189-2/,"listed only in the sitemap, not linked from any page (/blog/project/)",(sitemap)
https://pandaexteriors.com/blog/project/panda-ext-6189-3/,"listed only in the sitemap, not linked from any page (/blog/project/)",(sitemap)
https://pandaexteriors.com/blog/project/panda-ext-6189-4/,"listed only in the sitemap, not linked from any page (/blog/project/)",(sitemap)
https://pandaexteriors.com/blog/project/panda-ext-6189-5/,"listed only in the sitemap, not linked from any page (/blog/project/)",(sitemap)
https://pandaexteriors.com/blog/project/panda-ext-6189-6/,"listed only in the sitemap, not linked from any page (/blog/project/)",(sitemap)
https://pandaexteriors.com/blog/project/panda-ext-6190/,"listed only in the sitemap, not linked from any page (/blog/project/)",(sitemap)
https://pandaexteriors.com/blog/project/panda-ext-6197-2/,"listed only in the sitemap, not linked from any page (/blog/project/)",(sitemap)
https://pandaexteriors.com/blog/project/panda-ext-6197-3/,"listed only in the sitemap, not linked from any page (/blog/project/)",(sitemap)
https://pandaexteriors.com/blog/project/panda-ext-6197-4/,"listed only in the sitemap, not linked from any page (/blog/project/)",(sitemap)
https://pandaexteriors.com/blog/project/panda-ext-6197-5/,"listed only in the sitemap, not linked from any page (/blog/project/)",(sitemap)
https://pandaexteriors.com/blog/project/panda-ext-6197-6/,"listed only in the sitemap, not linked from any page (/blog/project/)",(sitemap)
https://pandaexteriors.com/blog/project/panda-ext-6197-7/,"listed only in the sitemap, not linked from any page (/blog/project/)",(sitemap)
https://pandaexteriors.com/blog/project/panda-ext-6197/,"listed only in the sitemap, not linked from any page (/blog/project/)",(sitemap)
https://pandaexteriors.com/blog/project/panda-ext-6206/,"listed only in the sitemap, not linked from any page (/blog/project/)",(sitemap)
https://pandaexteriors.com/blog/project/panda-ext-6216-2/,"listed only in the sitemap, not linked from any page (/blog/project/)",(sitemap)
https://pandaexteriors.com/blog/project/panda-ext-6216-3/,"listed only in the sitemap, not linked from any page (/blog/project/)",(sitemap)
https://pandaexteriors.com/blog/project/panda-ext-6216-7/,"listed only in the sitemap, not linked from any page (/blog/project/)",(sitemap)
https://pandaexteriors.com/blog/project/panda-ext-6217-2/,"listed only in the sitemap, not linked from any page (/blog/project/)",(sitemap)
https://pandaexteriors.com/blog/project/panda-ext-6217-3/,"listed only in the sitemap, not linked from any page (/blog/project/)",(sitemap)
https://pandaexteriors.com/blog/project/panda-ext-6217-4/,"listed only in the sitemap, not linked from any page (/blog/project/)",(sitemap)
https://pandaexteriors.com/blog/project/panda-ext-6217-5/,"listed only in the sitemap, not linked from any page (/blog/project/)",(sitemap)
https://pandaexteriors.com/blog/project/panda-ext-6217-6/,"listed only in the sitemap, not linked from any page (/blog/project/)",(sitemap)
https://pandaexteriors.com/blog/project/panda-ext-6217-7/,"listed only in the sitemap, not linked from any page (/blog/project/)",(sitemap)
https://pandaexteriors.com/blog/project/panda-ext-6217/,"listed only in the sitemap, not linked from any page (/blog/project/)",(sitemap)
https://pandaexteriors.com/blog/project/panda-ext-6223-2/,"listed only in the sitemap, not linked from any page (/blog/project/)",(sitemap)
https://pandaexteriors.com/blog/project/panda-ext-6223-3/,"listed only in the sitemap, not linked from any page (/blog/project/)",(sitemap)
https://pandaexteriors.com/blog/project/panda-ext-6223-4/,"listed only in the sitemap, not linked from any page (/blog/project/)",(sitemap)
https://pandaexteriors.com/blog/project/panda-ext-6223-5/,"listed only in the sitemap, not linked from any page (/blog/project/)",(sitemap)
https://pandaexteriors.com/blog/project/panda-ext-6223-6/,"listed only in the sitemap, not linked from any page (/blog/project/)",(sitemap)
https://pandaexteriors.com/blog/project/panda-ext-6223-7/,"listed only in the sitemap, not linked from any page (/blog/project/)",(sitemap)
https://pandaexteriors.com/blog/project/panda-ext-6223/,"listed only in the sitemap, not linked from any page (/blog/project/)",(sitemap)
https://pandaexteriors.com/blog/project/panda-ext-6228-3/,"listed only in the sitemap, not linked from any page (/blog/project/)",(sitemap)
https://pandaexteriors.com/blog/project/panda-ext-6228-4/,"listed only in the sitemap, not linked from any page (/blog/project/)",(sitemap)
https://pandaexteriors.com/blog/project/panda-ext-6228-5/,"listed only in the sitemap, not linked from any page (/blog/project/)",(sitemap)
https://pandaexteriors.com/blog/project/panda-ext-6228-6/,"listed only in the sitemap, not linked from any page (/blog/project/)",(sitemap)
https://pandaexteriors.com/blog/project/panda-ext-6228-7/,"listed only in the sitemap, not linked from any page (/blog/project/)",(sitemap)
https://pandaexteriors.com/blog/project/panda-ext-6228/,"listed only in the sitemap, not linked from any page (/blog/project/)",(sitemap)
https://pandaexteriors.com/blog/project/panda-ext-6233-2/,"listed only in the sitemap, not linked from any page (/blog/project/)",(sitemap)
https://pandaexteriors.com/blog/project/panda-ext-6233-3/,"listed only in the sitemap, not linked from any page (/blog/project/)",(sitemap)
https://pandaexteriors.com/blog/project/panda-ext-6233-4/,"listed only in the sitemap, not linked from any page (/blog/project/)",(sitemap)
https://pandaexteriors.com/blog/project/panda-ext-6233-5/,"listed only in the sitemap, not linked from any page (/blog/project/)",(sitemap)
https://pandaexteriors.com/blog/project/panda-ext-6233-6/,"listed only in the sitemap, not linked from any page (/blog/project/)",(sitemap)
https://pandaexteriors.com/blog/project/panda-ext-6233-7/,"listed only in the sitemap, not linked from any page (/blog/project/)",(sitemap)
https://pandaexteriors.com/blog/project/panda-ext-6233/,"listed only in the sitemap, not linked from any page (/blog/project/)",(sitemap)
https://pandaexteriors.com/blog/project/panda-ext-6245-2/,"listed only in the sitemap, not linked from any page (/blog/project/)",(sitemap)
https://pandaexteriors.com/blog/project/panda-ext-6245-3/,"listed only in the sitemap, not linked from any page (/blog/project/)",(sitemap)
https://pandaexteriors.com/blog/project/panda-ext-6245-4/,"listed only in the sitemap, not linked from any page (/blog/project/)",(sitemap)
https://pandaexteriors.com/blog/project/panda-ext-6245-5/,"listed only in the sitemap, not linked from any page (/blog/project/)",(sitemap)
https://pandaexteriors.com/blog/project/panda-ext-6245-6/,"listed only in the sitemap, not linked from any page (/blog/project/)",(sitemap)
https://pandaexteriors.com/blog/project/panda-ext-6245-7/,"listed only in the sitemap, not linked from any page (/blog/project/)",(sitemap)
https://pandaexteriors.com/blog/project/panda-ext-6245/,"listed only in the sitemap, not linked from any page (/blog/project/)",(sitemap)
https://pandaexteriors.com/blog/project/panda-ext-6252-2/,"listed only in the sitemap, not linked from any page (/blog/project/)",(sitemap)
https://pandaexteriors.com/blog/project/panda-ext-6252-3/,"listed only in the sitemap, not linked from any page (/blog/project/)",(sitemap)
https://pandaexteriors.com/blog/project/panda-ext-6252-4/,"listed only in the sitemap, not linked from any page (/blog/project/)",(sitemap)
https://pandaexteriors.com/blog/project/panda-ext-6252-5/,"listed only in the sitemap, not linked from any page (/blog/project/)",(sitemap)
https://pandaexteriors.com/blog/project/panda-ext-6252-6/,"listed only in the sitemap, not linked from any page (/blog/project/)",(sitemap)
https://pandaexteriors.com/blog/project/panda-ext-6252-7/,"listed only in the sitemap, not linked from any page (/blog/project/)",(sitemap)
https://pandaexteriors.com/blog/project/panda-ext-6252/,"listed only in the sitemap, not linked from any page (/blog/project/)",(sitemap)
https://pandaexteriors.com/blog/project/panda-ext-6260-2/,"listed only in the sitemap, not linked from any page (/blog/project/)",(sitemap)
https://pandaexteriors.com/blog/project/panda-ext-6260-3/,"listed only in the sitemap, not linked from any page (/blog/project/)",(sitemap)
https://pandaexteriors.com/blog/project/panda-ext-6260-4/,"listed only in the sitemap, not linked from any page (/blog/project/)",(sitemap)
https://pandaexteriors.com/blog/project/panda-ext-6260-5/,"listed only in the sitemap, not linked from any page (/blog/project/)",(sitemap)
https://pandaexteriors.com/blog/project/panda-ext-6260-6/,"listed only in the sitemap, not linked from any page (/blog/project/)",(sitemap)
https://pandaexteriors.com/blog/project/panda-ext-6260-7/,"listed only in the sitemap, not linked from any page (/blog/project/)",(sitemap)
https://pandaexteriors.com/blog/project/panda-ext-6260/,"listed only in the sitemap, not linked from any page (/blog/project/)",(sitemap)
https://pandaexteriors.com/blog/project/panda-ext-6266/,"listed only in the sitemap, not linked from any page (/blog/project/)",(sitemap)
https://pandaexteriors.com/blog/project/panda-ext-6268/,"listed only in the sitemap, not linked from any page (/blog/project/)",(sitemap)
https://pandaexteriors.com/blog/project/panda-ext-6282/,"listed only in the sitemap, not linked from any page (/blog/project/)",(sitemap)
https://pandaexteriors.com/blog/project/panda-ext-6293-2/,"listed only in the sitemap, not linked from any page (/blog/project/)",(sitemap)
https://pandaexteriors.com/blog/project/panda-ext-6293-3/,"listed only in the sitemap, not linked from any page (/blog/project/)",(sitemap)
https://pandaexteriors.com/blog/project/panda-ext-6293-4/,"listed only in the sitemap, not linked from any page (/blog/project/)",(sitemap)
https://pandaexteriors.com/blog/project/panda-ext-6293-5/,"listed only in the sitemap, not linked from any page (/blog/project/)",(sitemap)
https://pandaexteriors.com/blog/project/panda-ext-6293-6/,"listed only in the sitemap, not linked from any page (/blog/project/)",(sitemap)
https://pandaexteriors.com/blog/project/panda-ext-6293-7/,"listed only in the sitemap, not linked from any page (/blog/project/)",(sitemap)
https://pandaexteriors.com/blog/project/panda-ext-6293/,"listed only in the sitemap, not linked from any page (/blog/project/)",(sitemap)
https://pandaexteriors.com/blog/project/panda-ext-6299/,"listed only in the sitemap, not linked from any page (/blog/project/)",(sitemap)
https://pandaexteriors.com/blog/project/panda-ext-6301/,"listed only in the sitemap, not linked from any page (/blog/project/)",(sitemap)
https://pandaexteriors.com/blog/project/panda-ext-6308-2/,"listed only in the sitemap, not linked from any page (/blog/project/)",(sitemap)
https://pandaexteriors.com/blog/project/panda-ext-6308-3/,"listed only in the sitemap, not linked from any page (/blog/project/)",(sitemap)
https://pandaexteriors.com/blog/project/panda-ext-6308-4/,"listed only in the sitemap, not linked from any page (/blog/project/)",(sitemap)
https://pandaexteriors.com/blog/project/panda-ext-6308-5/,"listed only in the sitemap, not linked from any page (/blog/project/)",(sitemap)
https://pandaexteriors.com/blog/project/panda-ext-6308-6/,"listed only in the sitemap, not linked from any page (/blog/project/)",(sitemap)
https://pandaexteriors.com/blog/project/panda-ext-6308-7/,"listed only in the sitemap, not linked from any page (/blog/project/)",(sitemap)
https://pandaexteriors.com/blog/project/panda-ext-6308/,"listed only in the sitemap, not linked from any page (/blog/project/)",(sitemap)
https://pandaexteriors.com/blog/project/panda-ext-6326-2/,"listed only in the sitemap, not linked from any page (/blog/project/)",(sitemap)
https://pandaexteriors.com/blog/project/panda-ext-6326-3/,"listed only in the sitemap, not linked from any page (/blog/project/)",(sitemap)
https://pandaexteriors.com/blog/project/panda-ext-6326-4/,"listed only in the sitemap, not linked from any page (/blog/project/)",(sitemap)
https://pandaexteriors.com/blog/project/panda-ext-6326-5/,"listed only in the sitemap, not linked from any page (/blog/project/)",(sitemap)
https://pandaexteriors.com/blog/project/panda-ext-6326-6/,"listed only in the sitemap, not linked from any page (/blog/project/)",(sitemap)
https://pandaexteriors.com/blog/project/panda-ext-6326-7/,"listed only in the sitemap, not linked from any page (/blog/project/)",(sitemap)
https://pandaexteriors.com/blog/project/panda-ext-6326/,"listed only in the sitemap, not linked from any page (/blog/project/)",(sitemap)
https://pandaexteriors.com/blog/project/panda-ext-6334-2/,"listed only in the sitemap, not linked from any page (/blog/project/)",(sitemap)
https://pandaexteriors.com/blog/project/panda-ext-6334-3/,"listed only in the sitemap, not linked from any page (/blog/project/)",(sitemap)
https://pandaexteriors.com/blog/project/panda-ext-6334-4/,"listed only in the sitemap, not linked from any page (/blog/project/)",(sitemap)
https://pandaexteriors.com/blog/project/panda-ext-6334-5/,"listed only in the sitemap, not linked from any page (/blog/project/)",(sitemap)
https://pandaexteriors.com/blog/project/panda-ext-6334-6/,"listed only in the sitemap, not linked from any page (/blog/project/)",(sitemap)
https://pandaexteriors.com/blog/project/panda-ext-6334-7/,"listed only in the sitemap, not linked from any page (/blog/project/)",(sitemap)
https://pandaexteriors.com/blog/project/panda-ext-6334/,"listed only in the sitemap, not linked from any page (/blog/project/)",(sitemap)
https://pandaexteriors.com/blog/project/panda-ext-6335-2/,"listed only in the sitemap, not linked from any page (/blog/project/)",(sitemap)
https://pandaexteriors.com/blog/project/panda-ext-6335-3/,"listed only in the sitemap, not linked from any page (/blog/project/)",(sitemap)
https://pandaexteriors.com/blog/project/panda-ext-6335-4/,"listed only in the sitemap, not linked from any page (/blog/project/)",(sitemap)
https://pandaexteriors.com/blog/project/panda-ext-6335-5/,"listed only in the sitemap, not linked from any page (/blog/project/)",(sitemap)
https://pandaexteriors.com/blog/project/panda-ext-6335-6/,"listed only in the sitemap, not linked from any page (/blog/project/)",(sitemap)
https://pandaexteriors.com/blog/project/panda-ext-6335-7/,"listed only in the sitemap, not linked from any page (/blog/project/)",(sitemap)
https://pandaexteriors.com/blog/project/panda-ext-6335-8/,"listed only in the sitemap, not linked from any page (/blog/project/)",(sitemap)
https://pandaexteriors.com/blog/project/panda-ext-6335/,"listed only in the sitemap, not linked from any page (/blog/project/)",(sitemap)
https://pandaexteriors.com/blog/project/panda-ext-6366-2/,"listed only in the sitemap, not linked from any page (/blog/project/)",(sitemap)
https://pandaexteriors.com/blog/project/panda-ext-6366-3/,"listed only in the sitemap, not linked from any page (/blog/project/)",(sitemap)
https://pandaexteriors.com/blog/project/panda-ext-6366-4/,"listed only in the sitemap, not linked from any page (/blog/project/)",(sitemap)
https://pandaexteriors.com/blog/project/panda-ext-6366-5/,"listed only in the sitemap, not linked from any page (/blog/project/)",(sitemap)
https://pandaexteriors.com/blog/project/panda-ext-6366-6/,"listed only in the sitemap, not linked from any page (/blog/project/)",(sitemap)
https://pandaexteriors.com/blog/project/panda-ext-6366-7/,"listed only in the sitemap, not linked from any page (/blog/project/)",(sitemap)
https://pandaexteriors.com/blog/project/panda-ext-6366/,"listed only in the sitemap, not linked from any page (/blog/project/)",(sitemap)
https://pandaexteriors.com/blog/project/panda-ext-6379-2/,"listed only in the sitemap, not linked from any page (/blog/project/)",(sitemap)
https://pandaexteriors.com/blog/project/panda-ext-6379-3/,"listed only in the sitemap, not linked from any page (/blog/project/)",(sitemap)
https://pandaexteriors.com/blog/project/panda-ext-6379-4/,"listed only in the sitemap, not linked from any page (/blog/project/)",(sitemap)
https://pandaexteriors.com/blog/project/panda-ext-6379-5/,"listed only in the sitemap, not linked from any page (/blog/project/)",(sitemap)
https://pandaexteriors.com/blog/project/panda-ext-6379-6/,"listed only in the sitemap, not linked from any page (/blog/project/)",(sitemap)
https://pandaexteriors.com/blog/project/panda-ext-6379-7/,"listed only in the sitemap, not linked from any page (/blog/project/)",(sitemap)
https://pandaexteriors.com/blog/project/panda-ext-6379/,"listed only in the sitemap, not linked from any page (/blog/project/)",(sitemap)
https://pandaexteriors.com/blog/project/panda-ext-6382-2/,"listed only in the sitemap, not linked from any page (/blog/project/)",(sitemap)
https://pandaexteriors.com/blog/project/panda-ext-6382-3/,"listed only in the sitemap, not linked from any page (/blog/project/)",(sitemap)
https://pandaexteriors.com/blog/project/panda-ext-6382-4/,"listed only in the sitemap, not linked from any page (/blog/project/)",(sitemap)
https://pandaexteriors.com/blog/project/panda-ext-6382-5/,"listed only in the sitemap, not linked from any page (/blog/project/)",(sitemap)
https://pandaexteriors.com/blog/project/panda-ext-6382-6/,"listed only in the sitemap, not linked from any page (/blog/project/)",(sitemap)
https://pandaexteriors.com/blog/project/panda-ext-6382-7/,"listed only in the sitemap, not linked from any page (/blog/project/)",(sitemap)
https://pandaexteriors.com/blog/project/panda-ext-6382/,"listed only in the sitemap, not linked from any page (/blog/project/)",(sitemap)
https://pandaexteriors.com/blog/project/panda-ext-6384-2/,"listed only in the sitemap, not linked from any page (/blog/project/)",(sitemap)
https://pandaexteriors.com/blog/project/panda-ext-6384-3/,"listed only in the sitemap, not linked from any page (/blog/project/)",(sitemap)
https://pandaexteriors.com/blog/project/panda-ext-6384-4/,"listed only in the sitemap, not linked from any page (/blog/project/)",(sitemap)
https://pandaexteriors.com/blog/project/panda-ext-6384-5/,"listed only in the sitemap, not linked from any page (/blog/project/)",(sitemap)
https://pandaexteriors.com/blog/project/panda-ext-6384-6/,"listed only in the sitemap, not linked from any page (/blog/project/)",(sitemap)
https://pandaexteriors.com/blog/project/panda-ext-6384-7/,"listed only in the sitemap, not linked from any page (/blog/project/)",(sitemap)
https://pandaexteriors.com/blog/project/panda-ext-6384/,"listed only in the sitemap, not linked from any page (/blog/project/)",(sitemap)
https://pandaexteriors.com/blog/project/panda-ext-6386-2/,"listed only in the sitemap, not linked from any page (/blog/project/)",(sitemap)
https://pandaexteriors.com/blog/project/panda-ext-6386-3/,"listed only in the sitemap, not linked from any page (/blog/project/)",(sitemap)
https://pandaexteriors.com/blog/project/panda-ext-6386-4/,"listed only in the sitemap, not linked from any page (/blog/project/)",(sitemap)
https://pandaexteriors.com/blog/project/panda-ext-6386-5/,"listed only in the sitemap, not linked from any page (/blog/project/)",(sitemap)
https://pandaexteriors.com/blog/project/panda-ext-6386/,"listed only in the sitemap, not linked from any page (/blog/project/)",(sitemap)
https://pandaexteriors.com/blog/project/panda-ext-6389/,"listed only in the sitemap, not linked from any page (/blog/project/)",(sitemap)
https://pandaexteriors.com/blog/project/panda-ext-6425/,"listed only in the sitemap, not linked from any page (/blog/project/)",(sitemap)
https://pandaexteriors.com/blog/project/panda-ext-6429-2/,"listed only in the sitemap, not linked from any page (/blog/project/)",(sitemap)
https://pandaexteriors.com/blog/project/panda-ext-6429-3/,"listed only in the sitemap, not linked from any page (/blog/project/)",(sitemap)
https://pandaexteriors.com/blog/project/panda-ext-6429-4/,"listed only in the sitemap, not linked from any page (/blog/project/)",(sitemap)
https://pandaexteriors.com/blog/project/panda-ext-6429-5/,"listed only in the sitemap, not linked from any page (/blog/project/)",(sitemap)
https://pandaexteriors.com/blog/project/panda-ext-6429-7/,"listed only in the sitemap, not linked from any page (/blog/project/)",(sitemap)
https://pandaexteriors.com/blog/project/panda-ext-6429-8/,"listed only in the sitemap, not linked from any page (/blog/project/)",(sitemap)
https://pandaexteriors.com/blog/project/panda-ext-6432/,"listed only in the sitemap, not linked from any page (/blog/project/)",(sitemap)
https://pandaexteriors.com/blog/project/panda-ext-6446/,"listed only in the sitemap, not linked from any page (/blog/project/)",(sitemap)
https://pandaexteriors.com/blog/project/panda-ext-6449-2/,"listed only in the sitemap, not linked from any page (/blog/project/)",(sitemap)
https://pandaexteriors.com/blog/project/panda-ext-6449-3/,"listed only in the sitemap, not linked from any page (/blog/project/)",(sitemap)
https://pandaexteriors.com/blog/project/panda-ext-6449-4/,"listed only in the sitemap, not linked from any page (/blog/project/)",(sitemap)
https://pandaexteriors.com/blog/project/panda-ext-6449-5/,"listed only in the sitemap, not linked from any page (/blog/project/)",(sitemap)
https://pandaexteriors.com/blog/project/panda-ext-6449/,"listed only in the sitemap, not linked from any page (/blog/project/)",(sitemap)
https://pandaexteriors.com/blog/project/panda-ext-6452/,"listed only in the sitemap, not linked from any page (/blog/project/)",(sitemap)
https://pandaexteriors.com/blog/project/panda-ext-6456/,"listed only in the sitemap, not linked from any page (/blog/project/)",(sitemap)
https://pandaexteriors.com/blog/project/panda-ext-6457-2/,"listed only in the sitemap, not linked from any page (/blog/project/)",(sitemap)
https://pandaexteriors.com/blog/project/panda-ext-6457-3/,"listed only in the sitemap, not linked from any page (/blog/project/)",(sitemap)
https://pandaexteriors.com/blog/project/panda-ext-6457-4/,"listed only in the sitemap, not linked from any page (/blog/project/)",(sitemap)
https://pandaexteriors.com/blog/project/panda-ext-6457-5/,"listed only in the sitemap, not linked from any page (/blog/project/)",(sitemap)
https://pandaexteriors.com/blog/project/panda-ext-6457/,"listed only in the sitemap, not linked from any page (/blog/project/)",(sitemap)
https://pandaexteriors.com/blog/project/panda-ext-6459-2/,"listed only in the sitemap, not linked from any page (/blog/project/)",(sitemap)
https://pandaexteriors.com/blog/project/panda-ext-6459-3/,"listed only in the sitemap, not linked from any page (/blog/project/)",(sitemap)
https://pandaexteriors.com/blog/project/panda-ext-6459-4/,"listed only in the sitemap, not linked from any page (/blog/project/)",(sitemap)
https://pandaexteriors.com/blog/project/panda-ext-6459-5/,"listed only in the sitemap, not linked from any page (/blog/project/)",(sitemap)
https://pandaexteriors.com/blog/project/panda-ext-6459-6/,"listed only in the sitemap, not linked from any page (/blog/project/)",(sitemap)
https://pandaexteriors.com/blog/project/panda-ext-6459-7/,"listed only in the sitemap, not linked from any page (/blog/project/)",(sitemap)
https://pandaexteriors.com/blog/project/panda-ext-6459-8/,"listed only in the sitemap, not linked from any page (/blog/project/)",(sitemap)
https://pandaexteriors.com/blog/project/panda-ext-6459/,"listed only in the sitemap, not linked from any page (/blog/project/)",(sitemap)
https://pandaexteriors.com/blog/project/panda-ext-6461/,"listed only in the sitemap, not linked from any page (/blog/project/)",(sitemap)
https://pandaexteriors.com/blog/project/panda-ext-6464/,"listed only in the sitemap, not linked from any page (/blog/project/)",(sitemap)
https://pandaexteriors.com/blog/project/panda-ext-6465-2/,"listed only in the sitemap, not linked from any page (/blog/project/)",(sitemap)
https://pandaexteriors.com/blog/project/panda-ext-6465-3/,"listed only in the sitemap, not linked from any page (/blog/project/)",(sitemap)
https://pandaexteriors.com/blog/project/panda-ext-6465-4/,"listed only in the sitemap, not linked from any page (/blog/project/)",(sitemap)
https://pandaexteriors.com/blog/project/panda-ext-6465-5/,"listed only in the sitemap, not linked from any page (/blog/project/)",(sitemap)
https://pandaexteriors.com/blog/project/panda-ext-6465-6/,"listed only in the sitemap, not linked from any page (/blog/project/)",(sitemap)
https://pandaexteriors.com/blog/project/panda-ext-6465-7/,"listed only in the sitemap, not linked from any page (/blog/project/)",(sitemap)
https://pandaexteriors.com/blog/project/panda-ext-6465/,"listed only in the sitemap, not linked from any page (/blog/project/)",(sitemap)
https://pandaexteriors.com/blog/project/panda-ext-6466/,"listed only in the sitemap, not linked from any page (/blog/project/)",(sitemap)
https://pandaexteriors.com/blog/project/panda-ext-6468/,"listed only in the sitemap, not linked from any page (/blog/project/)",(sitemap)
https://pandaexteriors.com/blog/project/panda-ext-6469-2/,"listed only in the sitemap, not linked from any page (/blog/project/)",(sitemap)
https://pandaexteriors.com/blog/project/panda-ext-6469-3/,"listed only in the sitemap, not linked from any page (/blog/project/)",(sitemap)
https://pandaexteriors.com/blog/project/panda-ext-6469-4/,"listed only in the sitemap, not linked from any page (/blog/project/)",(sitemap)
https://pandaexteriors.com/blog/project/panda-ext-6469-5/,"listed only in the sitemap, not linked from any page (/blog/project/)",(sitemap)
https://pandaexteriors.com/blog/project/panda-ext-6469-6/,"listed only in the sitemap, not linked from any page (/blog/project/)",(sitemap)
https://pandaexteriors.com/blog/project/panda-ext-6469-7/,"listed only in the sitemap, not linked from any page (/blog/project/)",(sitemap)
https://pandaexteriors.com/blog/project/panda-ext-6469/,"listed only in the sitemap, not linked from any page (/blog/project/)",(sitemap)
https://pandaexteriors.com/blog/project/panda-ext-6473-2/,"listed only in the sitemap, not linked from any page (/blog/project/)",(sitemap)
https://pandaexteriors.com/blog/project/panda-ext-6473-3/,"listed only in the sitemap, not linked from any page (/blog/project/)",(sitemap)
https://pandaexteriors.com/blog/project/panda-ext-6473-4/,"listed only in the sitemap, not linked from any page (/blog/project/)",(sitemap)
https://pandaexteriors.com/blog/project/panda-ext-6473-5/,"listed only in the sitemap, not linked from any page (/blog/project/)",(sitemap)
https://pandaexteriors.com/blog/project/panda-ext-6473-6/,"listed only in the sitemap, not linked from any page (/blog/project/)",(sitemap)
https://pandaexteriors.com/blog/project/panda-ext-6473-7/,"listed only in the sitemap, not linked from any page (/blog/project/)",(sitemap)
https://pandaexteriors.com/blog/project/panda-ext-6473/,"listed only in the sitemap, not linked from any page (/blog/project/)",(sitemap)
https://pandaexteriors.com/blog/project/panda-ext-6474/,"listed only in the sitemap, not linked from any page (/blog/project/)",(sitemap)
https://pandaexteriors.com/blog/project/panda-ext-6480/,"listed only in the sitemap, not linked from any page (/blog/project/)",(sitemap)
https://pandaexteriors.com/blog/project/panda-ext-6485/,"listed only in the sitemap, not linked from any page (/blog/project/)",(sitemap)
https://pandaexteriors.com/blog/project/panda-ext-6487/,"listed only in the sitemap, not linked from any page (/blog/project/)",(sitemap)
https://pandaexteriors.com/blog/project/panda-ext-6502/,"listed only in the sitemap, not linked from any page (/blog/project/)",(sitemap)
https://pandaexteriors.com/blog/project/panda-ext-6504/,"listed only in the sitemap, not linked from any page (/blog/project/)",(sitemap)
https://pandaexteriors.com/blog/project/panda-ext-6510-2/,"listed only in the sitemap, not linked from any page (/blog/project/)",(sitemap)
https://pandaexteriors.com/blog/project/panda-ext-6510-3/,"listed only in the sitemap, not linked from any page (/blog/project/)",(sitemap)
https://pandaexteriors.com/blog/project/panda-ext-6510-4/,"listed only in the sitemap, not linked from any page (/blog/project/)",(sitemap)
https://pandaexteriors.com/blog/project/panda-ext-6510-5/,"listed only in the sitemap, not linked from any page (/blog/project/)",(sitemap)
https://pandaexteriors.com/blog/project/panda-ext-6510-6/,"listed only in the sitemap, not linked from any page (/blog/project/)",(sitemap)
https://pandaexteriors.com/blog/project/panda-ext-6510-7/,"listed only in the sitemap, not linked from any page (/blog/project/)",(sitemap)
https://pandaexteriors.com/blog/project/panda-ext-6510/,"listed only in the sitemap, not linked from any page (/blog/project/)",(sitemap)
https://pandaexteriors.com/blog/project/panda-ext-6512/,"listed only in the sitemap, not linked from any page (/blog/project/)",(sitemap)
https://pandaexteriors.com/blog/project/panda-ext-6516/,"listed only in the sitemap, not linked from any page (/blog/project/)",(sitemap)
https://pandaexteriors.com/blog/project/panda-ext-6519-2/,"listed only in the sitemap, not linked from any page (/blog/project/)",(sitemap)
https://pandaexteriors.com/blog/project/panda-ext-6519-3/,"listed only in the sitemap, not linked from any page (/blog/project/)",(sitemap)
https://pandaexteriors.com/blog/project/panda-ext-6519-4/,"listed only in the sitemap, not linked from any page (/blog/project/)",(sitemap)
https://pandaexteriors.com/blog/project/panda-ext-6519-5/,"listed only in the sitemap, not linked from any page (/blog/project/)",(sitemap)
https://pandaexteriors.com/blog/project/panda-ext-6519-6/,"listed only in the sitemap, not linked from any page (/blog/project/)",(sitemap)
https://pandaexteriors.com/blog/project/panda-ext-6519-7/,"listed only in the sitemap, not linked from any page (/blog/project/)",(sitemap)
https://pandaexteriors.com/blog/project/panda-ext-6519/,"listed only in the sitemap, not linked from any page (/blog/project/)",(sitemap)
https://pandaexteriors.com/blog/project/panda-ext-6554/,"listed only in the sitemap, not linked from any page (/blog/project/)",(sitemap)
https://pandaexteriors.com/blog/project/panda-ext-6561-2/,"listed only in the sitemap, not linked from any page (/blog/project/)",(sitemap)
https://pandaexteriors.com/blog/project/panda-ext-6561-3/,"listed only in the sitemap, not linked from any page (/blog/project/)",(sitemap)
https://pandaexteriors.com/blog/project/panda-ext-6561-4/,"listed only in the sitemap, not linked from any page (/blog/project/)",(sitemap)
https://pandaexteriors.com/blog/project/panda-ext-6561-5/,"listed only in the sitemap, not linked from any page (/blog/project/)",(sitemap)
https://pandaexteriors.com/blog/project/panda-ext-6561-6/,"listed only in the sitemap, not linked from any page (/blog/project/)",(sitemap)
https://pandaexteriors.com/blog/project/panda-ext-6561-7/,"listed only in the sitemap, not linked from any page (/blog/project/)",(sitemap)
https://pandaexteriors.com/blog/project/panda-ext-6561/,"listed only in the sitemap, not linked from any page (/blog/project/)",(sitemap)
https://pandaexteriors.com/blog/project/panda-ext-6577-2/,"listed only in the sitemap, not linked from any page (/blog/project/)",(sitemap)
https://pandaexteriors.com/blog/project/panda-ext-6577-4/,"listed only in the sitemap, not linked from any page (/blog/project/)",(sitemap)
https://pandaexteriors.com/blog/project/panda-ext-6578/,"listed only in the sitemap, not linked from any page (/blog/project/)",(sitemap)
https://pandaexteriors.com/blog/project/panda-ext-6580/,"listed only in the sitemap, not linked from any page (/blog/project/)",(sitemap)
https://pandaexteriors.com/blog/project/panda-ext-6582-2/,"listed only in the sitemap, not linked from any page (/blog/project/)",(sitemap)
https://pandaexteriors.com/blog/project/panda-ext-6582-3/,"listed only in the sitemap, not linked from any page (/blog/project/)",(sitemap)
https://pandaexteriors.com/blog/project/panda-ext-6582-4/,"listed only in the sitemap, not linked from any page (/blog/project/)",(sitemap)
https://pandaexteriors.com/blog/project/panda-ext-6582-5/,"listed only in the sitemap, not linked from any page (/blog/project/)",(sitemap)
https://pandaexteriors.com/blog/project/panda-ext-6582-6/,"listed only in the sitemap, not linked from any page (/blog/project/)",(sitemap)
https://pandaexteriors.com/blog/project/panda-ext-6582-7/,"listed only in the sitemap, not linked from any page (/blog/project/)",(sitemap)
https://pandaexteriors.com/blog/project/panda-ext-6582/,"listed only in the sitemap, not linked from any page (/blog/project/)",(sitemap)
https://pandaexteriors.com/blog/project/panda-ext-6591-2/,"listed only in the sitemap, not linked from any page (/blog/project/)",(sitemap)
https://pandaexteriors.com/blog/project/panda-ext-6591-3/,"listed only in the sitemap, not linked from any page (/blog/project/)",(sitemap)
https://pandaexteriors.com/blog/project/panda-ext-6591-4/,"listed only in the sitemap, not linked from any page (/blog/project/)",(sitemap)
https://pandaexteriors.com/blog/project/panda-ext-6591-5/,"listed only in the sitemap, not linked from any page (/blog/project/)",(sitemap)
https://pandaexteriors.com/blog/project/panda-ext-6591/,"listed only in the sitemap, not linked from any page (/blog/project/)",(sitemap)
https://pandaexteriors.com/blog/project/panda-ext-6597/,"listed only in the sitemap, not linked from any page (/blog/project/)",(sitemap)
https://pandaexteriors.com/blog/project/panda-ext-6604/,"listed only in the sitemap, not linked from any page (/blog/project/)",(sitemap)
https://pandaexteriors.com/blog/project/panda-ext-6605-2/,"listed only in the sitemap, not linked from any page (/blog/project/)",(sitemap)
https://pandaexteriors.com/blog/project/panda-ext-6605-3/,"listed only in the sitemap, not linked from any page (/blog/project/)",(sitemap)
https://pandaexteriors.com/blog/project/panda-ext-6605-4/,"listed only in the sitemap, not linked from any page (/blog/project/)",(sitemap)
https://pandaexteriors.com/blog/project/panda-ext-6605-5/,"listed only in the sitemap, not linked from any page (/blog/project/)",(sitemap)
https://pandaexteriors.com/blog/project/panda-ext-6605-6/,"listed only in the sitemap, not linked from any page (/blog/project/)",(sitemap)
https://pandaexteriors.com/blog/project/panda-ext-6605-7/,"listed only in the sitemap, not linked from any page (/blog/project/)",(sitemap)
https://pandaexteriors.com/blog/project/panda-ext-6605/,"listed only in the sitemap, not linked from any page (/blog/project/)",(sitemap)
https://pandaexteriors.com/blog/project/panda-ext-6606/,"listed only in the sitemap, not linked from any page (/blog/project/)",(sitemap)
https://pandaexteriors.com/blog/project/panda-ext-6610-2/,"listed only in the sitemap, not linked from any page (/blog/project/)",(sitemap)
https://pandaexteriors.com/blog/project/panda-ext-6610-3/,"listed only in the sitemap, not linked from any page (/blog/project/)",(sitemap)
https://pandaexteriors.com/blog/project/panda-ext-6610-4/,"listed only in the sitemap, not linked from any page (/blog/project/)",(sitemap)
https://pandaexteriors.com/blog/project/panda-ext-6610-5/,"listed only in the sitemap, not linked from any page (/blog/project/)",(sitemap)
https://pandaexteriors.com/blog/project/panda-ext-6610-6/,"listed only in the sitemap, not linked from any page (/blog/project/)",(sitemap)
https://pandaexteriors.com/blog/project/panda-ext-6610-7/,"listed only in the sitemap, not linked from any page (/blog/project/)",(sitemap)
https://pandaexteriors.com/blog/project/panda-ext-6610/,"listed only in the sitemap, not linked from any page (/blog/project/)",(sitemap)
https://pandaexteriors.com/blog/project/panda-ext-6617/,"listed only in the sitemap, not linked from any page (/blog/project/)",(sitemap)
https://pandaexteriors.com/blog/project/panda-ext-6618-3/,"listed only in the sitemap, not linked from any page (/blog/project/)",(sitemap)
https://pandaexteriors.com/blog/project/panda-ext-6618-4/,"listed only in the sitemap, not linked from any page (/blog/project/)",(sitemap)
https://pandaexteriors.com/blog/project/panda-ext-6618-5/,"listed only in the sitemap, not linked from any page (/blog/project/)",(sitemap)
https://pandaexteriors.com/blog/project/panda-ext-6618-6/,"listed only in the sitemap, not linked from any page (/blog/project/)",(sitemap)
https://pandaexteriors.com/blog/project/panda-ext-6618-7/,"listed only in the sitemap, not linked from any page (/blog/project/)",(sitemap)
https://pandaexteriors.com/blog/project/panda-ext-6618/,"listed only in the sitemap, not linked from any page (/blog/project/)",(sitemap)
https://pandaexteriors.com/blog/project/panda-ext-6623/,"listed only in the sitemap, not linked from any page (/blog/project/)",(sitemap)
https://pandaexteriors.com/blog/project/panda-ext-6627-2/,"listed only in the sitemap, not linked from any page (/blog/project/)",(sitemap)
https://pandaexteriors.com/blog/project/panda-ext-6627-3/,"listed only in the sitemap, not linked from any page (/blog/project/)",(sitemap)
https://pandaexteriors.com/blog/project/panda-ext-6627-4/,"listed only in the sitemap, not linked from any page (/blog/project/)",(sitemap)
https://pandaexteriors.com/blog/project/panda-ext-6627-5/,"listed only in the sitemap, not linked from any page (/blog/project/)",(sitemap)
https://pandaexteriors.com/blog/project/panda-ext-6627-6/,"listed only in the sitemap, not linked from any page (/blog/project/)",(sitemap)
https://pandaexteriors.com/blog/project/panda-ext-6632/,"listed only in the sitemap, not linked from any page (/blog/project/)",(sitemap)
https://pandaexteriors.com/blog/project/panda-ext-6645-2/,"listed only in the sitemap, not linked from any page (/blog/project/)",(sitemap)
https://pandaexteriors.com/blog/project/panda-ext-6645-3/,"listed only in the sitemap, not linked from any page (/blog/project/)",(sitemap)
https://pandaexteriors.com/blog/project/panda-ext-6645-4/,"listed only in the sitemap, not linked from any page (/blog/project/)",(sitemap)
https://pandaexteriors.com/blog/project/panda-ext-6645-5/,"listed only in the sitemap, not linked from any page (/blog/project/)",(sitemap)
https://pandaexteriors.com/blog/project/panda-ext-6645-6/,"listed only in the sitemap, not linked from any page (/blog/project/)",(sitemap)
https://pandaexteriors.com/blog/project/panda-ext-6645-7/,"listed only in the sitemap, not linked from any page (/blog/project/)",(sitemap)
https://pandaexteriors.com/blog/project/panda-ext-6645/,"listed only in the sitemap, not linked from any page (/blog/project/)",(sitemap)
https://pandaexteriors.com/blog/project/panda-ext-6653/,"listed only in the sitemap, not linked from any page (/blog/project/)",(sitemap)
https://pandaexteriors.com/blog/project/panda-ext-6654/,"listed only in the sitemap, not linked from any page (/blog/project/)",(sitemap)
https://pandaexteriors.com/blog/project/panda-ext-6657-2/,"listed only in the sitemap, not linked from any page (/blog/project/)",(sitemap)
https://pandaexteriors.com/blog/project/panda-ext-6657-3/,"listed only in the sitemap, not linked from any page (/blog/project/)",(sitemap)
https://pandaexteriors.com/blog/project/panda-ext-6657-4/,"listed only in the sitemap, not linked from any page (/blog/project/)",(sitemap)
https://pandaexteriors.com/blog/project/panda-ext-6657-5/,"listed only in the sitemap, not linked from any page (/blog/project/)",(sitemap)
https://pandaexteriors.com/blog/project/panda-ext-6657-6/,"listed only in the sitemap, not linked from any page (/blog/project/)",(sitemap)
https://pandaexteriors.com/blog/project/panda-ext-6657-7/,"listed only in the sitemap, not linked from any page (/blog/project/)",(sitemap)
https://pandaexteriors.com/blog/project/panda-ext-6657/,"listed only in the sitemap, not linked from any page (/blog/project/)",(sitemap)
https://pandaexteriors.com/blog/project/panda-ext-6658-3/,"listed only in the sitemap, not linked from any page (/blog/project/)",(sitemap)
https://pandaexteriors.com/blog/project/panda-ext-6658-4/,"listed only in the sitemap, not linked from any page (/blog/project/)",(sitemap)
https://pandaexteriors.com/blog/project/panda-ext-6658-5/,"listed only in the sitemap, not linked from any page (/blog/project/)",(sitemap)
https://pandaexteriors.com/blog/project/panda-ext-6658-6/,"listed only in the sitemap, not linked from any page (/blog/project/)",(sitemap)
https://pandaexteriors.com/blog/project/panda-ext-6658-7/,"listed only in the sitemap, not linked from any page (/blog/project/)",(sitemap)
https://pandaexteriors.com/blog/project/panda-ext-6658/,"listed only in the sitemap, not linked from any page (/blog/project/)",(sitemap)
https://pandaexteriors.com/blog/project/panda-ext-6669-2/,"listed only in the sitemap, not linked from any page (/blog/project/)",(sitemap)
https://pandaexteriors.com/blog/project/panda-ext-6669-3/,"listed only in the sitemap, not linked from any page (/blog/project/)",(sitemap)
https://pandaexteriors.com/blog/project/panda-ext-6669-4/,"listed only in the sitemap, not linked from any page (/blog/project/)",(sitemap)
https://pandaexteriors.com/blog/project/panda-ext-6669-5/,"listed only in the sitemap, not linked from any page (/blog/project/)",(sitemap)
https://pandaexteriors.com/blog/project/panda-ext-6669-6/,"listed only in the sitemap, not linked from any page (/blog/project/)",(sitemap)
https://pandaexteriors.com/blog/project/panda-ext-6669-7/,"listed only in the sitemap, not linked from any page (/blog/project/)",(sitemap)
https://pandaexteriors.com/blog/project/panda-ext-6669-8/,"listed only in the sitemap, not linked from any page (/blog/project/)",(sitemap)
https://pandaexteriors.com/blog/project/panda-ext-6669/,"listed only in the sitemap, not linked from any page (/blog/project/)",(sitemap)
https://pandaexteriors.com/blog/project/panda-ext-6673/,"listed only in the sitemap, not linked from any page (/blog/project/)",(sitemap)
https://pandaexteriors.com/blog/project/panda-ext-6680/,"listed only in the sitemap, not linked from any page (/blog/project/)",(sitemap)
https://pandaexteriors.com/blog/project/panda-ext-6684/,"listed only in the sitemap, not linked from any page (/blog/project/)",(sitemap)
https://pandaexteriors.com/blog/project/panda-ext-6702-2/,"listed only in the sitemap, not linked from any page (/blog/project/)",(sitemap)
https://pandaexteriors.com/blog/project/panda-ext-6702-3/,"listed only in the sitemap, not linked from any page (/blog/project/)",(sitemap)
https://pandaexteriors.com/blog/project/panda-ext-6702-4/,"listed only in the sitemap, not linked from any page (/blog/project/)",(sitemap)
https://pandaexteriors.com/blog/project/panda-ext-6702-5/,"listed only in the sitemap, not linked from any page (/blog/project/)",(sitemap)
https://pandaexteriors.com/blog/project/panda-ext-6702-6/,"listed only in the sitemap, not linked from any page (/blog/project/)",(sitemap)
https://pandaexteriors.com/blog/project/panda-ext-6702-7/,"listed only in the sitemap, not linked from any page (/blog/project/)",(sitemap)
https://pandaexteriors.com/blog/project/panda-ext-6702/,"listed only in the sitemap, not linked from any page (/blog/project/)",(sitemap)
https://pandaexteriors.com/blog/project/panda-ext-6703-2/,"listed only in the sitemap, not linked from any page (/blog/project/)",(sitemap)
https://pandaexteriors.com/blog/project/panda-ext-6703-3/,"listed only in the sitemap, not linked from any page (/blog/project/)",(sitemap)
https://pandaexteriors.com/blog/project/panda-ext-6703-4/,"listed only in the sitemap, not linked from any page (/blog/project/)",(sitemap)
https://pandaexteriors.com/blog/project/panda-ext-6703-5/,"listed only in the sitemap, not linked from any page (/blog/project/)",(sitemap)
https://pandaexteriors.com/blog/project/panda-ext-6703-6/,"listed only in the sitemap, not linked from any page (/blog/project/)",(sitemap)
https://pandaexteriors.com/blog/project/panda-ext-6703-7/,"listed only in the sitemap, not linked from any page (/blog/project/)",(sitemap)
https://pandaexteriors.com/blog/project/panda-ext-6703-8/,"listed only in the sitemap, not linked from any page (/blog/project/)",(sitemap)
https://pandaexteriors.com/blog/project/panda-ext-6703/,"listed only in the sitemap, not linked from any page (/blog/project/)",(sitemap)
https://pandaexteriors.com/blog/project/panda-ext-6715/,"listed only in the sitemap, not linked from any page (/blog/project/)",(sitemap)
https://pandaexteriors.com/blog/project/panda-ext-6717-2/,"listed only in the sitemap, not linked from any page (/blog/project/)",(sitemap)
https://pandaexteriors.com/blog/project/panda-ext-6717-3/,"listed only in the sitemap, not linked from any page (/blog/project/)",(sitemap)
https://pandaexteriors.com/blog/project/panda-ext-6717-4/,"listed only in the sitemap, not linked from any page (/blog/project/)",(sitemap)
https://pandaexteriors.com/blog/project/panda-ext-6717-5/,"listed only in the sitemap, not linked from any page (/blog/project/)",(sitemap)
https://pandaexteriors.com/blog/project/panda-ext-6717-6/,"listed only in the sitemap, not linked from any page (/blog/project/)",(sitemap)
https://pandaexteriors.com/blog/project/panda-ext-6717-7/,"listed only in the sitemap, not linked from any page (/blog/project/)",(sitemap)
https://pandaexteriors.com/blog/project/panda-ext-6717-8/,"listed only in the sitemap, not linked from any page (/blog/project/)",(sitemap)
https://pandaexteriors.com/blog/project/panda-ext-6717/,"listed only in the sitemap, not linked from any page (/blog/project/)",(sitemap)
https://pandaexteriors.com/blog/project/panda-ext-6718-2/,"listed only in the sitemap, not linked from any page (/blog/project/)",(sitemap)
https://pandaexteriors.com/blog/project/panda-ext-6718-3/,"listed only in the sitemap, not linked from any page (/blog/project/)",(sitemap)
https://pandaexteriors.com/blog/project/panda-ext-6718-4/,"listed only in the sitemap, not linked from any page (/blog/project/)",(sitemap)
https://pandaexteriors.com/blog/project/panda-ext-6718-5/,"listed only in the sitemap, not linked from any page (/blog/project/)",(sitemap)
https://pandaexteriors.com/blog/project/panda-ext-6718-6/,"listed only in the sitemap, not linked from any page (/blog/project/)",(sitemap)
https://pandaexteriors.com/blog/project/panda-ext-6718-7/,"listed only in the sitemap, not linked from any page (/blog/project/)",(sitemap)
https://pandaexteriors.com/blog/project/panda-ext-6718/,"listed only in the sitemap, not linked from any page (/blog/project/)",(sitemap)
https://pandaexteriors.com/blog/project/panda-ext-6730/,"listed only in the sitemap, not linked from any page (/blog/project/)",(sitemap)
https://pandaexteriors.com/blog/project/panda-ext-6734/,"listed only in the sitemap, not linked from any page (/blog/project/)",(sitemap)
https://pandaexteriors.com/blog/project/panda-ext-6737/,"listed only in the sitemap, not linked from any page (/blog/project/)",(sitemap)
https://pandaexteriors.com/blog/project/panda-ext-6739/,"listed only in the sitemap, not linked from any page (/blog/project/)",(sitemap)
https://pandaexteriors.com/blog/project/panda-ext-6747/,"listed only in the sitemap, not linked from any page (/blog/project/)",(sitemap)
https://pandaexteriors.com/blog/project/panda-ext-6750/,"listed only in the sitemap, not linked from any page (/blog/project/)",(sitemap)
https://pandaexteriors.com/blog/project/panda-ext-6753/,"listed only in the sitemap, not linked from any page (/blog/project/)",(sitemap)
https://pandaexteriors.com/blog/project/panda-ext-6756-2/,"listed only in the sitemap, not linked from any page (/blog/project/)",(sitemap)
https://pandaexteriors.com/blog/project/panda-ext-6756-3/,"listed only in the sitemap, not linked from any page (/blog/project/)",(sitemap)
https://pandaexteriors.com/blog/project/panda-ext-6756-4/,"listed only in the sitemap, not linked from any page (/blog/project/)",(sitemap)
https://pandaexteriors.com/blog/project/panda-ext-6756-5/,"listed only in the sitemap, not linked from any page (/blog/project/)",(sitemap)
https://pandaexteriors.com/blog/project/panda-ext-6756/,"listed only in the sitemap, not linked from any page (/blog/project/)",(sitemap)
https://pandaexteriors.com/blog/project/panda-ext-6760/,"listed only in the sitemap, not linked from any page (/blog/project/)",(sitemap)
https://pandaexteriors.com/blog/project/panda-ext-6767/,"listed only in the sitemap, not linked from any page (/blog/project/)",(sitemap)
https://pandaexteriors.com/blog/project/panda-ext-6775-2/,"listed only in the sitemap, not linked from any page (/blog/project/)",(sitemap)
https://pandaexteriors.com/blog/project/panda-ext-6775-3/,"listed only in the sitemap, not linked from any page (/blog/project/)",(sitemap)
https://pandaexteriors.com/blog/project/panda-ext-6775-4/,"listed only in the sitemap, not linked from any page (/blog/project/)",(sitemap)
https://pandaexteriors.com/blog/project/panda-ext-6775-5/,"listed only in the sitemap, not linked from any page (/blog/project/)",(sitemap)
https://pandaexteriors.com/blog/project/panda-ext-6775-6/,"listed only in the sitemap, not linked from any page (/blog/project/)",(sitemap)
https://pandaexteriors.com/blog/project/panda-ext-6775-7/,"listed only in the sitemap, not linked from any page (/blog/project/)",(sitemap)
https://pandaexteriors.com/blog/project/panda-ext-6775/,"listed only in the sitemap, not linked from any page (/blog/project/)",(sitemap)
https://pandaexteriors.com/blog/project/panda-ext-6779/,"listed only in the sitemap, not linked from any page (/blog/project/)",(sitemap)
https://pandaexteriors.com/blog/project/panda-ext-6781-2/,"listed only in the sitemap, not linked from any page (/blog/project/)",(sitemap)
https://pandaexteriors.com/blog/project/panda-ext-6781-3/,"listed only in the sitemap, not linked from any page (/blog/project/)",(sitemap)
https://pandaexteriors.com/blog/project/panda-ext-6781-4/,"listed only in the sitemap, not linked from any page (/blog/project/)",(sitemap)
https://pandaexteriors.com/blog/project/panda-ext-6781-5/,"listed only in the sitemap, not linked from any page (/blog/project/)",(sitemap)
https://pandaexteriors.com/blog/project/panda-ext-6781-6/,"listed only in the sitemap, not linked from any page (/blog/project/)",(sitemap)
https://pandaexteriors.com/blog/project/panda-ext-6781/,"listed only in the sitemap, not linked from any page (/blog/project/)",(sitemap)
https://pandaexteriors.com/blog/project/panda-ext-6796-2/,"listed only in the sitemap, not linked from any page (/blog/project/)",(sitemap)
https://pandaexteriors.com/blog/project/panda-ext-6796-3/,"listed only in the sitemap, not linked from any page (/blog/project/)",(sitemap)
https://pandaexteriors.com/blog/project/panda-ext-6796-4/,"listed only in the sitemap, not linked from any page (/blog/project/)",(sitemap)
https://pandaexteriors.com/blog/project/panda-ext-6796-5/,"listed only in the sitemap, not linked from any page (/blog/project/)",(sitemap)
https://pandaexteriors.com/blog/project/panda-ext-6796-6/,"listed only in the sitemap, not linked from any page (/blog/project/)",(sitemap)
https://pandaexteriors.com/blog/project/panda-ext-6796-7/,"listed only in the sitemap, not linked from any page (/blog/project/)",(sitemap)
https://pandaexteriors.com/blog/project/panda-ext-6796-8/,"listed only in the sitemap, not linked from any page (/blog/project/)",(sitemap)
https://pandaexteriors.com/blog/project/panda-ext-6796/,"listed only in the sitemap, not linked from any page (/blog/project/)",(sitemap)
https://pandaexteriors.com/blog/project/panda-ext-6797/,"listed only in the sitemap, not linked from any page (/blog/project/)",(sitemap)
https://pandaexteriors.com/blog/project/panda-ext-6799-2/,"listed only in the sitemap, not linked from any page (/blog/project/)",(sitemap)
https://pandaexteriors.com/blog/project/panda-ext-6799-4/,"listed only in the sitemap, not linked from any page (/blog/project/)",(sitemap)
https://pandaexteriors.com/blog/project/panda-ext-6799-5/,"listed only in the sitemap, not linked from any page (/blog/project/)",(sitemap)
https://pandaexteriors.com/blog/project/panda-ext-6799-6/,"listed only in the sitemap, not linked from any page (/blog/project/)",(sitemap)
https://pandaexteriors.com/blog/project/panda-ext-6801-2/,"listed only in the sitemap, not linked from any page (/blog/project/)",(sitemap)
https://pandaexteriors.com/blog/project/panda-ext-6801-3/,"listed only in the sitemap, not linked from any page (/blog/project/)",(sitemap)
https://pandaexteriors.com/blog/project/panda-ext-6801-4/,"listed only in the sitemap, not linked from any page (/blog/project/)",(sitemap)
https://pandaexteriors.com/blog/project/panda-ext-6801-5/,"listed only in the sitemap, not linked from any page (/blog/project/)",(sitemap)
https://pandaexteriors.com/blog/project/panda-ext-6801-6/,"listed only in the sitemap, not linked from any page (/blog/project/)",(sitemap)
https://pandaexteriors.com/blog/project/panda-ext-6801-7/,"listed only in the sitemap, not linked from any page (/blog/project/)",(sitemap)
https://pandaexteriors.com/blog/project/panda-ext-6801-8/,"listed only in the sitemap, not linked from any page (/blog/project/)",(sitemap)
https://pandaexteriors.com/blog/project/panda-ext-6801/,"listed only in the sitemap, not linked from any page (/blog/project/)",(sitemap)
https://pandaexteriors.com/blog/project/panda-ext-6802/,"listed only in the sitemap, not linked from any page (/blog/project/)",(sitemap)
https://pandaexteriors.com/blog/project/panda-ext-6803-2/,"listed only in the sitemap, not linked from any page (/blog/project/)",(sitemap)
https://pandaexteriors.com/blog/project/panda-ext-6803-3/,"listed only in the sitemap, not linked from any page (/blog/project/)",(sitemap)
https://pandaexteriors.com/blog/project/panda-ext-6803-4/,"listed only in the sitemap, not linked from any page (/blog/project/)",(sitemap)
https://pandaexteriors.com/blog/project/panda-ext-6803-5/,"listed only in the sitemap, not linked from any page (/blog/project/)",(sitemap)
https://pandaexteriors.com/blog/project/panda-ext-6803-6/,"listed only in the sitemap, not linked from any page (/blog/project/)",(sitemap)
https://pandaexteriors.com/blog/project/panda-ext-6803-7/,"listed only in the sitemap, not linked from any page (/blog/project/)",(sitemap)
https://pandaexteriors.com/blog/project/panda-ext-6803-8/,"listed only in the sitemap, not linked from any page (/blog/project/)",(sitemap)
https://pandaexteriors.com/blog/project/panda-ext-6803/,"listed only in the sitemap, not linked from any page (/blog/project/)",(sitemap)
https://pandaexteriors.com/blog/project/panda-ext-6806/,"listed only in the sitemap, not linked from any page (/blog/project/)",(sitemap)
https://pandaexteriors.com/blog/project/panda-ext-6808/,"listed only in the sitemap, not linked from any page (/blog/project/)",(sitemap)
https://pandaexteriors.com/blog/project/panda-ext-6820/,"listed only in the sitemap, not linked from any page (/blog/project/)",(sitemap)
https://pandaexteriors.com/blog/project/panda-ext-6846/,"listed only in the sitemap, not linked from any page (/blog/project/)",(sitemap)
https://pandaexteriors.com/blog/project/panda-ext-6848/,"listed only in the sitemap, not linked from any page (/blog/project/)",(sitemap)
https://pandaexteriors.com/blog/project/panda-ext-6854/,"listed only in the sitemap, not linked from any page (/blog/project/)",(sitemap)
https://pandaexteriors.com/blog/project/panda-ext-6855/,"listed only in the sitemap, not linked from any page (/blog/project/)",(sitemap)
https://pandaexteriors.com/blog/project/panda-ext-6863-2/,"listed only in the sitemap, not linked from any page (/blog/project/)",(sitemap)
https://pandaexteriors.com/blog/project/panda-ext-6863-3/,"listed only in the sitemap, not linked from any page (/blog/project/)",(sitemap)
https://pandaexteriors.com/blog/project/panda-ext-6863-4/,"listed only in the sitemap, not linked from any page (/blog/project/)",(sitemap)
https://pandaexteriors.com/blog/project/panda-ext-6863-5/,"listed only in the sitemap, not linked from any page (/blog/project/)",(sitemap)
https://pandaexteriors.com/blog/project/panda-ext-6863-6/,"listed only in the sitemap, not linked from any page (/blog/project/)",(sitemap)
https://pandaexteriors.com/blog/project/panda-ext-6863-7/,"listed only in the sitemap, not linked from any page (/blog/project/)",(sitemap)
https://pandaexteriors.com/blog/project/panda-ext-6863/,"listed only in the sitemap, not linked from any page (/blog/project/)",(sitemap)
https://pandaexteriors.com/blog/project/panda-ext-6869-2/,"listed only in the sitemap, not linked from any page (/blog/project/)",(sitemap)
https://pandaexteriors.com/blog/project/panda-ext-6869-3/,"listed only in the sitemap, not linked from any page (/blog/project/)",(sitemap)
https://pandaexteriors.com/blog/project/panda-ext-6869-4/,"listed only in the sitemap, not linked from any page (/blog/project/)",(sitemap)
https://pandaexteriors.com/blog/project/panda-ext-6869-5/,"listed only in the sitemap, not linked from any page (/blog/project/)",(sitemap)
https://pandaexteriors.com/blog/project/panda-ext-6869-6/,"listed only in the sitemap, not linked from any page (/blog/project/)",(sitemap)
https://pandaexteriors.com/blog/project/panda-ext-6869-7/,"listed only in the sitemap, not linked from any page (/blog/project/)",(sitemap)
https://pandaexteriors.com/blog/project/panda-ext-6869-8/,"listed only in the sitemap, not linked from any page (/blog/project/)",(sitemap)
https://pandaexteriors.com/blog/project/panda-ext-6869/,"listed only in the sitemap, not linked from any page (/blog/project/)",(sitemap)
https://pandaexteriors.com/blog/project/panda-ext-6873-2/,"listed only in the sitemap, not linked from any page (/blog/project/)",(sitemap)
https://pandaexteriors.com/blog/project/panda-ext-6873-3/,"listed only in the sitemap, not linked from any page (/blog/project/)",(sitemap)
https://pandaexteriors.com/blog/project/panda-ext-6873-4/,"listed only in the sitemap, not linked from any page (/blog/project/)",(sitemap)
https://pandaexteriors.com/blog/project/panda-ext-6873-5/,"listed only in the sitemap, not linked from any page (/blog/project/)",(sitemap)
https://pandaexteriors.com/blog/project/panda-ext-6873-6/,"listed only in the sitemap, not linked from any page (/blog/project/)",(sitemap)
https://pandaexteriors.com/blog/project/panda-ext-6873-7/,"listed only in the sitemap, not linked from any page (/blog/project/)",(sitemap)
https://pandaexteriors.com/blog/project/panda-ext-6873/,"listed only in the sitemap, not linked from any page (/blog/project/)",(sitemap)
https://pandaexteriors.com/blog/project/panda-ext-6878/,"listed only in the sitemap, not linked from any page (/blog/project/)",(sitemap)
https://pandaexteriors.com/blog/project/panda-ext-6886-2/,"listed only in the sitemap, not linked from any page (/blog/project/)",(sitemap)
https://pandaexteriors.com/blog/project/panda-ext-6886-3/,"listed only in the sitemap, not linked from any page (/blog/project/)",(sitemap)
https://pandaexteriors.com/blog/project/panda-ext-6886-4/,"listed only in the sitemap, not linked from any page (/blog/project/)",(sitemap)
https://pandaexteriors.com/blog/project/panda-ext-6886-5/,"listed only in the sitemap, not linked from any page (/blog/project/)",(sitemap)
https://pandaexteriors.com/blog/project/panda-ext-6886-6/,"listed only in the sitemap, not linked from any page (/blog/project/)",(sitemap)
https://pandaexteriors.com/blog/project/panda-ext-6886-7/,"listed only in the sitemap, not linked from any page (/blog/project/)",(sitemap)
https://pandaexteriors.com/blog/project/panda-ext-6886-8/,"listed only in the sitemap, not linked from any page (/blog/project/)",(sitemap)
https://pandaexteriors.com/blog/project/panda-ext-6886/,"listed only in the sitemap, not linked from any page (/blog/project/)",(sitemap)
https://pandaexteriors.com/blog/project/panda-ext-6890/,"listed only in the sitemap, not linked from any page (/blog/project/)",(sitemap)
https://pandaexteriors.com/blog/project/panda-ext-6893-2/,"listed only in the sitemap, not linked from any page (/blog/project/)",(sitemap)
https://pandaexteriors.com/blog/project/panda-ext-6893-3/,"listed only in the sitemap, not linked from any page (/blog/project/)",(sitemap)
https://pandaexteriors.com/blog/project/panda-ext-6893-4/,"listed only in the sitemap, not linked from any page (/blog/project/)",(sitemap)
https://pandaexteriors.com/blog/project/panda-ext-6893-5/,"listed only in the sitemap, not linked from any page (/blog/project/)",(sitemap)
https://pandaexteriors.com/blog/project/panda-ext-6893-6/,"listed only in the sitemap, not linked from any page (/blog/project/)",(sitemap)
https://pandaexteriors.com/blog/project/panda-ext-6893-7/,"listed only in the sitemap, not linked from any page (/blog/project/)",(sitemap)
https://pandaexteriors.com/blog/project/panda-ext-6893/,"listed only in the sitemap, not linked from any page (/blog/project/)",(sitemap)
https://pandaexteriors.com/blog/project/panda-ext-6896-2/,"listed only in the sitemap, not linked from any page (/blog/project/)",(sitemap)
https://pandaexteriors.com/blog/project/panda-ext-6896-3/,"listed only in the sitemap, not linked from any page (/blog/project/)",(sitemap)
https://pandaexteriors.com/blog/project/panda-ext-6896-4/,"listed only in the sitemap, not linked from any page (/blog/project/)",(sitemap)
https://pandaexteriors.com/blog/project/panda-ext-6896-5/,"listed only in the sitemap, not linked from any page (/blog/project/)",(sitemap)
https://pandaexteriors.com/blog/project/panda-ext-6896-6/,"listed only in the sitemap, not linked from any page (/blog/project/)",(sitemap)
https://pandaexteriors.com/blog/project/panda-ext-6896-7/,"listed only in the sitemap, not linked from any page (/blog/project/)",(sitemap)
https://pandaexteriors.com/blog/project/panda-ext-6896/,"listed only in the sitemap, not linked from any page (/blog/project/)",(sitemap)
https://pandaexteriors.com/blog/project/panda-ext-6898/,"listed only in the sitemap, not linked from any page (/blog/project/)",(sitemap)
https://pandaexteriors.com/blog/project/panda-ext-6907/,"listed only in the sitemap, not linked from any page (/blog/project/)",(sitemap)
https://pandaexteriors.com/blog/project/panda-ext-6909/,"listed only in the sitemap, not linked from any page (/blog/project/)",(sitemap)
https://pandaexteriors.com/blog/project/panda-ext-6920-2/,"listed only in the sitemap, not linked from any page (/blog/project/)",(sitemap)
https://pandaexteriors.com/blog/project/panda-ext-6920-3/,"listed only in the sitemap, not linked from any page (/blog/project/)",(sitemap)
https://pandaexteriors.com/blog/project/panda-ext-6920-4/,"listed only in the sitemap, not linked from any page (/blog/project/)",(sitemap)
https://pandaexteriors.com/blog/project/panda-ext-6920-5/,"listed only in the sitemap, not linked from any page (/blog/project/)",(sitemap)
https://pandaexteriors.com/blog/project/panda-ext-6920-6/,"listed only in the sitemap, not linked from any page (/blog/project/)",(sitemap)
https://pandaexteriors.com/blog/project/panda-ext-6920-7/,"listed only in the sitemap, not linked from any page (/blog/project/)",(sitemap)
https://pandaexteriors.com/blog/project/panda-ext-6920-8/,"listed only in the sitemap, not linked from any page (/blog/project/)",(sitemap)
https://pandaexteriors.com/blog/project/panda-ext-6920/,"listed only in the sitemap, not linked from any page (/blog/project/)",(sitemap)
https://pandaexteriors.com/blog/project/panda-ext-6921-2/,"listed only in the sitemap, not linked from any page (/blog/project/)",(sitemap)
https://pandaexteriors.com/blog/project/panda-ext-6921-4/,"listed only in the sitemap, not linked from any page (/blog/project/)",(sitemap)
https://pandaexteriors.com/blog/project/panda-ext-6921-5/,"listed only in the sitemap, not linked from any page (/blog/project/)",(sitemap)
https://pandaexteriors.com/blog/project/panda-ext-6921-6/,"listed only in the sitemap, not linked from any page (/blog/project/)",(sitemap)
https://pandaexteriors.com/blog/project/panda-ext-6925-2/,"listed only in the sitemap, not linked from any page (/blog/project/)",(sitemap)
https://pandaexteriors.com/blog/project/panda-ext-6925-4/,"listed only in the sitemap, not linked from any page (/blog/project/)",(sitemap)
https://pandaexteriors.com/blog/project/panda-ext-6925-5/,"listed only in the sitemap, not linked from any page (/blog/project/)",(sitemap)
https://pandaexteriors.com/blog/project/panda-ext-6925-6/,"listed only in the sitemap, not linked from any page (/blog/project/)",(sitemap)
https://pandaexteriors.com/blog/project/panda-ext-6925-7/,"listed only in the sitemap, not linked from any page (/blog/project/)",(sitemap)
https://pandaexteriors.com/blog/project/panda-ext-6925-8/,"listed only in the sitemap, not linked from any page (/blog/project/)",(sitemap)
https://pandaexteriors.com/blog/project/panda-ext-6925/,"listed only in the sitemap, not linked from any page (/blog/project/)",(sitemap)
https://pandaexteriors.com/blog/project/panda-ext-6926/,"listed only in the sitemap, not linked from any page (/blog/project/)",(sitemap)
https://pandaexteriors.com/blog/project/panda-ext-6933-2/,"listed only in the sitemap, not linked from any page (/blog/project/)",(sitemap)
https://pandaexteriors.com/blog/project/panda-ext-6933-3/,"listed only in the sitemap, not linked from any page (/blog/project/)",(sitemap)
https://pandaexteriors.com/blog/project/panda-ext-6933-4/,"listed only in the sitemap, not linked from any page (/blog/project/)",(sitemap)
https://pandaexteriors.com/blog/project/panda-ext-6933-5/,"listed only in the sitemap, not linked from any page (/blog/project/)",(sitemap)
https://pandaexteriors.com/blog/project/panda-ext-6933-6/,"listed only in the sitemap, not linked from any page (/blog/project/)",(sitemap)
https://pandaexteriors.com/blog/project/panda-ext-6933-7/,"listed only in the sitemap, not linked from any page (/blog/project/)",(sitemap)
https://pandaexteriors.com/blog/project/panda-ext-6933/,"listed only in the sitemap, not linked from any page (/blog/project/)",(sitemap)
https://pandaexteriors.com/blog/project/panda-ext-6939-2/,"listed only in the sitemap, not linked from any page (/blog/project/)",(sitemap)
https://pandaexteriors.com/blog/project/panda-ext-6939-4/,"listed only in the sitemap, not linked from any page (/blog/project/)",(sitemap)
https://pandaexteriors.com/blog/project/panda-ext-6939-5/,"listed only in the sitemap, not linked from any page (/blog/project/)",(sitemap)
https://pandaexteriors.com/blog/project/panda-ext-6939-6/,"listed only in the sitemap, not linked from any page (/blog/project/)",(sitemap)
https://pandaexteriors.com/blog/project/panda-ext-6939-7/,"listed only in the sitemap, not linked from any page (/blog/project/)",(sitemap)
https://pandaexteriors.com/blog/project/panda-ext-6939/,"listed only in the sitemap, not linked from any page (/blog/project/)",(sitemap)
https://pandaexteriors.com/blog/project/panda-ext-6948/,"listed only in the sitemap, not linked from any page (/blog/project/)",(sitemap)
https://pandaexteriors.com/blog/project/panda-ext-6951-2/,"listed only in the sitemap, not linked from any page (/blog/project/)",(sitemap)
https://pandaexteriors.com/blog/project/panda-ext-6951-3/,"listed only in the sitemap, not linked from any page (/blog/project/)",(sitemap)
https://pandaexteriors.com/blog/project/panda-ext-6951-4/,"listed only in the sitemap, not linked from any page (/blog/project/)",(sitemap)
https://pandaexteriors.com/blog/project/panda-ext-6951-5/,"listed only in the sitemap, not linked from any page (/blog/project/)",(sitemap)
https://pandaexteriors.com/blog/project/panda-ext-6951-6/,"listed only in the sitemap, not linked from any page (/blog/project/)",(sitemap)
https://pandaexteriors.com/blog/project/panda-ext-6951-7/,"listed only in the sitemap, not linked from any page (/blog/project/)",(sitemap)
https://pandaexteriors.com/blog/project/panda-ext-6951/,"listed only in the sitemap, not linked from any page (/blog/project/)",(sitemap)
https://pandaexteriors.com/blog/project/panda-ext-6958/,"listed only in the sitemap, not linked from any page (/blog/project/)",(sitemap)
https://pandaexteriors.com/blog/project/panda-ext-6981/,"listed only in the sitemap, not linked from any page (/blog/project/)",(sitemap)
https://pandaexteriors.com/blog/project/panda-ext-6992-2/,"listed only in the sitemap, not linked from any page (/blog/project/)",(sitemap)
https://pandaexteriors.com/blog/project/panda-ext-6992-3/,"listed only in the sitemap, not linked from any page (/blog/project/)",(sitemap)
https://pandaexteriors.com/blog/project/panda-ext-6992-4/,"listed only in the sitemap, not linked from any page (/blog/project/)",(sitemap)
https://pandaexteriors.com/blog/project/panda-ext-6992-5/,"listed only in the sitemap, not linked from any page (/blog/project/)",(sitemap)
https://pandaexteriors.com/blog/project/panda-ext-6992-6/,"listed only in the sitemap, not linked from any page (/blog/project/)",(sitemap)
https://pandaexteriors.com/blog/project/panda-ext-6992-7/,"listed only in the sitemap, not linked from any page (/blog/project/)",(sitemap)
https://pandaexteriors.com/blog/project/panda-ext-6992/,"listed only in the sitemap, not linked from any page (/blog/project/)",(sitemap)
https://pandaexteriors.com/blog/project/panda-ext-6994/,"listed only in the sitemap, not linked from any page (/blog/project/)",(sitemap)
https://pandaexteriors.com/blog/project/panda-ext-6997-2/,"listed only in the sitemap, not linked from any page (/blog/project/)",(sitemap)
https://pandaexteriors.com/blog/project/panda-ext-6997-3/,"listed only in the sitemap, not linked from any page (/blog/project/)",(sitemap)
https://pandaexteriors.com/blog/project/panda-ext-6997-4/,"listed only in the sitemap, not linked from any page (/blog/project/)",(sitemap)
https://pandaexteriors.com/blog/project/panda-ext-6997-5/,"listed only in the sitemap, not linked from any page (/blog/project/)",(sitemap)
https://pandaexteriors.com/blog/project/panda-ext-6997-6/,"listed only in the sitemap, not linked from any page (/blog/project/)",(sitemap)
https://pandaexteriors.com/blog/project/panda-ext-6997-7/,"listed only in the sitemap, not linked from any page (/blog/project/)",(sitemap)
https://pandaexteriors.com/blog/project/panda-ext-6997/,"listed only in the sitemap, not linked from any page (/blog/project/)",(sitemap)
https://pandaexteriors.com/blog/project/panda-ext-7011-2/,"listed only in the sitemap, not linked from any page (/blog/project/)",(sitemap)
https://pandaexteriors.com/blog/project/panda-ext-7011-3/,"listed only in the sitemap, not linked from any page (/blog/project/)",(sitemap)
https://pandaexteriors.com/blog/project/panda-ext-7011-4/,"listed only in the sitemap, not linked from any page (/blog/project/)",(sitemap)
https://pandaexteriors.com/blog/project/panda-ext-7011-5/,"listed only in the sitemap, not linked from any page (/blog/project/)",(sitemap)
https://pandaexteriors.com/blog/project/panda-ext-7011/,"listed only in the sitemap, not linked from any page (/blog/project/)",(sitemap)
https://pandaexteriors.com/blog/project/panda-ext-7013/,"listed only in the sitemap, not linked from any page (/blog/project/)",(sitemap)
https://pandaexteriors.com/blog/project/panda-ext-7018-2/,"listed only in the sitemap, not linked from any page (/blog/project/)",(sitemap)
https://pandaexteriors.com/blog/project/panda-ext-7018-3/,"listed only in the sitemap, not linked from any page (/blog/project/)",(sitemap)
https://pandaexteriors.com/blog/project/panda-ext-7018-4/,"listed only in the sitemap, not linked from any page (/blog/project/)",(sitemap)
https://pandaexteriors.com/blog/project/panda-ext-7018-5/,"listed only in the sitemap, not linked from any page (/blog/project/)",(sitemap)
https://pandaexteriors.com/blog/project/panda-ext-7018-6/,"listed only in the sitemap, not linked from any page (/blog/project/)",(sitemap)
https://pandaexteriors.com/blog/project/panda-ext-7018-7/,"listed only in the sitemap, not linked from any page (/blog/project/)",(sitemap)
https://pandaexteriors.com/blog/project/panda-ext-7018/,"listed only in the sitemap, not linked from any page (/blog/project/)",(sitemap)
https://pandaexteriors.com/blog/project/panda-ext-7019-2/,"listed only in the sitemap, not linked from any page (/blog/project/)",(sitemap)
https://pandaexteriors.com/blog/project/panda-ext-7019-3/,"listed only in the sitemap, not linked from any page (/blog/project/)",(sitemap)
https://pandaexteriors.com/blog/project/panda-ext-7019-4/,"listed only in the sitemap, not linked from any page (/blog/project/)",(sitemap)
https://pandaexteriors.com/blog/project/panda-ext-7019-5/,"listed only in the sitemap, not linked from any page (/blog/project/)",(sitemap)
https://pandaexteriors.com/blog/project/panda-ext-7019-6/,"listed only in the sitemap, not linked from any page (/blog/project/)",(sitemap)
https://pandaexteriors.com/blog/project/panda-ext-7019-7/,"listed only in the sitemap, not linked from any page (/blog/project/)",(sitemap)
https://pandaexteriors.com/blog/project/panda-ext-7019-8/,"listed only in the sitemap, not linked from any page (/blog/project/)",(sitemap)
https://pandaexteriors.com/blog/project/panda-ext-7019/,"listed only in the sitemap, not linked from any page (/blog/project/)",(sitemap)
https://pandaexteriors.com/blog/project/panda-ext-7021/,"listed only in the sitemap, not linked from any page (/blog/project/)",(sitemap)
https://pandaexteriors.com/blog/project/panda-ext-7024/,"listed only in the sitemap, not linked from any page (/blog/project/)",(sitemap)
https://pandaexteriors.com/blog/project/panda-ext-7026/,"listed only in the sitemap, not linked from any page (/blog/project/)",(sitemap)
https://pandaexteriors.com/blog/project/panda-ext-7035/,"listed only in the sitemap, not linked from any page (/blog/project/)",(sitemap)
https://pandaexteriors.com/blog/project/panda-ext-7038/,"listed only in the sitemap, not linked from any page (/blog/project/)",(sitemap)
https://pandaexteriors.com/blog/project/panda-ext-7040-2/,"listed only in the sitemap, not linked from any page (/blog/project/)",(sitemap)
https://pandaexteriors.com/blog/project/panda-ext-7040-3/,"listed only in the sitemap, not linked from any page (/blog/project/)",(sitemap)
https://pandaexteriors.com/blog/project/panda-ext-7040-4/,"listed only in the sitemap, not linked from any page (/blog/project/)",(sitemap)
https://pandaexteriors.com/blog/project/panda-ext-7040-5/,"listed only in the sitemap, not linked from any page (/blog/project/)",(sitemap)
https://pandaexteriors.com/blog/project/panda-ext-7040-6/,"listed only in the sitemap, not linked from any page (/blog/project/)",(sitemap)
https://pandaexteriors.com/blog/project/panda-ext-7040-7/,"listed only in the sitemap, not linked from any page (/blog/project/)",(sitemap)
https://pandaexteriors.com/blog/project/panda-ext-7040/,"listed only in the sitemap, not linked from any page (/blog/project/)",(sitemap)
https://pandaexteriors.com/blog/project/panda-ext-7043-2/,"listed only in the sitemap, not linked from any page (/blog/project/)",(sitemap)
https://pandaexteriors.com/blog/project/panda-ext-7043-3/,"listed only in the sitemap, not linked from any page (/blog/project/)",(sitemap)
https://pandaexteriors.com/blog/project/panda-ext-7043-4/,"listed only in the sitemap, not linked from any page (/blog/project/)",(sitemap)
https://pandaexteriors.com/blog/project/panda-ext-7043-5/,"listed only in the sitemap, not linked from any page (/blog/project/)",(sitemap)
https://pandaexteriors.com/blog/project/panda-ext-7043-6/,"listed only in the sitemap, not linked from any page (/blog/project/)",(sitemap)
https://pandaexteriors.com/blog/project/panda-ext-7043-7/,"listed only in the sitemap, not linked from any page (/blog/project/)",(sitemap)
https://pandaexteriors.com/blog/project/panda-ext-7043-8/,"listed only in the sitemap, not linked from any page (/blog/project/)",(sitemap)
https://pandaexteriors.com/blog/project/panda-ext-7043/,"listed only in the sitemap, not linked from any page (/blog/project/)",(sitemap)
https://pandaexteriors.com/blog/project/panda-ext-7048/,"listed only in the sitemap, not linked from any page (/blog/project/)",(sitemap)
https://pandaexteriors.com/blog/project/panda-ext-7062/,"listed only in the sitemap, not linked from any page (/blog/project/)",(sitemap)
https://pandaexteriors.com/blog/project/panda-ext-7065/,"listed only in the sitemap, not linked from any page (/blog/project/)",(sitemap)
https://pandaexteriors.com/blog/project/panda-ext-7066-2/,"listed only in the sitemap, not linked from any page (/blog/project/)",(sitemap)
https://pandaexteriors.com/blog/project/panda-ext-7066-3/,"listed only in the sitemap, not linked from any page (/blog/project/)",(sitemap)
https://pandaexteriors.com/blog/project/panda-ext-7066-4/,"listed only in the sitemap, not linked from any page (/blog/project/)",(sitemap)
https://pandaexteriors.com/blog/project/panda-ext-7066-5/,"listed only in the sitemap, not linked from any page (/blog/project/)",(sitemap)
https://pandaexteriors.com/blog/project/panda-ext-7066-6/,"listed only in the sitemap, not linked from any page (/blog/project/)",(sitemap)
https://pandaexteriors.com/blog/project/panda-ext-7066-7/,"listed only in the sitemap, not linked from any page (/blog/project/)",(sitemap)
https://pandaexteriors.com/blog/project/panda-ext-7066/,"listed only in the sitemap, not linked from any page (/blog/project/)",(sitemap)
https://pandaexteriors.com/blog/project/panda-ext-7067/,"listed only in the sitemap, not linked from any page (/blog/project/)",(sitemap)
https://pandaexteriors.com/blog/project/panda-ext-7081/,"listed only in the sitemap, not linked from any page (/blog/project/)",(sitemap)
https://pandaexteriors.com/blog/project/panda-ext-7084-2/,"listed only in the sitemap, not linked from any page (/blog/project/)",(sitemap)
https://pandaexteriors.com/blog/project/panda-ext-7084-3/,"listed only in the sitemap, not linked from any page (/blog/project/)",(sitemap)
https://pandaexteriors.com/blog/project/panda-ext-7084-5/,"listed only in the sitemap, not linked from any page (/blog/project/)",(sitemap)
https://pandaexteriors.com/blog/project/panda-ext-7084-6/,"listed only in the sitemap, not linked from any page (/blog/project/)",(sitemap)
https://pandaexteriors.com/blog/project/panda-ext-7084-7/,"listed only in the sitemap, not linked from any page (/blog/project/)",(sitemap)
https://pandaexteriors.com/blog/project/panda-ext-7084/,"listed only in the sitemap, not linked from any page (/blog/project/)",(sitemap)
https://pandaexteriors.com/blog/project/panda-ext-7085/,"listed only in the sitemap, not linked from any page (/blog/project/)",(sitemap)
https://pandaexteriors.com/blog/project/panda-ext-7088-2/,"listed only in the sitemap, not linked from any page (/blog/project/)",(sitemap)
https://pandaexteriors.com/blog/project/panda-ext-7088-3/,"listed only in the sitemap, not linked from any page (/blog/project/)",(sitemap)
https://pandaexteriors.com/blog/project/panda-ext-7088-4/,"listed only in the sitemap, not linked from any page (/blog/project/)",(sitemap)
https://pandaexteriors.com/blog/project/panda-ext-7088-5/,"listed only in the sitemap, not linked from any page (/blog/project/)",(sitemap)
https://pandaexteriors.com/blog/project/panda-ext-7088/,"listed only in the sitemap, not linked from any page (/blog/project/)",(sitemap)
https://pandaexteriors.com/blog/project/panda-ext-7096/,"listed only in the sitemap, not linked from any page (/blog/project/)",(sitemap)
https://pandaexteriors.com/blog/project/panda-ext-7102/,"listed only in the sitemap, not linked from any page (/blog/project/)",(sitemap)
https://pandaexteriors.com/blog/project/panda-ext-7105-2/,"listed only in the sitemap, not linked from any page (/blog/project/)",(sitemap)
https://pandaexteriors.com/blog/project/panda-ext-7105-3/,"listed only in the sitemap, not linked from any page (/blog/project/)",(sitemap)
https://pandaexteriors.com/blog/project/panda-ext-7105-4/,"listed only in the sitemap, not linked from any page (/blog/project/)",(sitemap)
https://pandaexteriors.com/blog/project/panda-ext-7105-5/,"listed only in the sitemap, not linked from any page (/blog/project/)",(sitemap)
https://pandaexteriors.com/blog/project/panda-ext-7105-6/,"listed only in the sitemap, not linked from any page (/blog/project/)",(sitemap)
https://pandaexteriors.com/blog/project/panda-ext-7105-7/,"listed only in the sitemap, not linked from any page (/blog/project/)",(sitemap)
https://pandaexteriors.com/blog/project/panda-ext-7105-8/,"listed only in the sitemap, not linked from any page (/blog/project/)",(sitemap)
https://pandaexteriors.com/blog/project/panda-ext-7105/,"listed only in the sitemap, not linked from any page (/blog/project/)",(sitemap)
https://pandaexteriors.com/blog/project/panda-ext-7108-3/,"listed only in the sitemap, not linked from any page (/blog/project/)",(sitemap)
https://pandaexteriors.com/blog/project/panda-ext-7108-4/,"listed only in the sitemap, not linked from any page (/blog/project/)",(sitemap)
https://pandaexteriors.com/blog/project/panda-ext-7108-5/,"listed only in the sitemap, not linked from any page (/blog/project/)",(sitemap)
https://pandaexteriors.com/blog/project/panda-ext-7108-6/,"listed only in the sitemap, not linked from any page (/blog/project/)",(sitemap)
https://pandaexteriors.com/blog/project/panda-ext-7108-7/,"listed only in the sitemap, not linked from any page (/blog/project/)",(sitemap)
https://pandaexteriors.com/blog/project/panda-ext-7108/,"listed only in the sitemap, not linked from any page (/blog/project/)",(sitemap)
https://pandaexteriors.com/blog/project/panda-ext-7109/,"listed only in the sitemap, not linked from any page (/blog/project/)",(sitemap)
https://pandaexteriors.com/blog/project/panda-ext-7113/,"listed only in the sitemap, not linked from any page (/blog/project/)",(sitemap)
https://pandaexteriors.com/blog/project/panda-ext-7123/,"listed only in the sitemap, not linked from any page (/blog/project/)",(sitemap)
https://pandaexteriors.com/blog/project/panda-ext-7130-2/,"listed only in the sitemap, not linked from any page (/blog/project/)",(sitemap)
https://pandaexteriors.com/blog/project/panda-ext-7130-3/,"listed only in the sitemap, not linked from any page (/blog/project/)",(sitemap)
https://pandaexteriors.com/blog/project/panda-ext-7130-4/,"listed only in the sitemap, not linked from any page (/blog/project/)",(sitemap)
https://pandaexteriors.com/blog/project/panda-ext-7130-5/,"listed only in the sitemap, not linked from any page (/blog/project/)",(sitemap)
https://pandaexteriors.com/blog/project/panda-ext-7130-6/,"listed only in the sitemap, not linked from any page (/blog/project/)",(sitemap)
https://pandaexteriors.com/blog/project/panda-ext-7130-7/,"listed only in the sitemap, not linked from any page (/blog/project/)",(sitemap)
https://pandaexteriors.com/blog/project/panda-ext-7130/,"listed only in the sitemap, not linked from any page (/blog/project/)",(sitemap)
https://pandaexteriors.com/blog/project/panda-ext-7134/,"listed only in the sitemap, not linked from any page (/blog/project/)",(sitemap)
https://pandaexteriors.com/blog/project/panda-ext-7135-2/,"listed only in the sitemap, not linked from any page (/blog/project/)",(sitemap)
https://pandaexteriors.com/blog/project/panda-ext-7135-3/,"listed only in the sitemap, not linked from any page (/blog/project/)",(sitemap)
https://pandaexteriors.com/blog/project/panda-ext-7135-4/,"listed only in the sitemap, not linked from any page (/blog/project/)",(sitemap)
https://pandaexteriors.com/blog/project/panda-ext-7135-5/,"listed only in the sitemap, not linked from any page (/blog/project/)",(sitemap)
https://pandaexteriors.com/blog/project/panda-ext-7135-6/,"listed only in the sitemap, not linked from any page (/blog/project/)",(sitemap)
https://pandaexteriors.com/blog/project/panda-ext-7135-7/,"listed only in the sitemap, not linked from any page (/blog/project/)",(sitemap)
https://pandaexteriors.com/blog/project/panda-ext-7135-8/,"listed only in the sitemap, not linked from any page (/blog/project/)",(sitemap)
https://pandaexteriors.com/blog/project/panda-ext-7135/,"listed only in the sitemap, not linked from any page (/blog/project/)",(sitemap)
https://pandaexteriors.com/blog/project/panda-ext-7139/,"listed only in the sitemap, not linked from any page (/blog/project/)",(sitemap)
https://pandaexteriors.com/blog/project/panda-ext-7141/,"listed only in the sitemap, not linked from any page (/blog/project/)",(sitemap)
https://pandaexteriors.com/blog/project/panda-ext-7142-2/,"listed only in the sitemap, not linked from any page (/blog/project/)",(sitemap)
https://pandaexteriors.com/blog/project/panda-ext-7142-4/,"listed only in the sitemap, not linked from any page (/blog/project/)",(sitemap)
https://pandaexteriors.com/blog/project/panda-ext-7142-5/,"listed only in the sitemap, not linked from any page (/blog/project/)",(sitemap)
https://pandaexteriors.com/blog/project/panda-ext-7142-6/,"listed only in the sitemap, not linked from any page (/blog/project/)",(sitemap)
https://pandaexteriors.com/blog/project/panda-ext-7142-7/,"listed only in the sitemap, not linked from any page (/blog/project/)",(sitemap)
https://pandaexteriors.com/blog/project/panda-ext-7142/,"listed only in the sitemap, not linked from any page (/blog/project/)",(sitemap)
https://pandaexteriors.com/blog/project/panda-ext-7143/,"listed only in the sitemap, not linked from any page (/blog/project/)",(sitemap)
https://pandaexteriors.com/blog/project/panda-ext-7151/,"listed only in the sitemap, not linked from any page (/blog/project/)",(sitemap)
https://pandaexteriors.com/blog/project/panda-ext-7153/,"listed only in the sitemap, not linked from any page (/blog/project/)",(sitemap)
https://pandaexteriors.com/blog/project/panda-ext-7155/,"listed only in the sitemap, not linked from any page (/blog/project/)",(sitemap)
https://pandaexteriors.com/blog/project/panda-ext-7159/,"listed only in the sitemap, not linked from any page (/blog/project/)",(sitemap)
https://pandaexteriors.com/blog/project/panda-ext-7161-2/,"listed only in the sitemap, not linked from any page (/blog/project/)",(sitemap)
https://pandaexteriors.com/blog/project/panda-ext-7161-3/,"listed only in the sitemap, not linked from any page (/blog/project/)",(sitemap)
https://pandaexteriors.com/blog/project/panda-ext-7161-4/,"listed only in the sitemap, not linked from any page (/blog/project/)",(sitemap)
https://pandaexteriors.com/blog/project/panda-ext-7161-5/,"listed only in the sitemap, not linked from any page (/blog/project/)",(sitemap)
https://pandaexteriors.com/blog/project/panda-ext-7161-6/,"listed only in the sitemap, not linked from any page (/blog/project/)",(sitemap)
https://pandaexteriors.com/blog/project/panda-ext-7161-7/,"listed only in the sitemap, not linked from any page (/blog/project/)",(sitemap)
https://pandaexteriors.com/blog/project/panda-ext-7161/,"listed only in the sitemap, not linked from any page (/blog/project/)",(sitemap)
https://pandaexteriors.com/blog/project/panda-ext-7163/,"listed only in the sitemap, not linked from any page (/blog/project/)",(sitemap)
https://pandaexteriors.com/blog/project/panda-ext-7167/,"listed only in the sitemap, not linked from any page (/blog/project/)",(sitemap)
https://pandaexteriors.com/blog/project/panda-ext-7169-2/,"listed only in the sitemap, not linked from any page (/blog/project/)",(sitemap)
https://pandaexteriors.com/blog/project/panda-ext-7169-3/,"listed only in the sitemap, not linked from any page (/blog/project/)",(sitemap)
https://pandaexteriors.com/blog/project/panda-ext-7169-4/,"listed only in the sitemap, not linked from any page (/blog/project/)",(sitemap)
https://pandaexteriors.com/blog/project/panda-ext-7169-5/,"listed only in the sitemap, not linked from any page (/blog/project/)",(sitemap)
https://pandaexteriors.com/blog/project/panda-ext-7169-6/,"listed only in the sitemap, not linked from any page (/blog/project/)",(sitemap)
https://pandaexteriors.com/blog/project/panda-ext-7169-7/,"listed only in the sitemap, not linked from any page (/blog/project/)",(sitemap)
https://pandaexteriors.com/blog/project/panda-ext-7169/,"listed only in the sitemap, not linked from any page (/blog/project/)",(sitemap)
https://pandaexteriors.com/blog/project/panda-ext-7170/,"listed only in the sitemap, not linked from any page (/blog/project/)",(sitemap)
https://pandaexteriors.com/blog/project/panda-ext-7182/,"listed only in the sitemap, not linked from any page (/blog/project/)",(sitemap)
https://pandaexteriors.com/blog/project/panda-ext-7185-2/,"listed only in the sitemap, not linked from any page (/blog/project/)",(sitemap)
https://pandaexteriors.com/blog/project/panda-ext-7185-3/,"listed only in the sitemap, not linked from any page (/blog/project/)",(sitemap)
https://pandaexteriors.com/blog/project/panda-ext-7185-4/,"listed only in the sitemap, not linked from any page (/blog/project/)",(sitemap)
https://pandaexteriors.com/blog/project/panda-ext-7185-5/,"listed only in the sitemap, not linked from any page (/blog/project/)",(sitemap)
https://pandaexteriors.com/blog/project/panda-ext-7185-6/,"listed only in the sitemap, not linked from any page (/blog/project/)",(sitemap)
https://pandaexteriors.com/blog/project/panda-ext-7185-7/,"listed only in the sitemap, not linked from any page (/blog/project/)",(sitemap)
https://pandaexteriors.com/blog/project/panda-ext-7185-8/,"listed only in the sitemap, not linked from any page (/blog/project/)",(sitemap)
https://pandaexteriors.com/blog/project/panda-ext-7185/,"listed only in the sitemap, not linked from any page (/blog/project/)",(sitemap)
https://pandaexteriors.com/blog/project/panda-ext-7187-2/,"listed only in the sitemap, not linked from any page (/blog/project/)",(sitemap)
https://pandaexteriors.com/blog/project/panda-ext-7187-3/,"listed only in the sitemap, not linked from any page (/blog/project/)",(sitemap)
https://pandaexteriors.com/blog/project/panda-ext-7187-4/,"listed only in the sitemap, not linked from any page (/blog/project/)",(sitemap)
https://pandaexteriors.com/blog/project/panda-ext-7187-5/,"listed only in the sitemap, not linked from any page (/blog/project/)",(sitemap)
https://pandaexteriors.com/blog/project/panda-ext-7187-6/,"listed only in the sitemap, not linked from any page (/blog/project/)",(sitemap)
https://pandaexteriors.com/blog/project/panda-ext-7187-7/,"listed only in the sitemap, not linked from any page (/blog/project/)",(sitemap)
https://pandaexteriors.com/blog/project/panda-ext-7187/,"listed only in the sitemap, not linked from any page (/blog/project/)",(sitemap)
https://pandaexteriors.com/blog/project/panda-ext-7192/,"listed only in the sitemap, not linked from any page (/blog/project/)",(sitemap)
https://pandaexteriors.com/blog/project/panda-ext-7195-2/,"listed only in the sitemap, not linked from any page (/blog/project/)",(sitemap)
https://pandaexteriors.com/blog/project/panda-ext-7195-3/,"listed only in the sitemap, not linked from any page (/blog/project/)",(sitemap)
https://pandaexteriors.com/blog/project/panda-ext-7195-6/,"listed only in the sitemap, not linked from any page (/blog/project/)",(sitemap)
https://pandaexteriors.com/blog/project/panda-ext-7195-7/,"listed only in the sitemap, not linked from any page (/blog/project/)",(sitemap)
https://pandaexteriors.com/blog/project/panda-ext-7195-8/,"listed only in the sitemap, not linked from any page (/blog/project/)",(sitemap)
https://pandaexteriors.com/blog/project/panda-ext-7195/,"listed only in the sitemap, not linked from any page (/blog/project/)",(sitemap)
https://pandaexteriors.com/blog/project/panda-ext-7196/,"listed only in the sitemap, not linked from any page (/blog/project/)",(sitemap)
https://pandaexteriors.com/blog/project/panda-ext-7198/,"listed only in the sitemap, not linked from any page (/blog/project/)",(sitemap)
https://pandaexteriors.com/blog/project/panda-ext-7199/,"listed only in the sitemap, not linked from any page (/blog/project/)",(sitemap)
https://pandaexteriors.com/blog/project/panda-ext-7200-2/,"listed only in the sitemap, not linked from any page (/blog/project/)",(sitemap)
https://pandaexteriors.com/blog/project/panda-ext-7200-3/,"listed only in the sitemap, not linked from any page (/blog/project/)",(sitemap)
https://pandaexteriors.com/blog/project/panda-ext-7200-4/,"listed only in the sitemap, not linked from any page (/blog/project/)",(sitemap)
https://pandaexteriors.com/blog/project/panda-ext-7200-5/,"listed only in the sitemap, not linked from any page (/blog/project/)",(sitemap)
https://pandaexteriors.com/blog/project/panda-ext-7200-6/,"listed only in the sitemap, not linked from any page (/blog/project/)",(sitemap)
https://pandaexteriors.com/blog/project/panda-ext-7200-7/,"listed only in the sitemap, not linked from any page (/blog/project/)",(sitemap)
https://pandaexteriors.com/blog/project/panda-ext-7200-8/,"listed only in the sitemap, not linked from any page (/blog/project/)",(sitemap)
https://pandaexteriors.com/blog/project/panda-ext-7200/,"listed only in the sitemap, not linked from any page (/blog/project/)",(sitemap)
https://pandaexteriors.com/blog/project/panda-ext-7201/,"listed only in the sitemap, not linked from any page (/blog/project/)",(sitemap)
https://pandaexteriors.com/blog/project/panda-ext-7202/,"listed only in the sitemap, not linked from any page (/blog/project/)",(sitemap)
https://pandaexteriors.com/blog/project/panda-ext-7204/,"listed only in the sitemap, not linked from any page (/blog/project/)",(sitemap)
https://pandaexteriors.com/blog/project/panda-ext-7213-2/,"listed only in the sitemap, not linked from any page (/blog/project/)",(sitemap)
https://pandaexteriors.com/blog/project/panda-ext-7213-3/,"listed only in the sitemap, not linked from any page (/blog/project/)",(sitemap)
https://pandaexteriors.com/blog/project/panda-ext-7213-4/,"listed only in the sitemap, not linked from any page (/blog/project/)",(sitemap)
https://pandaexteriors.com/blog/project/panda-ext-7213-5/,"listed only in the sitemap, not linked from any page (/blog/project/)",(sitemap)
https://pandaexteriors.com/blog/project/panda-ext-7213-6/,"listed only in the sitemap, not linked from any page (/blog/project/)",(sitemap)
https://pandaexteriors.com/blog/project/panda-ext-7213-7/,"listed only in the sitemap, not linked from any page (/blog/project/)",(sitemap)
https://pandaexteriors.com/blog/project/panda-ext-7213/,"listed only in the sitemap, not linked from any page (/blog/project/)",(sitemap)
https://pandaexteriors.com/blog/project/panda-ext-7214-2/,"listed only in the sitemap, not linked from any page (/blog/project/)",(sitemap)
https://pandaexteriors.com/blog/project/panda-ext-7214-3/,"listed only in the sitemap, not linked from any page (/blog/project/)",(sitemap)
https://pandaexteriors.com/blog/project/panda-ext-7214-4/,"listed only in the sitemap, not linked from any page (/blog/project/)",(sitemap)
https://pandaexteriors.com/blog/project/panda-ext-7214-5/,"listed only in the sitemap, not linked from any page (/blog/project/)",(sitemap)
https://pandaexteriors.com/blog/project/panda-ext-7214-6/,"listed only in the sitemap, not linked from any page (/blog/project/)",(sitemap)
https://pandaexteriors.com/blog/project/panda-ext-7214-7/,"listed only in the sitemap, not linked from any page (/blog/project/)",(sitemap)
https://pandaexteriors.com/blog/project/panda-ext-7214/,"listed only in the sitemap, not linked from any page (/blog/project/)",(sitemap)
https://pandaexteriors.com/blog/project/panda-ext-7216-2/,"listed only in the sitemap, not linked from any page (/blog/project/)",(sitemap)
https://pandaexteriors.com/blog/project/panda-ext-7216-3/,"listed only in the sitemap, not linked from any page (/blog/project/)",(sitemap)
https://pandaexteriors.com/blog/project/panda-ext-7216-4/,"listed only in the sitemap, not linked from any page (/blog/project/)",(sitemap)
https://pandaexteriors.com/blog/project/panda-ext-7216-5/,"listed only in the sitemap, not linked from any page (/blog/project/)",(sitemap)
https://pandaexteriors.com/blog/project/panda-ext-7216-6/,"listed only in the sitemap, not linked from any page (/blog/project/)",(sitemap)
https://pandaexteriors.com/blog/project/panda-ext-7216-7/,"listed only in the sitemap, not linked from any page (/blog/project/)",(sitemap)
https://pandaexteriors.com/blog/project/panda-ext-7216/,"listed only in the sitemap, not linked from any page (/blog/project/)",(sitemap)
https://pandaexteriors.com/blog/project/panda-ext-7220/,"listed only in the sitemap, not linked from any page (/blog/project/)",(sitemap)
https://pandaexteriors.com/blog/project/panda-ext-7230-2/,"listed only in the sitemap, not linked from any page (/blog/project/)",(sitemap)
https://pandaexteriors.com/blog/project/panda-ext-7230-3/,"listed only in the sitemap, not linked from any page (/blog/project/)",(sitemap)
https://pandaexteriors.com/blog/project/panda-ext-7230-4/,"listed only in the sitemap, not linked from any page (/blog/project/)",(sitemap)
https://pandaexteriors.com/blog/project/panda-ext-7230-5/,"listed only in the sitemap, not linked from any page (/blog/project/)",(sitemap)
https://pandaexteriors.com/blog/project/panda-ext-7230/,"listed only in the sitemap, not linked from any page (/blog/project/)",(sitemap)
https://pandaexteriors.com/blog/project/panda-ext-7233-2/,"listed only in the sitemap, not linked from any page (/blog/project/)",(sitemap)
https://pandaexteriors.com/blog/project/panda-ext-7233-3/,"listed only in the sitemap, not linked from any page (/blog/project/)",(sitemap)
https://pandaexteriors.com/blog/project/panda-ext-7233-4/,"listed only in the sitemap, not linked from any page (/blog/project/)",(sitemap)
https://pandaexteriors.com/blog/project/panda-ext-7233-5/,"listed only in the sitemap, not linked from any page (/blog/project/)",(sitemap)
https://pandaexteriors.com/blog/project/panda-ext-7233-6/,"listed only in the sitemap, not linked from any page (/blog/project/)",(sitemap)
https://pandaexteriors.com/blog/project/panda-ext-7233-7/,"listed only in the sitemap, not linked from any page (/blog/project/)",(sitemap)
https://pandaexteriors.com/blog/project/panda-ext-7233/,"listed only in the sitemap, not linked from any page (/blog/project/)",(sitemap)
https://pandaexteriors.com/blog/project/panda-ext-7234/,"listed only in the sitemap, not linked from any page (/blog/project/)",(sitemap)
https://pandaexteriors.com/blog/project/panda-ext-7235/,"listed only in the sitemap, not linked from any page (/blog/project/)",(sitemap)
https://pandaexteriors.com/blog/project/panda-ext-7236-2/,"listed only in the sitemap, not linked from any page (/blog/project/)",(sitemap)
https://pandaexteriors.com/blog/project/panda-ext-7236-3/,"listed only in the sitemap, not linked from any page (/blog/project/)",(sitemap)
https://pandaexteriors.com/blog/project/panda-ext-7236-4/,"listed only in the sitemap, not linked from any page (/blog/project/)",(sitemap)
https://pandaexteriors.com/blog/project/panda-ext-7236-5/,"listed only in the sitemap, not linked from any page (/blog/project/)",(sitemap)
https://pandaexteriors.com/blog/project/panda-ext-7236-6/,"listed only in the sitemap, not linked from any page (/blog/project/)",(sitemap)
https://pandaexteriors.com/blog/project/panda-ext-7236-7/,"listed only in the sitemap, not linked from any page (/blog/project/)",(sitemap)
https://pandaexteriors.com/blog/project/panda-ext-7236/,"listed only in the sitemap, not linked from any page (/blog/project/)",(sitemap)
https://pandaexteriors.com/blog/project/panda-ext-7237/,"listed only in the sitemap, not linked from any page (/blog/project/)",(sitemap)
https://pandaexteriors.com/blog/project/panda-ext-7238-2/,"listed only in the sitemap, not linked from any page (/blog/project/)",(sitemap)
https://pandaexteriors.com/blog/project/panda-ext-7238-3/,"listed only in the sitemap, not linked from any page (/blog/project/)",(sitemap)
https://pandaexteriors.com/blog/project/panda-ext-7238-4/,"listed only in the sitemap, not linked from any page (/blog/project/)",(sitemap)
https://pandaexteriors.com/blog/project/panda-ext-7238-5/,"listed only in the sitemap, not linked from any page (/blog/project/)",(sitemap)
https://pandaexteriors.com/blog/project/panda-ext-7238-6/,"listed only in the sitemap, not linked from any page (/blog/project/)",(sitemap)
https://pandaexteriors.com/blog/project/panda-ext-7238-7/,"listed only in the sitemap, not linked from any page (/blog/project/)",(sitemap)
https://pandaexteriors.com/blog/project/panda-ext-7238-8/,"listed only in the sitemap, not linked from any page (/blog/project/)",(sitemap)
https://pandaexteriors.com/blog/project/panda-ext-7238/,"listed only in the sitemap, not linked from any page (/blog/project/)",(sitemap)
https://pandaexteriors.com/blog/project/panda-ext-7239/,"listed only in the sitemap, not linked from any page (/blog/project/)",(sitemap)
https://pandaexteriors.com/blog/project/panda-ext-7242/,"listed only in the sitemap, not linked from any page (/blog/project/)",(sitemap)
https://pandaexteriors.com/blog/project/panda-ext-7243/,"listed only in the sitemap, not linked from any page (/blog/project/)",(sitemap)
https://pandaexteriors.com/blog/project/panda-ext-7248/,"listed only in the sitemap, not linked from any page (/blog/project/)",(sitemap)
https://pandaexteriors.com/blog/project/panda-ext-7251-2/,"listed only in the sitemap, not linked from any page (/blog/project/)",(sitemap)
https://pandaexteriors.com/blog/project/panda-ext-7251-3/,"listed only in the sitemap, not linked from any page (/blog/project/)",(sitemap)
https://pandaexteriors.com/blog/project/panda-ext-7251-4/,"listed only in the sitemap, not linked from any page (/blog/project/)",(sitemap)
https://pandaexteriors.com/blog/project/panda-ext-7251-5/,"listed only in the sitemap, not linked from any page (/blog/project/)",(sitemap)
https://pandaexteriors.com/blog/project/panda-ext-7251-6/,"listed only in the sitemap, not linked from any page (/blog/project/)",(sitemap)
https://pandaexteriors.com/blog/project/panda-ext-7251-7/,"listed only in the sitemap, not linked from any page (/blog/project/)",(sitemap)
https://pandaexteriors.com/blog/project/panda-ext-7251/,"listed only in the sitemap, not linked from any page (/blog/project/)",(sitemap)
https://pandaexteriors.com/blog/project/panda-ext-7256-2/,"listed only in the sitemap, not linked from any page (/blog/project/)",(sitemap)
https://pandaexteriors.com/blog/project/panda-ext-7256-3/,"listed only in the sitemap, not linked from any page (/blog/project/)",(sitemap)
https://pandaexteriors.com/blog/project/panda-ext-7256-4/,"listed only in the sitemap, not linked from any page (/blog/project/)",(sitemap)
https://pandaexteriors.com/blog/project/panda-ext-7256-5/,"listed only in the sitemap, not linked from any page (/blog/project/)",(sitemap)
https://pandaexteriors.com/blog/project/panda-ext-7256-6/,"listed only in the sitemap, not linked from any page (/blog/project/)",(sitemap)
https://pandaexteriors.com/blog/project/panda-ext-7256-7/,"listed only in the sitemap, not linked from any page (/blog/project/)",(sitemap)
https://pandaexteriors.com/blog/project/panda-ext-7256/,"listed only in the sitemap, not linked from any page (/blog/project/)",(sitemap)
https://pandaexteriors.com/blog/project/panda-ext-7261-2/,"listed only in the sitemap, not linked from any page (/blog/project/)",(sitemap)
https://pandaexteriors.com/blog/project/panda-ext-7261-3/,"listed only in the sitemap, not linked from any page (/blog/project/)",(sitemap)
https://pandaexteriors.com/blog/project/panda-ext-7261-4/,"listed only in the sitemap, not linked from any page (/blog/project/)",(sitemap)
https://pandaexteriors.com/blog/project/panda-ext-7261-5/,"listed only in the sitemap, not linked from any page (/blog/project/)",(sitemap)
https://pandaexteriors.com/blog/project/panda-ext-7261-6/,"listed only in the sitemap, not linked from any page (/blog/project/)",(sitemap)
https://pandaexteriors.com/blog/project/panda-ext-7261-7/,"listed only in the sitemap, not linked from any page (/blog/project/)",(sitemap)
https://pandaexteriors.com/blog/project/panda-ext-7261/,"listed only in the sitemap, not linked from any page (/blog/project/)",(sitemap)
https://pandaexteriors.com/blog/project/panda-ext-7262-2/,"listed only in the sitemap, not linked from any page (/blog/project/)",(sitemap)
https://pandaexteriors.com/blog/project/panda-ext-7262-3/,"listed only in the sitemap, not linked from any page (/blog/project/)",(sitemap)
https://pandaexteriors.com/blog/project/panda-ext-7262-4/,"listed only in the sitemap, not linked from any page (/blog/project/)",(sitemap)
https://pandaexteriors.com/blog/project/panda-ext-7262-5/,"listed only in the sitemap, not linked from any page (/blog/project/)",(sitemap)
https://pandaexteriors.com/blog/project/panda-ext-7262-6/,"listed only in the sitemap, not linked from any page (/blog/project/)",(sitemap)
https://pandaexteriors.com/blog/project/panda-ext-7265-2/,"listed only in the sitemap, not linked from any page (/blog/project/)",(sitemap)
https://pandaexteriors.com/blog/project/panda-ext-7265-3/,"listed only in the sitemap, not linked from any page (/blog/project/)",(sitemap)
https://pandaexteriors.com/blog/project/panda-ext-7265-4/,"listed only in the sitemap, not linked from any page (/blog/project/)",(sitemap)
https://pandaexteriors.com/blog/project/panda-ext-7265-5/,"listed only in the sitemap, not linked from any page (/blog/project/)",(sitemap)
https://pandaexteriors.com/blog/project/panda-ext-7265/,"listed only in the sitemap, not linked from any page (/blog/project/)",(sitemap)
https://pandaexteriors.com/blog/project/panda-ext-7267/,"listed only in the sitemap, not linked from any page (/blog/project/)",(sitemap)
https://pandaexteriors.com/blog/project/panda-ext-7268-2/,"listed only in the sitemap, not linked from any page (/blog/project/)",(sitemap)
https://pandaexteriors.com/blog/project/panda-ext-7268-3/,"listed only in the sitemap, not linked from any page (/blog/project/)",(sitemap)
https://pandaexteriors.com/blog/project/panda-ext-7268-4/,"listed only in the sitemap, not linked from any page (/blog/project/)",(sitemap)
https://pandaexteriors.com/blog/project/panda-ext-7268-5/,"listed only in the sitemap, not linked from any page (/blog/project/)",(sitemap)
https://pandaexteriors.com/blog/project/panda-ext-7268-6/,"listed only in the sitemap, not linked from any page (/blog/project/)",(sitemap)
https://pandaexteriors.com/blog/project/panda-ext-7268-7/,"listed only in the sitemap, not linked from any page (/blog/project/)",(sitemap)
https://pandaexteriors.com/blog/project/panda-ext-7268/,"listed only in the sitemap, not linked from any page (/blog/project/)",(sitemap)
https://pandaexteriors.com/blog/project/panda-ext-7273-2/,"listed only in the sitemap, not linked from any page (/blog/project/)",(sitemap)
https://pandaexteriors.com/blog/project/panda-ext-7273-3/,"listed only in the sitemap, not linked from any page (/blog/project/)",(sitemap)
https://pandaexteriors.com/blog/project/panda-ext-7273-4/,"listed only in the sitemap, not linked from any page (/blog/project/)",(sitemap)
https://pandaexteriors.com/blog/project/panda-ext-7273-5/,"listed only in the sitemap, not linked from any page (/blog/project/)",(sitemap)
https://pandaexteriors.com/blog/project/panda-ext-7273-6/,"listed only in the sitemap, not linked from any page (/blog/project/)",(sitemap)
https://pandaexteriors.com/blog/project/panda-ext-7273-7/,"listed only in the sitemap, not linked from any page (/blog/project/)",(sitemap)
https://pandaexteriors.com/blog/project/panda-ext-7273/,"listed only in the sitemap, not linked from any page (/blog/project/)",(sitemap)
https://pandaexteriors.com/blog/project/panda-ext-7274-2/,"listed only in the sitemap, not linked from any page (/blog/project/)",(sitemap)
https://pandaexteriors.com/blog/project/panda-ext-7274-3/,"listed only in the sitemap, not linked from any page (/blog/project/)",(sitemap)
https://pandaexteriors.com/blog/project/panda-ext-7274-4/,"listed only in the sitemap, not linked from any page (/blog/project/)",(sitemap)
https://pandaexteriors.com/blog/project/panda-ext-7274-5/,"listed only in the sitemap, not linked from any page (/blog/project/)",(sitemap)
https://pandaexteriors.com/blog/project/panda-ext-7274/,"listed only in the sitemap, not linked from any page (/blog/project/)",(sitemap)
https://pandaexteriors.com/blog/project/panda-ext-7276-2/,"listed only in the sitemap, not linked from any page (/blog/project/)",(sitemap)
https://pandaexteriors.com/blog/project/panda-ext-7276-4/,"listed only in the sitemap, not linked from any page (/blog/project/)",(sitemap)
https://pandaexteriors.com/blog/project/panda-ext-7276-5/,"listed only in the sitemap, not linked from any page (/blog/project/)",(sitemap)
https://pandaexteriors.com/blog/project/panda-ext-7276-6/,"listed only in the sitemap, not linked from any page (/blog/project/)",(sitemap)
https://pandaexteriors.com/blog/project/panda-ext-7276-7/,"listed only in the sitemap, not linked from any page (/blog/project/)",(sitemap)
https://pandaexteriors.com/blog/project/panda-ext-7280/,"listed only in the sitemap, not linked from any page (/blog/project/)",(sitemap)
https://pandaexteriors.com/blog/project/panda-ext-7281-2/,"listed only in the sitemap, not linked from any page (/blog/project/)",(sitemap)
https://pandaexteriors.com/blog/project/panda-ext-7281-3/,"listed only in the sitemap, not linked from any page (/blog/project/)",(sitemap)
https://pandaexteriors.com/blog/project/panda-ext-7281-4/,"listed only in the sitemap, not linked from any page (/blog/project/)",(sitemap)
https://pandaexteriors.com/blog/project/panda-ext-7281-5/,"listed only in the sitemap, not linked from any page (/blog/project/)",(sitemap)
https://pandaexteriors.com/blog/project/panda-ext-7281-6/,"listed only in the sitemap, not linked from any page (/blog/project/)",(sitemap)
https://pandaexteriors.com/blog/project/panda-ext-7281-7/,"listed only in the sitemap, not linked from any page (/blog/project/)",(sitemap)
https://pandaexteriors.com/blog/project/panda-ext-7281/,"listed only in the sitemap, not linked from any page (/blog/project/)",(sitemap)
https://pandaexteriors.com/blog/project/panda-ext-7283-2/,"listed only in the sitemap, not linked from any page (/blog/project/)",(sitemap)
https://pandaexteriors.com/blog/project/panda-ext-7283-3/,"listed only in the sitemap, not linked from any page (/blog/project/)",(sitemap)
https://pandaexteriors.com/blog/project/panda-ext-7283-4/,"listed only in the sitemap, not linked from any page (/blog/project/)",(sitemap)
https://pandaexteriors.com/blog/project/panda-ext-7283-5/,"listed only in the sitemap, not linked from any page (/blog/project/)",(sitemap)
https://pandaexteriors.com/blog/project/panda-ext-7283/,"listed only in the sitemap, not linked from any page (/blog/project/)",(sitemap)
https://pandaexteriors.com/blog/project/panda-ext-7285-2/,"listed only in the sitemap, not linked from any page (/blog/project/)",(sitemap)
https://pandaexteriors.com/blog/project/panda-ext-7285-3/,"listed only in the sitemap, not linked from any page (/blog/project/)",(sitemap)
https://pandaexteriors.com/blog/project/panda-ext-7285-4/,"listed only in the sitemap, not linked from any page (/blog/project/)",(sitemap)
https://pandaexteriors.com/blog/project/panda-ext-7285-5/,"listed only in the sitemap, not linked from any page (/blog/project/)",(sitemap)
https://pandaexteriors.com/blog/project/panda-ext-7285/,"listed only in the sitemap, not linked from any page (/blog/project/)",(sitemap)
https://pandaexteriors.com/blog/project/panda-ext-7286-2/,"listed only in the sitemap, not linked from any page (/blog/project/)",(sitemap)
https://pandaexteriors.com/blog/project/panda-ext-7286-3/,"listed only in the sitemap, not linked from any page (/blog/project/)",(sitemap)
https://pandaexteriors.com/blog/project/panda-ext-7286-4/,"listed only in the sitemap, not linked from any page (/blog/project/)",(sitemap)
https://pandaexteriors.com/blog/project/panda-ext-7286-5/,"listed only in the sitemap, not linked from any page (/blog/project/)",(sitemap)
https://pandaexteriors.com/blog/project/panda-ext-7286-6/,"listed only in the sitemap, not linked from any page (/blog/project/)",(sitemap)
https://pandaexteriors.com/blog/project/panda-ext-7286-7/,"listed only in the sitemap, not linked from any page (/blog/project/)",(sitemap)
https://pandaexteriors.com/blog/project/panda-ext-7286/,"listed only in the sitemap, not linked from any page (/blog/project/)",(sitemap)
https://pandaexteriors.com/blog/project/panda-ext-7289/,"listed only in the sitemap, not linked from any page (/blog/project/)",(sitemap)
https://pandaexteriors.com/blog/project/panda-ext-7290-2/,"listed only in the sitemap, not linked from any page (/blog/project/)",(sitemap)
https://pandaexteriors.com/blog/project/panda-ext-7290-3/,"listed only in the sitemap, not linked from any page (/blog/project/)",(sitemap)
https://pandaexteriors.com/blog/project/panda-ext-7290-4/,"listed only in the sitemap, not linked from any page (/blog/project/)",(sitemap)
https://pandaexteriors.com/blog/project/panda-ext-7290-5/,"listed only in the sitemap, not linked from any page (/blog/project/)",(sitemap)
https://pandaexteriors.com/blog/project/panda-ext-7290-6/,"listed only in the sitemap, not linked from any page (/blog/project/)",(sitemap)
https://pandaexteriors.com/blog/project/panda-ext-7290-7/,"listed only in the sitemap, not linked from any page (/blog/project/)",(sitemap)
https://pandaexteriors.com/blog/project/panda-ext-7290/,"listed only in the sitemap, not linked from any page (/blog/project/)",(sitemap)
https://pandaexteriors.com/blog/project/panda-ext-7295-2/,"listed only in the sitemap, not linked from any page (/blog/project/)",(sitemap)
https://pandaexteriors.com/blog/project/panda-ext-7295-3/,"listed only in the sitemap, not linked from any page (/blog/project/)",(sitemap)
https://pandaexteriors.com/blog/project/panda-ext-7295-4/,"listed only in the sitemap, not linked from any page (/blog/project/)",(sitemap)
https://pandaexteriors.com/blog/project/panda-ext-7295-5/,"listed only in the sitemap, not linked from any page (/blog/project/)",(sitemap)
https://pandaexteriors.com/blog/project/panda-ext-7295/,"listed only in the sitemap, not linked from any page (/blog/project/)",(sitemap)
https://pandaexteriors.com/blog/project/panda-ext-7297-2/,"listed only in the sitemap, not linked from any page (/blog/project/)",(sitemap)
https://pandaexteriors.com/blog/project/panda-ext-7297-3/,"listed only in the sitemap, not linked from any page (/blog/project/)",(sitemap)
https://pandaexteriors.com/blog/project/panda-ext-7297-4/,"listed only in the sitemap, not linked from any page (/blog/project/)",(sitemap)
https://pandaexteriors.com/blog/project/panda-ext-7297-5/,"listed only in the sitemap, not linked from any page (/blog/project/)",(sitemap)
https://pandaexteriors.com/blog/project/panda-ext-7297-6/,"listed only in the sitemap, not linked from any page (/blog/project/)",(sitemap)
https://pandaexteriors.com/blog/project/panda-ext-7297-7/,"listed only in the sitemap, not linked from any page (/blog/project/)",(sitemap)
https://pandaexteriors.com/blog/project/panda-ext-7297/,"listed only in the sitemap, not linked from any page (/blog/project/)",(sitemap)
https://pandaexteriors.com/blog/project/panda-ext-7298/,"listed only in the sitemap, not linked from any page (/blog/project/)",(sitemap)
https://pandaexteriors.com/blog/project/panda-ext-7299-2/,"listed only in the sitemap, not linked from any page (/blog/project/)",(sitemap)
https://pandaexteriors.com/blog/project/panda-ext-7299-3/,"listed only in the sitemap, not linked from any page (/blog/project/)",(sitemap)
https://pandaexteriors.com/blog/project/panda-ext-7299-4/,"listed only in the sitemap, not linked from any page (/blog/project/)",(sitemap)
https://pandaexteriors.com/blog/project/panda-ext-7299-5/,"listed only in the sitemap, not linked from any page (/blog/project/)",(sitemap)
https://pandaexteriors.com/blog/project/panda-ext-7299-6/,"listed only in the sitemap, not linked from any page (/blog/project/)",(sitemap)
https://pandaexteriors.com/blog/project/panda-ext-7299-7/,"listed only in the sitemap, not linked from any page (/blog/project/)",(sitemap)
https://pandaexteriors.com/blog/project/panda-ext-7299/,"listed only in the sitemap, not linked from any page (/blog/project/)",(sitemap)
https://pandaexteriors.com/blog/project/panda-ext-7302/,"listed only in the sitemap, not linked from any page (/blog/project/)",(sitemap)
https://pandaexteriors.com/blog/project/panda-ext-7312-2/,"listed only in the sitemap, not linked from any page (/blog/project/)",(sitemap)
https://pandaexteriors.com/blog/project/panda-ext-7312-3/,"listed only in the sitemap, not linked from any page (/blog/project/)",(sitemap)
https://pandaexteriors.com/blog/project/panda-ext-7312-4/,"listed only in the sitemap, not linked from any page (/blog/project/)",(sitemap)
https://pandaexteriors.com/blog/project/panda-ext-7312-5/,"listed only in the sitemap, not linked from any page (/blog/project/)",(sitemap)
https://pandaexteriors.com/blog/project/panda-ext-7312-6/,"listed only in the sitemap, not linked from any page (/blog/project/)",(sitemap)
https://pandaexteriors.com/blog/project/panda-ext-7312-7/,"listed only in the sitemap, not linked from any page (/blog/project/)",(sitemap)
https://pandaexteriors.com/blog/project/panda-ext-7312/,"listed only in the sitemap, not linked from any page (/blog/project/)",(sitemap)
https://pandaexteriors.com/blog/project/panda-ext-7313-2/,"listed only in the sitemap, not linked from any page (/blog/project/)",(sitemap)
https://pandaexteriors.com/blog/project/panda-ext-7313-3/,"listed only in the sitemap, not linked from any page (/blog/project/)",(sitemap)
https://pandaexteriors.com/blog/project/panda-ext-7313-4/,"listed only in the sitemap, not linked from any page (/blog/project/)",(sitemap)
https://pandaexteriors.com/blog/project/panda-ext-7313-5/,"listed only in the sitemap, not linked from any page (/blog/project/)",(sitemap)
https://pandaexteriors.com/blog/project/panda-ext-7313-6/,"listed only in the sitemap, not linked from any page (/blog/project/)",(sitemap)
https://pandaexteriors.com/blog/project/panda-ext-7313-7/,"listed only in the sitemap, not linked from any page (/blog/project/)",(sitemap)
https://pandaexteriors.com/blog/project/panda-ext-7313/,"listed only in the sitemap, not linked from any page (/blog/project/)",(sitemap)
https://pandaexteriors.com/blog/project/panda-ext-7314-2/,"listed only in the sitemap, not linked from any page (/blog/project/)",(sitemap)
https://pandaexteriors.com/blog/project/panda-ext-7314-3/,"listed only in the sitemap, not linked from any page (/blog/project/)",(sitemap)
https://pandaexteriors.com/blog/project/panda-ext-7314-5/,"listed only in the sitemap, not linked from any page (/blog/project/)",(sitemap)
https://pandaexteriors.com/blog/project/panda-ext-7314-6/,"listed only in the sitemap, not linked from any page (/blog/project/)",(sitemap)
https://pandaexteriors.com/blog/project/panda-ext-7314-7/,"listed only in the sitemap, not linked from any page (/blog/project/)",(sitemap)
https://pandaexteriors.com/blog/project/panda-ext-7314-8/,"listed only in the sitemap, not linked from any page (/blog/project/)",(sitemap)
https://pandaexteriors.com/blog/project/panda-ext-7314/,"listed only in the sitemap, not linked from any page (/blog/project/)",(sitemap)
https://pandaexteriors.com/blog/project/panda-ext-7315/,"listed only in the sitemap, not linked from any page (/blog/project/)",(sitemap)
https://pandaexteriors.com/blog/project/panda-ext-7317/,"listed only in the sitemap, not linked from any page (/blog/project/)",(sitemap)
https://pandaexteriors.com/blog/project/panda-ext-7318/,"listed only in the sitemap, not linked from any page (/blog/project/)",(sitemap)
https://pandaexteriors.com/blog/project/panda-ext-7320/,"listed only in the sitemap, not linked from any page (/blog/project/)",(sitemap)
https://pandaexteriors.com/blog/project/panda-ext-7322-2/,"listed only in the sitemap, not linked from any page (/blog/project/)",(sitemap)
https://pandaexteriors.com/blog/project/panda-ext-7322-3/,"listed only in the sitemap, not linked from any page (/blog/project/)",(sitemap)
https://pandaexteriors.com/blog/project/panda-ext-7322-4/,"listed only in the sitemap, not linked from any page (/blog/project/)",(sitemap)
https://pandaexteriors.com/blog/project/panda-ext-7322-5/,"listed only in the sitemap, not linked from any page (/blog/project/)",(sitemap)
https://pandaexteriors.com/blog/project/panda-ext-7322-6/,"listed only in the sitemap, not linked from any page (/blog/project/)",(sitemap)
https://pandaexteriors.com/blog/project/panda-ext-7322-7/,"listed only in the sitemap, not linked from any page (/blog/project/)",(sitemap)
https://pandaexteriors.com/blog/project/panda-ext-7322/,"listed only in the sitemap, not linked from any page (/blog/project/)",(sitemap)
https://pandaexteriors.com/blog/project/panda-ext-7327-2/,"listed only in the sitemap, not linked from any page (/blog/project/)",(sitemap)
https://pandaexteriors.com/blog/project/panda-ext-7327-3/,"listed only in the sitemap, not linked from any page (/blog/project/)",(sitemap)
https://pandaexteriors.com/blog/project/panda-ext-7327-4/,"listed only in the sitemap, not linked from any page (/blog/project/)",(sitemap)
https://pandaexteriors.com/blog/project/panda-ext-7327-5/,"listed only in the sitemap, not linked from any page (/blog/project/)",(sitemap)
https://pandaexteriors.com/blog/project/panda-ext-7327-6/,"listed only in the sitemap, not linked from any page (/blog/project/)",(sitemap)
https://pandaexteriors.com/blog/project/panda-ext-7327-7/,"listed only in the sitemap, not linked from any page (/blog/project/)",(sitemap)
https://pandaexteriors.com/blog/project/panda-ext-7327-8/,"listed only in the sitemap, not linked from any page (/blog/project/)",(sitemap)
https://pandaexteriors.com/blog/project/panda-ext-7327/,"listed only in the sitemap, not linked from any page (/blog/project/)",(sitemap)
https://pandaexteriors.com/blog/project/panda-ext-7328-2/,"listed only in the sitemap, not linked from any page (/blog/project/)",(sitemap)
https://pandaexteriors.com/blog/project/panda-ext-7328-3/,"listed only in the sitemap, not linked from any page (/blog/project/)",(sitemap)
https://pandaexteriors.com/blog/project/panda-ext-7328-4/,"listed only in the sitemap, not linked from any page (/blog/project/)",(sitemap)
https://pandaexteriors.com/blog/project/panda-ext-7328-5/,"listed only in the sitemap, not linked from any page (/blog/project/)",(sitemap)
https://pandaexteriors.com/blog/project/panda-ext-7328-6/,"listed only in the sitemap, not linked from any page (/blog/project/)",(sitemap)
https://pandaexteriors.com/blog/project/panda-ext-7328-7/,"listed only in the sitemap, not linked from any page (/blog/project/)",(sitemap)
https://pandaexteriors.com/blog/project/panda-ext-7328/,"listed only in the sitemap, not linked from any page (/blog/project/)",(sitemap)
https://pandaexteriors.com/blog/project/panda-ext-7330/,"listed only in the sitemap, not linked from any page (/blog/project/)",(sitemap)
https://pandaexteriors.com/blog/project/panda-ext-7335-2/,"listed only in the sitemap, not linked from any page (/blog/project/)",(sitemap)
https://pandaexteriors.com/blog/project/panda-ext-7335-3/,"listed only in the sitemap, not linked from any page (/blog/project/)",(sitemap)
https://pandaexteriors.com/blog/project/panda-ext-7335-4/,"listed only in the sitemap, not linked from any page (/blog/project/)",(sitemap)
https://pandaexteriors.com/blog/project/panda-ext-7335-5/,"listed only in the sitemap, not linked from any page (/blog/project/)",(sitemap)
https://pandaexteriors.com/blog/project/panda-ext-7335/,"listed only in the sitemap, not linked from any page (/blog/project/)",(sitemap)
https://pandaexteriors.com/blog/project/panda-ext-7337-2/,"listed only in the sitemap, not linked from any page (/blog/project/)",(sitemap)
https://pandaexteriors.com/blog/project/panda-ext-7337-3/,"listed only in the sitemap, not linked from any page (/blog/project/)",(sitemap)
https://pandaexteriors.com/blog/project/panda-ext-7337-4/,"listed only in the sitemap, not linked from any page (/blog/project/)",(sitemap)
https://pandaexteriors.com/blog/project/panda-ext-7337-5/,"listed only in the sitemap, not linked from any page (/blog/project/)",(sitemap)
https://pandaexteriors.com/blog/project/panda-ext-7337-6/,"listed only in the sitemap, not linked from any page (/blog/project/)",(sitemap)
https://pandaexteriors.com/blog/project/panda-ext-7337-7/,"listed only in the sitemap, not linked from any page (/blog/project/)",(sitemap)
https://pandaexteriors.com/blog/project/panda-ext-7337/,"listed only in the sitemap, not linked from any page (/blog/project/)",(sitemap)
https://pandaexteriors.com/blog/project/panda-ext-7341-2/,"listed only in the sitemap, not linked from any page (/blog/project/)",(sitemap)
https://pandaexteriors.com/blog/project/panda-ext-7341-3/,"listed only in the sitemap, not linked from any page (/blog/project/)",(sitemap)
https://pandaexteriors.com/blog/project/panda-ext-7341-4/,"listed only in the sitemap, not linked from any page (/blog/project/)",(sitemap)
https://pandaexteriors.com/blog/project/panda-ext-7341-5/,"listed only in the sitemap, not linked from any page (/blog/project/)",(sitemap)
https://pandaexteriors.com/blog/project/panda-ext-7341-6/,"listed only in the sitemap, not linked from any page (/blog/project/)",(sitemap)
https://pandaexteriors.com/blog/project/panda-ext-7341-7/,"listed only in the sitemap, not linked from any page (/blog/project/)",(sitemap)
https://pandaexteriors.com/blog/project/panda-ext-7341/,"listed only in the sitemap, not linked from any page (/blog/project/)",(sitemap)
https://pandaexteriors.com/blog/project/panda-ext-7344-2/,"listed only in the sitemap, not linked from any page (/blog/project/)",(sitemap)
https://pandaexteriors.com/blog/project/panda-ext-7344-3/,"listed only in the sitemap, not linked from any page (/blog/project/)",(sitemap)
https://pandaexteriors.com/blog/project/panda-ext-7344-4/,"listed only in the sitemap, not linked from any page (/blog/project/)",(sitemap)
https://pandaexteriors.com/blog/project/panda-ext-7344-5/,"listed only in the sitemap, not linked from any page (/blog/project/)",(sitemap)
https://pandaexteriors.com/blog/project/panda-ext-7344-6/,"listed only in the sitemap, not linked from any page (/blog/project/)",(sitemap)
https://pandaexteriors.com/blog/project/panda-ext-7344-7/,"listed only in the sitemap, not linked from any page (/blog/project/)",(sitemap)
https://pandaexteriors.com/blog/project/panda-ext-7344/,"listed only in the sitemap, not linked from any page (/blog/project/)",(sitemap)
https://pandaexteriors.com/blog/project/panda-ext-7345/,"listed only in the sitemap, not linked from any page (/blog/project/)",(sitemap)
https://pandaexteriors.com/blog/project/panda-ext-7356/,"listed only in the sitemap, not linked from any page (/blog/project/)",(sitemap)
https://pandaexteriors.com/blog/project/panda-ext-7358-2/,"listed only in the sitemap, not linked from any page (/blog/project/)",(sitemap)
https://pandaexteriors.com/blog/project/panda-ext-7358-3/,"listed only in the sitemap, not linked from any page (/blog/project/)",(sitemap)
https://pandaexteriors.com/blog/project/panda-ext-7358-4/,"listed only in the sitemap, not linked from any page (/blog/project/)",(sitemap)
https://pandaexteriors.com/blog/project/panda-ext-7358-5/,"listed only in the sitemap, not linked from any page (/blog/project/)",(sitemap)
https://pandaexteriors.com/blog/project/panda-ext-7358-6/,"listed only in the sitemap, not linked from any page (/blog/project/)",(sitemap)
https://pandaexteriors.com/blog/project/panda-ext-7358-7/,"listed only in the sitemap, not linked from any page (/blog/project/)",(sitemap)
https://pandaexteriors.com/blog/project/panda-ext-7358/,"listed only in the sitemap, not linked from any page (/blog/project/)",(sitemap)
https://pandaexteriors.com/blog/project/panda-ext-7359/,"listed only in the sitemap, not linked from any page (/blog/project/)",(sitemap)
https://pandaexteriors.com/blog/project/panda-ext-7360/,"listed only in the sitemap, not linked from any page (/blog/project/)",(sitemap)
https://pandaexteriors.com/blog/project/panda-ext-7361/,"listed only in the sitemap, not linked from any page (/blog/project/)",(sitemap)
https://pandaexteriors.com/blog/project/panda-ext-7364-2/,"listed only in the sitemap, not linked from any page (/blog/project/)",(sitemap)
https://pandaexteriors.com/blog/project/panda-ext-7364-4/,"listed only in the sitemap, not linked from any page (/blog/project/)",(sitemap)
https://pandaexteriors.com/blog/project/panda-ext-7365-2/,"listed only in the sitemap, not linked from any page (/blog/project/)",(sitemap)
https://pandaexteriors.com/blog/project/panda-ext-7365-3/,"listed only in the sitemap, not linked from any page (/blog/project/)",(sitemap)
https://pandaexteriors.com/blog/project/panda-ext-7365-4/,"listed only in the sitemap, not linked from any page (/blog/project/)",(sitemap)
https://pandaexteriors.com/blog/project/panda-ext-7365-5/,"listed only in the sitemap, not linked from any page (/blog/project/)",(sitemap)
https://pandaexteriors.com/blog/project/panda-ext-7365-6/,"listed only in the sitemap, not linked from any page (/blog/project/)",(sitemap)
https://pandaexteriors.com/blog/project/panda-ext-7365-7/,"listed only in the sitemap, not linked from any page (/blog/project/)",(sitemap)
https://pandaexteriors.com/blog/project/panda-ext-7365/,"listed only in the sitemap, not linked from any page (/blog/project/)",(sitemap)
https://pandaexteriors.com/blog/project/panda-ext-7366-2/,"listed only in the sitemap, not linked from any page (/blog/project/)",(sitemap)
https://pandaexteriors.com/blog/project/panda-ext-7366-3/,"listed only in the sitemap, not linked from any page (/blog/project/)",(sitemap)
https://pandaexteriors.com/blog/project/panda-ext-7366-4/,"listed only in the sitemap, not linked from any page (/blog/project/)",(sitemap)
https://pandaexteriors.com/blog/project/panda-ext-7366-5/,"listed only in the sitemap, not linked from any page (/blog/project/)",(sitemap)
https://pandaexteriors.com/blog/project/panda-ext-7366-6/,"listed only in the sitemap, not linked from any page (/blog/project/)",(sitemap)
https://pandaexteriors.com/blog/project/panda-ext-7366-7/,"listed only in the sitemap, not linked from any page (/blog/project/)",(sitemap)
https://pandaexteriors.com/blog/project/panda-ext-7366/,"listed only in the sitemap, not linked from any page (/blog/project/)",(sitemap)
https://pandaexteriors.com/blog/project/panda-ext-7367-2/,"listed only in the sitemap, not linked from any page (/blog/project/)",(sitemap)
https://pandaexteriors.com/blog/project/panda-ext-7367-3/,"listed only in the sitemap, not linked from any page (/blog/project/)",(sitemap)
https://pandaexteriors.com/blog/project/panda-ext-7367-4/,"listed only in the sitemap, not linked from any page (/blog/project/)",(sitemap)
https://pandaexteriors.com/blog/project/panda-ext-7367-5/,"listed only in the sitemap, not linked from any page (/blog/project/)",(sitemap)
https://pandaexteriors.com/blog/project/panda-ext-7367/,"listed only in the sitemap, not linked from any page (/blog/project/)",(sitemap)
https://pandaexteriors.com/blog/project/panda-ext-7372/,"listed only in the sitemap, not linked from any page (/blog/project/)",(sitemap)
https://pandaexteriors.com/blog/project/panda-ext-7373/,"listed only in the sitemap, not linked from any page (/blog/project/)",(sitemap)
https://pandaexteriors.com/blog/project/panda-ext-7374-2/,"listed only in the sitemap, not linked from any page (/blog/project/)",(sitemap)
https://pandaexteriors.com/blog/project/panda-ext-7374-4/,"listed only in the sitemap, not linked from any page (/blog/project/)",(sitemap)
https://pandaexteriors.com/blog/project/panda-ext-7374-5/,"listed only in the sitemap, not linked from any page (/blog/project/)",(sitemap)
https://pandaexteriors.com/blog/project/panda-ext-7374-6/,"listed only in the sitemap, not linked from any page (/blog/project/)",(sitemap)
https://pandaexteriors.com/blog/project/panda-ext-7374-7/,"listed only in the sitemap, not linked from any page (/blog/project/)",(sitemap)
https://pandaexteriors.com/blog/project/panda-ext-7374/,"listed only in the sitemap, not linked from any page (/blog/project/)",(sitemap)
https://pandaexteriors.com/blog/project/panda-ext-7375/,"listed only in the sitemap, not linked from any page (/blog/project/)",(sitemap)
https://pandaexteriors.com/blog/project/panda-ext-7376-2/,"listed only in the sitemap, not linked from any page (/blog/project/)",(sitemap)
https://pandaexteriors.com/blog/project/panda-ext-7376-3/,"listed only in the sitemap, not linked from any page (/blog/project/)",(sitemap)
https://pandaexteriors.com/blog/project/panda-ext-7376-4/,"listed only in the sitemap, not linked from any page (/blog/project/)",(sitemap)
https://pandaexteriors.com/blog/project/panda-ext-7376-5/,"listed only in the sitemap, not linked from any page (/blog/project/)",(sitemap)
https://pandaexteriors.com/blog/project/panda-ext-7376-6/,"listed only in the sitemap, not linked from any page (/blog/project/)",(sitemap)
https://pandaexteriors.com/blog/project/panda-ext-7376-7/,"listed only in the sitemap, not linked from any page (/blog/project/)",(sitemap)
https://pandaexteriors.com/blog/project/panda-ext-7376-8/,"listed only in the sitemap, not linked from any page (/blog/project/)",(sitemap)
https://pandaexteriors.com/blog/project/panda-ext-7376/,"listed only in the sitemap, not linked from any page (/blog/project/)",(sitemap)
https://pandaexteriors.com/blog/project/panda-ext-7385-2/,"listed only in the sitemap, not linked from any page (/blog/project/)",(sitemap)
https://pandaexteriors.com/blog/project/panda-ext-7385-3/,"listed only in the sitemap, not linked from any page (/blog/project/)",(sitemap)
https://pandaexteriors.com/blog/project/panda-ext-7385-4/,"listed only in the sitemap, not linked from any page (/blog/project/)",(sitemap)
https://pandaexteriors.com/blog/project/panda-ext-7385-5/,"listed only in the sitemap, not linked from any page (/blog/project/)",(sitemap)
https://pandaexteriors.com/blog/project/panda-ext-7385/,"listed only in the sitemap, not linked from any page (/blog/project/)",(sitemap)
https://pandaexteriors.com/blog/project/panda-ext-7387-2/,"listed only in the sitemap, not linked from any page (/blog/project/)",(sitemap)
https://pandaexteriors.com/blog/project/panda-ext-7387-3/,"listed only in the sitemap, not linked from any page (/blog/project/)",(sitemap)
https://pandaexteriors.com/blog/project/panda-ext-7387-4/,"listed only in the sitemap, not linked from any page (/blog/project/)",(sitemap)
https://pandaexteriors.com/blog/project/panda-ext-7387-5/,"listed only in the sitemap, not linked from any page (/blog/project/)",(sitemap)
https://pandaexteriors.com/blog/project/panda-ext-7387-6/,"listed only in the sitemap, not linked from any page (/blog/project/)",(sitemap)
https://pandaexteriors.com/blog/project/panda-ext-7387-7/,"listed only in the sitemap, not linked from any page (/blog/project/)",(sitemap)
https://pandaexteriors.com/blog/project/panda-ext-7387-8/,"listed only in the sitemap, not linked from any page (/blog/project/)",(sitemap)
https://pandaexteriors.com/blog/project/panda-ext-7387/,"listed only in the sitemap, not linked from any page (/blog/project/)",(sitemap)
https://pandaexteriors.com/blog/project/panda-ext-7390-2/,"listed only in the sitemap, not linked from any page (/blog/project/)",(sitemap)
https://pandaexteriors.com/blog/project/panda-ext-7390-3/,"listed only in the sitemap, not linked from any page (/blog/project/)",(sitemap)
https://pandaexteriors.com/blog/project/panda-ext-7390-4/,"listed only in the sitemap, not linked from any page (/blog/project/)",(sitemap)
https://pandaexteriors.com/blog/project/panda-ext-7390-5/,"listed only in the sitemap, not linked from any page (/blog/project/)",(sitemap)
https://pandaexteriors.com/blog/project/panda-ext-7390-6/,"listed only in the sitemap, not linked from any page (/blog/project/)",(sitemap)
https://pandaexteriors.com/blog/project/panda-ext-7390-7/,"listed only in the sitemap, not linked from any page (/blog/project/)",(sitemap)
https://pandaexteriors.com/blog/project/panda-ext-7390/,"listed only in the sitemap, not linked from any page (/blog/project/)",(sitemap)
https://pandaexteriors.com/blog/project/panda-ext-7391/,"listed only in the sitemap, not linked from any page (/blog/project/)",(sitemap)
https://pandaexteriors.com/blog/project/panda-ext-7393-2/,"listed only in the sitemap, not linked from any page (/blog/project/)",(sitemap)
https://pandaexteriors.com/blog/project/panda-ext-7393-3/,"listed only in the sitemap, not linked from any page (/blog/project/)",(sitemap)
https://pandaexteriors.com/blog/project/panda-ext-7393-4/,"listed only in the sitemap, not linked from any page (/blog/project/)",(sitemap)
https://pandaexteriors.com/blog/project/panda-ext-7393-5/,"listed only in the sitemap, not linked from any page (/blog/project/)",(sitemap)
https://pandaexteriors.com/blog/project/panda-ext-7393/,"listed only in the sitemap, not linked from any page (/blog/project/)",(sitemap)
https://pandaexteriors.com/blog/project/panda-ext-7396/,"listed only in the sitemap, not linked from any page (/blog/project/)",(sitemap)
https://pandaexteriors.com/blog/project/panda-ext-7398/,"listed only in the sitemap, not linked from any page (/blog/project/)",(sitemap)
https://pandaexteriors.com/blog/project/panda-ext-7400/,"listed only in the sitemap, not linked from any page (/blog/project/)",(sitemap)
https://pandaexteriors.com/blog/project/panda-ext-7401/,"listed only in the sitemap, not linked from any page (/blog/project/)",(sitemap)
https://pandaexteriors.com/blog/project/panda-ext-7402-2/,"listed only in the sitemap, not linked from any page (/blog/project/)",(sitemap)
https://pandaexteriors.com/blog/project/panda-ext-7402-3/,"listed only in the sitemap, not linked from any page (/blog/project/)",(sitemap)
https://pandaexteriors.com/blog/project/panda-ext-7402-4/,"listed only in the sitemap, not linked from any page (/blog/project/)",(sitemap)
https://pandaexteriors.com/blog/project/panda-ext-7402-5/,"listed only in the sitemap, not linked from any page (/blog/project/)",(sitemap)
https://pandaexteriors.com/blog/project/panda-ext-7402-6/,"listed only in the sitemap, not linked from any page (/blog/project/)",(sitemap)
https://pandaexteriors.com/blog/project/panda-ext-7402-7/,"listed only in the sitemap, not linked from any page (/blog/project/)",(sitemap)
https://pandaexteriors.com/blog/project/panda-ext-7402/,"listed only in the sitemap, not linked from any page (/blog/project/)",(sitemap)
https://pandaexteriors.com/blog/project/panda-ext-7414-2/,"listed only in the sitemap, not linked from any page (/blog/project/)",(sitemap)
https://pandaexteriors.com/blog/project/panda-ext-7414-3/,"listed only in the sitemap, not linked from any page (/blog/project/)",(sitemap)
https://pandaexteriors.com/blog/project/panda-ext-7414-4/,"listed only in the sitemap, not linked from any page (/blog/project/)",(sitemap)
https://pandaexteriors.com/blog/project/panda-ext-7418-2/,"listed only in the sitemap, not linked from any page (/blog/project/)",(sitemap)
https://pandaexteriors.com/blog/project/panda-ext-7418-3/,"listed only in the sitemap, not linked from any page (/blog/project/)",(sitemap)
https://pandaexteriors.com/blog/project/panda-ext-7418-4/,"listed only in the sitemap, not linked from any page (/blog/project/)",(sitemap)
https://pandaexteriors.com/blog/project/panda-ext-7418-5/,"listed only in the sitemap, not linked from any page (/blog/project/)",(sitemap)
https://pandaexteriors.com/blog/project/panda-ext-7418-6/,"listed only in the sitemap, not linked from any page (/blog/project/)",(sitemap)
https://pandaexteriors.com/blog/project/panda-ext-7418-7/,"listed only in the sitemap, not linked from any page (/blog/project/)",(sitemap)
https://pandaexteriors.com/blog/project/panda-ext-7418/,"listed only in the sitemap, not linked from any page (/blog/project/)",(sitemap)
https://pandaexteriors.com/blog/project/panda-ext-7420-2/,"listed only in the sitemap, not linked from any page (/blog/project/)",(sitemap)
https://pandaexteriors.com/blog/project/panda-ext-7420-3/,"listed only in the sitemap, not linked from any page (/blog/project/)",(sitemap)
https://pandaexteriors.com/blog/project/panda-ext-7420-4/,"listed only in the sitemap, not linked from any page (/blog/project/)",(sitemap)
https://pandaexteriors.com/blog/project/panda-ext-7420-5/,"listed only in the sitemap, not linked from any page (/blog/project/)",(sitemap)
https://pandaexteriors.com/blog/project/panda-ext-7420-6/,"listed only in the sitemap, not linked from any page (/blog/project/)",(sitemap)
https://pandaexteriors.com/blog/project/panda-ext-7420-7/,"listed only in the sitemap, not linked from any page (/blog/project/)",(sitemap)
https://pandaexteriors.com/blog/project/panda-ext-7420-8/,"listed only in the sitemap, not linked from any page (/blog/project/)",(sitemap)
https://pandaexteriors.com/blog/project/panda-ext-7420/,"listed only in the sitemap, not linked from any page (/blog/project/)",(sitemap)
https://pandaexteriors.com/blog/project/panda-ext-7421-2/,"listed only in the sitemap, not linked from any page (/blog/project/)",(sitemap)
https://pandaexteriors.com/blog/project/panda-ext-7421-4/,"listed only in the sitemap, not linked from any page (/blog/project/)",(sitemap)
https://pandaexteriors.com/blog/project/panda-ext-7421-5/,"listed only in the sitemap, not linked from any page (/blog/project/)",(sitemap)
https://pandaexteriors.com/blog/project/panda-ext-7421-6/,"listed only in the sitemap, not linked from any page (/blog/project/)",(sitemap)
https://pandaexteriors.com/blog/project/panda-ext-7421/,"listed only in the sitemap, not linked from any page (/blog/project/)",(sitemap)
https://pandaexteriors.com/blog/project/panda-ext-7430-2/,"listed only in the sitemap, not linked from any page (/blog/project/)",(sitemap)
https://pandaexteriors.com/blog/project/panda-ext-7430-3/,"listed only in the sitemap, not linked from any page (/blog/project/)",(sitemap)
https://pandaexteriors.com/blog/project/panda-ext-7430-4/,"listed only in the sitemap, not linked from any page (/blog/project/)",(sitemap)
https://pandaexteriors.com/blog/project/panda-ext-7430-5/,"listed only in the sitemap, not linked from any page (/blog/project/)",(sitemap)
https://pandaexteriors.com/blog/project/panda-ext-7430-6/,"listed only in the sitemap, not linked from any page (/blog/project/)",(sitemap)
https://pandaexteriors.com/blog/project/panda-ext-7430-7/,"listed only in the sitemap, not linked from any page (/blog/project/)",(sitemap)
https://pandaexteriors.com/blog/project/panda-ext-7430/,"listed only in the sitemap, not linked from any page (/blog/project/)",(sitemap)
https://pandaexteriors.com/blog/project/panda-ext-7433-2/,"listed only in the sitemap, not linked from any page (/blog/project/)",(sitemap)
https://pandaexteriors.com/blog/project/panda-ext-7433-3/,"listed only in the sitemap, not linked from any page (/blog/project/)",(sitemap)
https://pandaexteriors.com/blog/project/panda-ext-7433-4/,"listed only in the sitemap, not linked from any page (/blog/project/)",(sitemap)
https://pandaexteriors.com/blog/project/panda-ext-7433-5/,"listed only in the sitemap, not linked from any page (/blog/project/)",(sitemap)
https://pandaexteriors.com/blog/project/panda-ext-7433-6/,"listed only in the sitemap, not linked from any page (/blog/project/)",(sitemap)
https://pandaexteriors.com/blog/project/panda-ext-7433-7/,"listed only in the sitemap, not linked from any page (/blog/project/)",(sitemap)
https://pandaexteriors.com/blog/project/panda-ext-7433/,"listed only in the sitemap, not linked from any page (/blog/project/)",(sitemap)
https://pandaexteriors.com/blog/project/panda-ext-7434/,"listed only in the sitemap, not linked from any page (/blog/project/)",(sitemap)
https://pandaexteriors.com/blog/project/panda-ext-7439/,"listed only in the sitemap, not linked from any page (/blog/project/)",(sitemap)
https://pandaexteriors.com/blog/project/panda-ext-7448/,"listed only in the sitemap, not linked from any page (/blog/project/)",(sitemap)
https://pandaexteriors.com/blog/project/panda-ext-7452/,"listed only in the sitemap, not linked from any page (/blog/project/)",(sitemap)
https://pandaexteriors.com/blog/project/panda-ext-7453/,"listed only in the sitemap, not linked from any page (/blog/project/)",(sitemap)
https://pandaexteriors.com/blog/project/panda-ext-7457/,"listed only in the sitemap, not linked from any page (/blog/project/)",(sitemap)
https://pandaexteriors.com/blog/project/panda-ext-7459-2/,"listed only in the sitemap, not linked from any page (/blog/project/)",(sitemap)
https://pandaexteriors.com/blog/project/panda-ext-7459-3/,"listed only in the sitemap, not linked from any page (/blog/project/)",(sitemap)
https://pandaexteriors.com/blog/project/panda-ext-7459-4/,"listed only in the sitemap, not linked from any page (/blog/project/)",(sitemap)
https://pandaexteriors.com/blog/project/panda-ext-7459-5/,"listed only in the sitemap, not linked from any page (/blog/project/)",(sitemap)
https://pandaexteriors.com/blog/project/panda-ext-7459-6/,"listed only in the sitemap, not linked from any page (/blog/project/)",(sitemap)
https://pandaexteriors.com/blog/project/panda-ext-7459-7/,"listed only in the sitemap, not linked from any page (/blog/project/)",(sitemap)
https://pandaexteriors.com/blog/project/panda-ext-7459/,"listed only in the sitemap, not linked from any page (/blog/project/)",(sitemap)
https://pandaexteriors.com/blog/project/panda-ext-7470/,"listed only in the sitemap, not linked from any page (/blog/project/)",(sitemap)
https://pandaexteriors.com/blog/project/panda-ext-7471-2/,"listed only in the sitemap, not linked from any page (/blog/project/)",(sitemap)
https://pandaexteriors.com/blog/project/panda-ext-7471-3/,"listed only in the sitemap, not linked from any page (/blog/project/)",(sitemap)
https://pandaexteriors.com/blog/project/panda-ext-7471-6/,"listed only in the sitemap, not linked from any page (/blog/project/)",(sitemap)
https://pandaexteriors.com/blog/project/panda-ext-7471-7/,"listed only in the sitemap, not linked from any page (/blog/project/)",(sitemap)
https://pandaexteriors.com/blog/project/panda-ext-7471/,"listed only in the sitemap, not linked from any page (/blog/project/)",(sitemap)
https://pandaexteriors.com/blog/project/panda-ext-7472-3/,"listed only in the sitemap, not linked from any page (/blog/project/)",(sitemap)
https://pandaexteriors.com/blog/project/panda-ext-7472-5/,"listed only in the sitemap, not linked from any page (/blog/project/)",(sitemap)
https://pandaexteriors.com/blog/project/panda-ext-7472/,"listed only in the sitemap, not linked from any page (/blog/project/)",(sitemap)
https://pandaexteriors.com/blog/project/panda-ext-7474/,"listed only in the sitemap, not linked from any page (/blog/project/)",(sitemap)
https://pandaexteriors.com/blog/project/panda-ext-7475-2/,"listed only in the sitemap, not linked from any page (/blog/project/)",(sitemap)
https://pandaexteriors.com/blog/project/panda-ext-7475-3/,"listed only in the sitemap, not linked from any page (/blog/project/)",(sitemap)
https://pandaexteriors.com/blog/project/panda-ext-7475-4/,"listed only in the sitemap, not linked from any page (/blog/project/)",(sitemap)
https://pandaexteriors.com/blog/project/panda-ext-7475-7/,"listed only in the sitemap, not linked from any page (/blog/project/)",(sitemap)
https://pandaexteriors.com/blog/project/panda-ext-7477-2/,"listed only in the sitemap, not linked from any page (/blog/project/)",(sitemap)
https://pandaexteriors.com/blog/project/panda-ext-7477-3/,"listed only in the sitemap, not linked from any page (/blog/project/)",(sitemap)
https://pandaexteriors.com/blog/project/panda-ext-7477-4/,"listed only in the sitemap, not linked from any page (/blog/project/)",(sitemap)
https://pandaexteriors.com/blog/project/panda-ext-7477-5/,"listed only in the sitemap, not linked from any page (/blog/project/)",(sitemap)
https://pandaexteriors.com/blog/project/panda-ext-7477-6/,"listed only in the sitemap, not linked from any page (/blog/project/)",(sitemap)
https://pandaexteriors.com/blog/project/panda-ext-7477-7/,"listed only in the sitemap, not linked from any page (/blog/project/)",(sitemap)
https://pandaexteriors.com/blog/project/panda-ext-7477/,"listed only in the sitemap, not linked from any page (/blog/project/)",(sitemap)
https://pandaexteriors.com/blog/project/panda-ext-7478-2/,"listed only in the sitemap, not linked from any page (/blog/project/)",(sitemap)
https://pandaexteriors.com/blog/project/panda-ext-7478-3/,"listed only in the sitemap, not linked from any page (/blog/project/)",(sitemap)
https://pandaexteriors.com/blog/project/panda-ext-7478-4/,"listed only in the sitemap, not linked from any page (/blog/project/)",(sitemap)
https://pandaexteriors.com/blog/project/panda-ext-7478-5/,"listed only in the sitemap, not linked from any page (/blog/project/)",(sitemap)
https://pandaexteriors.com/blog/project/panda-ext-7478-6/,"listed only in the sitemap, not linked from any page (/blog/project/)",(sitemap)
https://pandaexteriors.com/blog/project/panda-ext-7478-7/,"listed only in the sitemap, not linked from any page (/blog/project/)",(sitemap)
https://pandaexteriors.com/blog/project/panda-ext-7478/,"listed only in the sitemap, not linked from any page (/blog/project/)",(sitemap)
https://pandaexteriors.com/blog/project/panda-ext-7483/,"listed only in the sitemap, not linked from any page (/blog/project/)",(sitemap)
https://pandaexteriors.com/blog/project/panda-ext-7484/,"listed only in the sitemap, not linked from any page (/blog/project/)",(sitemap)
https://pandaexteriors.com/blog/project/panda-ext-7485/,"listed only in the sitemap, not linked from any page (/blog/project/)",(sitemap)
https://pandaexteriors.com/blog/project/panda-ext-7486/,"listed only in the sitemap, not linked from any page (/blog/project/)",(sitemap)
https://pandaexteriors.com/blog/project/panda-ext-7491/,"listed only in the sitemap, not linked from any page (/blog/project/)",(sitemap)
https://pandaexteriors.com/blog/project/panda-ext-7493/,"listed only in the sitemap, not linked from any page (/blog/project/)",(sitemap)
https://pandaexteriors.com/blog/project/panda-ext-7494/,"listed only in the sitemap, not linked from any page (/blog/project/)",(sitemap)
https://pandaexteriors.com/blog/project/panda-ext-7499-2/,"listed only in the sitemap, not linked from any page (/blog/project/)",(sitemap)
https://pandaexteriors.com/blog/project/panda-ext-7499-3/,"listed only in the sitemap, not linked from any page (/blog/project/)",(sitemap)
https://pandaexteriors.com/blog/project/panda-ext-7499-4/,"listed only in the sitemap, not linked from any page (/blog/project/)",(sitemap)
https://pandaexteriors.com/blog/project/panda-ext-7499-5/,"listed only in the sitemap, not linked from any page (/blog/project/)",(sitemap)
https://pandaexteriors.com/blog/project/panda-ext-7499-6/,"listed only in the sitemap, not linked from any page (/blog/project/)",(sitemap)
https://pandaexteriors.com/blog/project/panda-ext-7499-7/,"listed only in the sitemap, not linked from any page (/blog/project/)",(sitemap)
https://pandaexteriors.com/blog/project/panda-ext-7499-8/,"listed only in the sitemap, not linked from any page (/blog/project/)",(sitemap)
https://pandaexteriors.com/blog/project/panda-ext-7499/,"listed only in the sitemap, not linked from any page (/blog/project/)",(sitemap)
https://pandaexteriors.com/blog/project/panda-ext-7500/,"listed only in the sitemap, not linked from any page (/blog/project/)",(sitemap)
https://pandaexteriors.com/blog/project/panda-ext-7502-2/,"listed only in the sitemap, not linked from any page (/blog/project/)",(sitemap)
https://pandaexteriors.com/blog/project/panda-ext-7502-3/,"listed only in the sitemap, not linked from any page (/blog/project/)",(sitemap)
https://pandaexteriors.com/blog/project/panda-ext-7502-4/,"listed only in the sitemap, not linked from any page (/blog/project/)",(sitemap)
https://pandaexteriors.com/blog/project/panda-ext-7502-5/,"listed only in the sitemap, not linked from any page (/blog/project/)",(sitemap)
https://pandaexteriors.com/blog/project/panda-ext-7502-6/,"listed only in the sitemap, not linked from any page (/blog/project/)",(sitemap)
https://pandaexteriors.com/blog/project/panda-ext-7502-7/,"listed only in the sitemap, not linked from any page (/blog/project/)",(sitemap)
https://pandaexteriors.com/blog/project/panda-ext-7502/,"listed only in the sitemap, not linked from any page (/blog/project/)",(sitemap)
https://pandaexteriors.com/blog/project/panda-ext-7503-2/,"listed only in the sitemap, not linked from any page (/blog/project/)",(sitemap)
https://pandaexteriors.com/blog/project/panda-ext-7503-3/,"listed only in the sitemap, not linked from any page (/blog/project/)",(sitemap)
https://pandaexteriors.com/blog/project/panda-ext-7503-4/,"listed only in the sitemap, not linked from any page (/blog/project/)",(sitemap)
https://pandaexteriors.com/blog/project/panda-ext-7503-5/,"listed only in the sitemap, not linked from any page (/blog/project/)",(sitemap)
https://pandaexteriors.com/blog/project/panda-ext-7503-6/,"listed only in the sitemap, not linked from any page (/blog/project/)",(sitemap)
https://pandaexteriors.com/blog/project/panda-ext-7503-7/,"listed only in the sitemap, not linked from any page (/blog/project/)",(sitemap)
https://pandaexteriors.com/blog/project/panda-ext-7503/,"listed only in the sitemap, not linked from any page (/blog/project/)",(sitemap)
https://pandaexteriors.com/blog/project/panda-ext-7509/,"listed only in the sitemap, not linked from any page (/blog/project/)",(sitemap)
https://pandaexteriors.com/blog/project/panda-ext-7512/,"listed only in the sitemap, not linked from any page (/blog/project/)",(sitemap)
https://pandaexteriors.com/blog/project/panda-ext-7513-2/,"listed only in the sitemap, not linked from any page (/blog/project/)",(sitemap)
https://pandaexteriors.com/blog/project/panda-ext-7513-3/,"listed only in the sitemap, not linked from any page (/blog/project/)",(sitemap)
https://pandaexteriors.com/blog/project/panda-ext-7513-4/,"listed only in the sitemap, not linked from any page (/blog/project/)",(sitemap)
https://pandaexteriors.com/blog/project/panda-ext-7513-5/,"listed only in the sitemap, not linked from any page (/blog/project/)",(sitemap)
https://pandaexteriors.com/blog/project/panda-ext-7513-6/,"listed only in the sitemap, not linked from any page (/blog/project/)",(sitemap)
https://pandaexteriors.com/blog/project/panda-ext-7513-7/,"listed only in the sitemap, not linked from any page (/blog/project/)",(sitemap)
https://pandaexteriors.com/blog/project/panda-ext-7513/,"listed only in the sitemap, not linked from any page (/blog/project/)",(sitemap)
https://pandaexteriors.com/blog/project/panda-ext-7514/,"listed only in the sitemap, not linked from any page (/blog/project/)",(sitemap)
https://pandaexteriors.com/blog/project/panda-ext-7515/,"listed only in the sitemap, not linked from any page (/blog/project/)",(sitemap)
https://pandaexteriors.com/blog/project/panda-ext-7518-2/,"listed only in the sitemap, not linked from any page (/blog/project/)",(sitemap)
https://pandaexteriors.com/blog/project/panda-ext-7518-3/,"listed only in the sitemap, not linked from any page (/blog/project/)",(sitemap)
https://pandaexteriors.com/blog/project/panda-ext-7518-4/,"listed only in the sitemap, not linked from any page (/blog/project/)",(sitemap)
https://pandaexteriors.com/blog/project/panda-ext-7518-5/,"listed only in the sitemap, not linked from any page (/blog/project/)",(sitemap)
https://pandaexteriors.com/blog/project/panda-ext-7518-6/,"listed only in the sitemap, not linked from any page (/blog/project/)",(sitemap)
https://pandaexteriors.com/blog/project/panda-ext-7518-7/,"listed only in the sitemap, not linked from any page (/blog/project/)",(sitemap)
https://pandaexteriors.com/blog/project/panda-ext-7518/,"listed only in the sitemap, not linked from any page (/blog/project/)",(sitemap)
https://pandaexteriors.com/blog/project/panda-ext-7523-2/,"listed only in the sitemap, not linked from any page (/blog/project/)",(sitemap)
https://pandaexteriors.com/blog/project/panda-ext-7523-3/,"listed only in the sitemap, not linked from any page (/blog/project/)",(sitemap)
https://pandaexteriors.com/blog/project/panda-ext-7523-4/,"listed only in the sitemap, not linked from any page (/blog/project/)",(sitemap)
https://pandaexteriors.com/blog/project/panda-ext-7523-5/,"listed only in the sitemap, not linked from any page (/blog/project/)",(sitemap)
https://pandaexteriors.com/blog/project/panda-ext-7523-6/,"listed only in the sitemap, not linked from any page (/blog/project/)",(sitemap)
https://pandaexteriors.com/blog/project/panda-ext-7523-7/,"listed only in the sitemap, not linked from any page (/blog/project/)",(sitemap)
https://pandaexteriors.com/blog/project/panda-ext-7523/,"listed only in the sitemap, not linked from any page (/blog/project/)",(sitemap)
https://pandaexteriors.com/blog/project/panda-ext-7524-2/,"listed only in the sitemap, not linked from any page (/blog/project/)",(sitemap)
https://pandaexteriors.com/blog/project/panda-ext-7524-3/,"listed only in the sitemap, not linked from any page (/blog/project/)",(sitemap)
https://pandaexteriors.com/blog/project/panda-ext-7524-4/,"listed only in the sitemap, not linked from any page (/blog/project/)",(sitemap)
https://pandaexteriors.com/blog/project/panda-ext-7524-5/,"listed only in the sitemap, not linked from any page (/blog/project/)",(sitemap)
https://pandaexteriors.com/blog/project/panda-ext-7524-6/,"listed only in the sitemap, not linked from any page (/blog/project/)",(sitemap)
https://pandaexteriors.com/blog/project/panda-ext-7524-7/,"listed only in the sitemap, not linked from any page (/blog/project/)",(sitemap)
https://pandaexteriors.com/blog/project/panda-ext-7524/,"listed only in the sitemap, not linked from any page (/blog/project/)",(sitemap)
https://pandaexteriors.com/blog/project/panda-ext-7526/,"listed only in the sitemap, not linked from any page (/blog/project/)",(sitemap)
https://pandaexteriors.com/blog/project/panda-ext-7527-2/,"listed only in the sitemap, not linked from any page (/blog/project/)",(sitemap)
https://pandaexteriors.com/blog/project/panda-ext-7527-3/,"listed only in the sitemap, not linked from any page (/blog/project/)",(sitemap)
https://pandaexteriors.com/blog/project/panda-ext-7527-4/,"listed only in the sitemap, not linked from any page (/blog/project/)",(sitemap)
https://pandaexteriors.com/blog/project/panda-ext-7527-5/,"listed only in the sitemap, not linked from any page (/blog/project/)",(sitemap)
https://pandaexteriors.com/blog/project/panda-ext-7527-6/,"listed only in the sitemap, not linked from any page (/blog/project/)",(sitemap)
https://pandaexteriors.com/blog/project/panda-ext-7529-2/,"listed only in the sitemap, not linked from any page (/blog/project/)",(sitemap)
https://pandaexteriors.com/blog/project/panda-ext-7529-3/,"listed only in the sitemap, not linked from any page (/blog/project/)",(sitemap)
https://pandaexteriors.com/blog/project/panda-ext-7529-4/,"listed only in the sitemap, not linked from any page (/blog/project/)",(sitemap)
https://pandaexteriors.com/blog/project/panda-ext-7529-5/,"listed only in the sitemap, not linked from any page (/blog/project/)",(sitemap)
https://pandaexteriors.com/blog/project/panda-ext-7529-6/,"listed only in the sitemap, not linked from any page (/blog/project/)",(sitemap)
https://pandaexteriors.com/blog/project/panda-ext-7529-7/,"listed only in the sitemap, not linked from any page (/blog/project/)",(sitemap)
https://pandaexteriors.com/blog/project/panda-ext-7529/,"listed only in the sitemap, not linked from any page (/blog/project/)",(sitemap)
https://pandaexteriors.com/blog/project/panda-ext-7530/,"listed only in the sitemap, not linked from any page (/blog/project/)",(sitemap)
https://pandaexteriors.com/blog/project/panda-ext-7532/,"listed only in the sitemap, not linked from any page (/blog/project/)",(sitemap)
https://pandaexteriors.com/blog/project/panda-ext-7543/,"listed only in the sitemap, not linked from any page (/blog/project/)",(sitemap)
https://pandaexteriors.com/blog/project/panda-ext-7547/,"listed only in the sitemap, not linked from any page (/blog/project/)",(sitemap)
https://pandaexteriors.com/blog/project/panda-ext-7549/,"listed only in the sitemap, not linked from any page (/blog/project/)",(sitemap)
https://pandaexteriors.com/blog/project/panda-ext-7550-2/,"listed only in the sitemap, not linked from any page (/blog/project/)",(sitemap)
https://pandaexteriors.com/blog/project/panda-ext-7550-3/,"listed only in the sitemap, not linked from any page (/blog/project/)",(sitemap)
https://pandaexteriors.com/blog/project/panda-ext-7550-4/,"listed only in the sitemap, not linked from any page (/blog/project/)",(sitemap)
https://pandaexteriors.com/blog/project/panda-ext-7550-5/,"listed only in the sitemap, not linked from any page (/blog/project/)",(sitemap)
https://pandaexteriors.com/blog/project/panda-ext-7550/,"listed only in the sitemap, not linked from any page (/blog/project/)",(sitemap)
https://pandaexteriors.com/blog/project/panda-ext-7553-2/,"listed only in the sitemap, not linked from any page (/blog/project/)",(sitemap)
https://pandaexteriors.com/blog/project/panda-ext-7553-4/,"listed only in the sitemap, not linked from any page (/blog/project/)",(sitemap)
https://pandaexteriors.com/blog/project/panda-ext-7553-5/,"listed only in the sitemap, not linked from any page (/blog/project/)",(sitemap)
https://pandaexteriors.com/blog/project/panda-ext-7553-6/,"listed only in the sitemap, not linked from any page (/blog/project/)",(sitemap)
https://pandaexteriors.com/blog/project/panda-ext-7555-2/,"listed only in the sitemap, not linked from any page (/blog/project/)",(sitemap)
https://pandaexteriors.com/blog/project/panda-ext-7555-3/,"listed only in the sitemap, not linked from any page (/blog/project/)",(sitemap)
https://pandaexteriors.com/blog/project/panda-ext-7555-4/,"listed only in the sitemap, not linked from any page (/blog/project/)",(sitemap)
https://pandaexteriors.com/blog/project/panda-ext-7555-5/,"listed only in the sitemap, not linked from any page (/blog/project/)",(sitemap)
https://pandaexteriors.com/blog/project/panda-ext-7555/,"listed only in the sitemap, not linked from any page (/blog/project/)",(sitemap)
https://pandaexteriors.com/blog/project/panda-ext-7556/,"listed only in the sitemap, not linked from any page (/blog/project/)",(sitemap)
https://pandaexteriors.com/blog/project/panda-ext-7557-2/,"listed only in the sitemap, not linked from any page (/blog/project/)",(sitemap)
https://pandaexteriors.com/blog/project/panda-ext-7557-3/,"listed only in the sitemap, not linked from any page (/blog/project/)",(sitemap)
https://pandaexteriors.com/blog/project/panda-ext-7557-4/,"listed only in the sitemap, not linked from any page (/blog/project/)",(sitemap)
https://pandaexteriors.com/blog/project/panda-ext-7557-5/,"listed only in the sitemap, not linked from any page (/blog/project/)",(sitemap)
https://pandaexteriors.com/blog/project/panda-ext-7557-6/,"listed only in the sitemap, not linked from any page (/blog/project/)",(sitemap)
https://pandaexteriors.com/blog/project/panda-ext-7557-7/,"listed only in the sitemap, not linked from any page (/blog/project/)",(sitemap)
https://pandaexteriors.com/blog/project/panda-ext-7557/,"listed only in the sitemap, not linked from any page (/blog/project/)",(sitemap)
https://pandaexteriors.com/blog/project/panda-ext-7558-2/,"listed only in the sitemap, not linked from any page (/blog/project/)",(sitemap)
https://pandaexteriors.com/blog/project/panda-ext-7558-3/,"listed only in the sitemap, not linked from any page (/blog/project/)",(sitemap)
https://pandaexteriors.com/blog/project/panda-ext-7558-4/,"listed only in the sitemap, not linked from any page (/blog/project/)",(sitemap)
https://pandaexteriors.com/blog/project/panda-ext-7558-5/,"listed only in the sitemap, not linked from any page (/blog/project/)",(sitemap)
https://pandaexteriors.com/blog/project/panda-ext-7558-6/,"listed only in the sitemap, not linked from any page (/blog/project/)",(sitemap)
https://pandaexteriors.com/blog/project/panda-ext-7558-7/,"listed only in the sitemap, not linked from any page (/blog/project/)",(sitemap)
https://pandaexteriors.com/blog/project/panda-ext-7558/,"listed only in the sitemap, not linked from any page (/blog/project/)",(sitemap)
https://pandaexteriors.com/blog/project/panda-ext-7559/,"listed only in the sitemap, not linked from any page (/blog/project/)",(sitemap)
https://pandaexteriors.com/blog/project/panda-ext-7561/,"listed only in the sitemap, not linked from any page (/blog/project/)",(sitemap)
https://pandaexteriors.com/blog/project/panda-ext-7562/,"listed only in the sitemap, not linked from any page (/blog/project/)",(sitemap)
https://pandaexteriors.com/blog/project/panda-ext-7563-2/,"listed only in the sitemap, not linked from any page (/blog/project/)",(sitemap)
https://pandaexteriors.com/blog/project/panda-ext-7563-3/,"listed only in the sitemap, not linked from any page (/blog/project/)",(sitemap)
https://pandaexteriors.com/blog/project/panda-ext-7563-4/,"listed only in the sitemap, not linked from any page (/blog/project/)",(sitemap)
https://pandaexteriors.com/blog/project/panda-ext-7563-5/,"listed only in the sitemap, not linked from any page (/blog/project/)",(sitemap)
https://pandaexteriors.com/blog/project/panda-ext-7563-6/,"listed only in the sitemap, not linked from any page (/blog/project/)",(sitemap)
https://pandaexteriors.com/blog/project/panda-ext-7563-7/,"listed only in the sitemap, not linked from any page (/blog/project/)",(sitemap)
https://pandaexteriors.com/blog/project/panda-ext-7563/,"listed only in the sitemap, not linked from any page (/blog/project/)",(sitemap)
https://pandaexteriors.com/blog/project/panda-ext-7573-2/,"listed only in the sitemap, not linked from any page (/blog/project/)",(sitemap)
https://pandaexteriors.com/blog/project/panda-ext-7573-3/,"listed only in the sitemap, not linked from any page (/blog/project/)",(sitemap)
https://pandaexteriors.com/blog/project/panda-ext-7573-4/,"listed only in the sitemap, not linked from any page (/blog/project/)",(sitemap)
https://pandaexteriors.com/blog/project/panda-ext-7573-5/,"listed only in the sitemap, not linked from any page (/blog/project/)",(sitemap)
https://pandaexteriors.com/blog/project/panda-ext-7573-6/,"listed only in the sitemap, not linked from any page (/blog/project/)",(sitemap)
https://pandaexteriors.com/blog/project/panda-ext-7573-7/,"listed only in the sitemap, not linked from any page (/blog/project/)",(sitemap)
https://pandaexteriors.com/blog/project/panda-ext-7573-8/,"listed only in the sitemap, not linked from any page (/blog/project/)",(sitemap)
https://pandaexteriors.com/blog/project/panda-ext-7573/,"listed only in the sitemap, not linked from any page (/blog/project/)",(sitemap)
https://pandaexteriors.com/blog/project/panda-ext-7580-2/,"listed only in the sitemap, not linked from any page (/blog/project/)",(sitemap)
https://pandaexteriors.com/blog/project/panda-ext-7580-5/,"listed only in the sitemap, not linked from any page (/blog/project/)",(sitemap)
https://pandaexteriors.com/blog/project/panda-ext-7580/,"listed only in the sitemap, not linked from any page (/blog/project/)",(sitemap)
https://pandaexteriors.com/blog/project/panda-ext-7582/,"listed only in the sitemap, not linked from any page (/blog/project/)",(sitemap)
https://pandaexteriors.com/blog/project/panda-ext-7583-2/,"listed only in the sitemap, not linked from any page (/blog/project/)",(sitemap)
https://pandaexteriors.com/blog/project/panda-ext-7583-3/,"listed only in the sitemap, not linked from any page (/blog/project/)",(sitemap)
https://pandaexteriors.com/blog/project/panda-ext-7583-4/,"listed only in the sitemap, not linked from any page (/blog/project/)",(sitemap)
https://pandaexteriors.com/blog/project/panda-ext-7583-5/,"listed only in the sitemap, not linked from any page (/blog/project/)",(sitemap)
https://pandaexteriors.com/blog/project/panda-ext-7583-6/,"listed only in the sitemap, not linked from any page (/blog/project/)",(sitemap)
https://pandaexteriors.com/blog/project/panda-ext-7583-7/,"listed only in the sitemap, not linked from any page (/blog/project/)",(sitemap)
https://pandaexteriors.com/blog/project/panda-ext-7583/,"listed only in the sitemap, not linked from any page (/blog/project/)",(sitemap)
https://pandaexteriors.com/blog/project/panda-ext-7584/,"listed only in the sitemap, not linked from any page (/blog/project/)",(sitemap)
https://pandaexteriors.com/blog/project/panda-ext-7585-2/,"listed only in the sitemap, not linked from any page (/blog/project/)",(sitemap)
https://pandaexteriors.com/blog/project/panda-ext-7585-3/,"listed only in the sitemap, not linked from any page (/blog/project/)",(sitemap)
https://pandaexteriors.com/blog/project/panda-ext-7585-4/,"listed only in the sitemap, not linked from any page (/blog/project/)",(sitemap)
https://pandaexteriors.com/blog/project/panda-ext-7585-5/,"listed only in the sitemap, not linked from any page (/blog/project/)",(sitemap)
https://pandaexteriors.com/blog/project/panda-ext-7585-6/,"listed only in the sitemap, not linked from any page (/blog/project/)",(sitemap)
https://pandaexteriors.com/blog/project/panda-ext-7585-7/,"listed only in the sitemap, not linked from any page (/blog/project/)",(sitemap)
https://pandaexteriors.com/blog/project/panda-ext-7585/,"listed only in the sitemap, not linked from any page (/blog/project/)",(sitemap)
https://pandaexteriors.com/blog/project/panda-ext-7587-2/,"listed only in the sitemap, not linked from any page (/blog/project/)",(sitemap)
https://pandaexteriors.com/blog/project/panda-ext-7587-3/,"listed only in the sitemap, not linked from any page (/blog/project/)",(sitemap)
https://pandaexteriors.com/blog/project/panda-ext-7587-4/,"listed only in the sitemap, not linked from any page (/blog/project/)",(sitemap)
https://pandaexteriors.com/blog/project/panda-ext-7587-5/,"listed only in the sitemap, not linked from any page (/blog/project/)",(sitemap)
https://pandaexteriors.com/blog/project/panda-ext-7587-6/,"listed only in the sitemap, not linked from any page (/blog/project/)",(sitemap)
https://pandaexteriors.com/blog/project/panda-ext-7587-7/,"listed only in the sitemap, not linked from any page (/blog/project/)",(sitemap)
https://pandaexteriors.com/blog/project/panda-ext-7587/,"listed only in the sitemap, not linked from any page (/blog/project/)",(sitemap)
https://pandaexteriors.com/blog/project/panda-ext-7594/,"listed only in the sitemap, not linked from any page (/blog/project/)",(sitemap)
https://pandaexteriors.com/blog/project/panda-ext-7597/,"listed only in the sitemap, not linked from any page (/blog/project/)",(sitemap)
https://pandaexteriors.com/blog/project/panda-ext-7598/,"listed only in the sitemap, not linked from any page (/blog/project/)",(sitemap)
https://pandaexteriors.com/blog/project/panda-ext-7599-2/,"listed only in the sitemap, not linked from any page (/blog/project/)",(sitemap)
https://pandaexteriors.com/blog/project/panda-ext-7599-3/,"listed only in the sitemap, not linked from any page (/blog/project/)",(sitemap)
https://pandaexteriors.com/blog/project/panda-ext-7599-4/,"listed only in the sitemap, not linked from any page (/blog/project/)",(sitemap)
https://pandaexteriors.com/blog/project/panda-ext-7599-5/,"listed only in the sitemap, not linked from any page (/blog/project/)",(sitemap)
https://pandaexteriors.com/blog/project/panda-ext-7599/,"listed only in the sitemap, not linked from any page (/blog/project/)",(sitemap)
https://pandaexteriors.com/blog/project/panda-ext-7601/,"listed only in the sitemap, not linked from any page (/blog/project/)",(sitemap)
https://pandaexteriors.com/blog/project/panda-ext-7602/,"listed only in the sitemap, not linked from any page (/blog/project/)",(sitemap)
https://pandaexteriors.com/blog/project/panda-ext-7603/,"listed only in the sitemap, not linked from any page (/blog/project/)",(sitemap)
https://pandaexteriors.com/blog/project/panda-ext-7605/,"listed only in the sitemap, not linked from any page (/blog/project/)",(sitemap)
https://pandaexteriors.com/blog/project/panda-ext-7608-2/,"listed only in the sitemap, not linked from any page (/blog/project/)",(sitemap)
https://pandaexteriors.com/blog/project/panda-ext-7608-3/,"listed only in the sitemap, not linked from any page (/blog/project/)",(sitemap)
https://pandaexteriors.com/blog/project/panda-ext-7608-7/,"listed only in the sitemap, not linked from any page (/blog/project/)",(sitemap)
https://pandaexteriors.com/blog/project/panda-ext-7608/,"listed only in the sitemap, not linked from any page (/blog/project/)",(sitemap)
https://pandaexteriors.com/blog/project/panda-ext-7609-2/,"listed only in the sitemap, not linked from any page (/blog/project/)",(sitemap)
https://pandaexteriors.com/blog/project/panda-ext-7609-3/,"listed only in the sitemap, not linked from any page (/blog/project/)",(sitemap)
https://pandaexteriors.com/blog/project/panda-ext-7609-4/,"listed only in the sitemap, not linked from any page (/blog/project/)",(sitemap)
https://pandaexteriors.com/blog/project/panda-ext-7609-5/,"listed only in the sitemap, not linked from any page (/blog/project/)",(sitemap)
https://pandaexteriors.com/blog/project/panda-ext-7609-6/,"listed only in the sitemap, not linked from any page (/blog/project/)",(sitemap)
https://pandaexteriors.com/blog/project/panda-ext-7609-7/,"listed only in the sitemap, not linked from any page (/blog/project/)",(sitemap)
https://pandaexteriors.com/blog/project/panda-ext-7609/,"listed only in the sitemap, not linked from any page (/blog/project/)",(sitemap)
https://pandaexteriors.com/blog/project/panda-ext-7611/,"listed only in the sitemap, not linked from any page (/blog/project/)",(sitemap)
https://pandaexteriors.com/blog/project/panda-ext-7620/,"listed only in the sitemap, not linked from any page (/blog/project/)",(sitemap)
https://pandaexteriors.com/blog/project/panda-ext-7621-2/,"listed only in the sitemap, not linked from any page (/blog/project/)",(sitemap)
https://pandaexteriors.com/blog/project/panda-ext-7621-3/,"listed only in the sitemap, not linked from any page (/blog/project/)",(sitemap)
https://pandaexteriors.com/blog/project/panda-ext-7621-4/,"listed only in the sitemap, not linked from any page (/blog/project/)",(sitemap)
https://pandaexteriors.com/blog/project/panda-ext-7621-5/,"listed only in the sitemap, not linked from any page (/blog/project/)",(sitemap)
https://pandaexteriors.com/blog/project/panda-ext-7621/,"listed only in the sitemap, not linked from any page (/blog/project/)",(sitemap)
https://pandaexteriors.com/blog/project/panda-ext-7622/,"listed only in the sitemap, not linked from any page (/blog/project/)",(sitemap)
https://pandaexteriors.com/blog/project/panda-ext-7624/,"listed only in the sitemap, not linked from any page (/blog/project/)",(sitemap)
https://pandaexteriors.com/blog/project/panda-ext-7625-2/,"listed only in the sitemap, not linked from any page (/blog/project/)",(sitemap)
https://pandaexteriors.com/blog/project/panda-ext-7625-3/,"listed only in the sitemap, not linked from any page (/blog/project/)",(sitemap)
https://pandaexteriors.com/blog/project/panda-ext-7625-4/,"listed only in the sitemap, not linked from any page (/blog/project/)",(sitemap)
https://pandaexteriors.com/blog/project/panda-ext-7625-5/,"listed only in the sitemap, not linked from any page (/blog/project/)",(sitemap)
https://pandaexteriors.com/blog/project/panda-ext-7625-6/,"listed only in the sitemap, not linked from any page (/blog/project/)",(sitemap)
https://pandaexteriors.com/blog/project/panda-ext-7625-7/,"listed only in the sitemap, not linked from any page (/blog/project/)",(sitemap)
https://pandaexteriors.com/blog/project/panda-ext-7625/,"listed only in the sitemap, not linked from any page (/blog/project/)",(sitemap)
https://pandaexteriors.com/blog/project/panda-ext-7627-2/,"listed only in the sitemap, not linked from any page (/blog/project/)",(sitemap)
https://pandaexteriors.com/blog/project/panda-ext-7627-3/,"listed only in the sitemap, not linked from any page (/blog/project/)",(sitemap)
https://pandaexteriors.com/blog/project/panda-ext-7627-4/,"listed only in the sitemap, not linked from any page (/blog/project/)",(sitemap)
https://pandaexteriors.com/blog/project/panda-ext-7627-5/,"listed only in the sitemap, not linked from any page (/blog/project/)",(sitemap)
https://pandaexteriors.com/blog/project/panda-ext-7627-6/,"listed only in the sitemap, not linked from any page (/blog/project/)",(sitemap)
https://pandaexteriors.com/blog/project/panda-ext-7627-7/,"listed only in the sitemap, not linked from any page (/blog/project/)",(sitemap)
https://pandaexteriors.com/blog/project/panda-ext-7627/,"listed only in the sitemap, not linked from any page (/blog/project/)",(sitemap)
https://pandaexteriors.com/blog/project/panda-ext-7628/,"listed only in the sitemap, not linked from any page (/blog/project/)",(sitemap)
https://pandaexteriors.com/blog/project/panda-ext-7634/,"listed only in the sitemap, not linked from any page (/blog/project/)",(sitemap)
https://pandaexteriors.com/blog/project/panda-ext-7635/,"listed only in the sitemap, not linked from any page (/blog/project/)",(sitemap)
https://pandaexteriors.com/blog/project/panda-ext-7637/,"listed only in the sitemap, not linked from any page (/blog/project/)",(sitemap)
https://pandaexteriors.com/blog/project/panda-ext-7640-2/,"listed only in the sitemap, not linked from any page (/blog/project/)",(sitemap)
https://pandaexteriors.com/blog/project/panda-ext-7640-3/,"listed only in the sitemap, not linked from any page (/blog/project/)",(sitemap)
https://pandaexteriors.com/blog/project/panda-ext-7640-4/,"listed only in the sitemap, not linked from any page (/blog/project/)",(sitemap)
https://pandaexteriors.com/blog/project/panda-ext-7640-5/,"listed only in the sitemap, not linked from any page (/blog/project/)",(sitemap)
https://pandaexteriors.com/blog/project/panda-ext-7640-6/,"listed only in the sitemap, not linked from any page (/blog/project/)",(sitemap)
https://pandaexteriors.com/blog/project/panda-ext-7640-7/,"listed only in the sitemap, not linked from any page (/blog/project/)",(sitemap)
https://pandaexteriors.com/blog/project/panda-ext-7640/,"listed only in the sitemap, not linked from any page (/blog/project/)",(sitemap)
https://pandaexteriors.com/blog/project/panda-ext-7641/,"listed only in the sitemap, not linked from any page (/blog/project/)",(sitemap)
https://pandaexteriors.com/blog/project/panda-ext-7642/,"listed only in the sitemap, not linked from any page (/blog/project/)",(sitemap)
https://pandaexteriors.com/blog/project/panda-ext-7648/,"listed only in the sitemap, not linked from any page (/blog/project/)",(sitemap)
https://pandaexteriors.com/blog/project/panda-ext-7651/,"listed only in the sitemap, not linked from any page (/blog/project/)",(sitemap)
https://pandaexteriors.com/blog/project/panda-ext-7653/,"listed only in the sitemap, not linked from any page (/blog/project/)",(sitemap)
https://pandaexteriors.com/blog/project/panda-ext-7654/,"listed only in the sitemap, not linked from any page (/blog/project/)",(sitemap)
https://pandaexteriors.com/blog/project/panda-ext-7656-2/,"listed only in the sitemap, not linked from any page (/blog/project/)",(sitemap)
https://pandaexteriors.com/blog/project/panda-ext-7656-3/,"listed only in the sitemap, not linked from any page (/blog/project/)",(sitemap)
https://pandaexteriors.com/blog/project/panda-ext-7656-4/,"listed only in the sitemap, not linked from any page (/blog/project/)",(sitemap)
https://pandaexteriors.com/blog/project/panda-ext-7656-5/,"listed only in the sitemap, not linked from any page (/blog/project/)",(sitemap)
https://pandaexteriors.com/blog/project/panda-ext-7656/,"listed only in the sitemap, not linked from any page (/blog/project/)",(sitemap)
https://pandaexteriors.com/blog/project/panda-ext-7658/,"listed only in the sitemap, not linked from any page (/blog/project/)",(sitemap)
https://pandaexteriors.com/blog/project/panda-ext-7660-2/,"listed only in the sitemap, not linked from any page (/blog/project/)",(sitemap)
https://pandaexteriors.com/blog/project/panda-ext-7660-3/,"listed only in the sitemap, not linked from any page (/blog/project/)",(sitemap)
https://pandaexteriors.com/blog/project/panda-ext-7660-4/,"listed only in the sitemap, not linked from any page (/blog/project/)",(sitemap)
https://pandaexteriors.com/blog/project/panda-ext-7660-5/,"listed only in the sitemap, not linked from any page (/blog/project/)",(sitemap)
https://pandaexteriors.com/blog/project/panda-ext-7660-6/,"listed only in the sitemap, not linked from any page (/blog/project/)",(sitemap)
https://pandaexteriors.com/blog/project/panda-ext-7660-7/,"listed only in the sitemap, not linked from any page (/blog/project/)",(sitemap)
https://pandaexteriors.com/blog/project/panda-ext-7660/,"listed only in the sitemap, not linked from any page (/blog/project/)",(sitemap)
https://pandaexteriors.com/blog/project/panda-ext-7662-2/,"listed only in the sitemap, not linked from any page (/blog/project/)",(sitemap)
https://pandaexteriors.com/blog/project/panda-ext-7662-3/,"listed only in the sitemap, not linked from any page (/blog/project/)",(sitemap)
https://pandaexteriors.com/blog/project/panda-ext-7662-4/,"listed only in the sitemap, not linked from any page (/blog/project/)",(sitemap)
https://pandaexteriors.com/blog/project/panda-ext-7662-5/,"listed only in the sitemap, not linked from any page (/blog/project/)",(sitemap)
https://pandaexteriors.com/blog/project/panda-ext-7662-6/,"listed only in the sitemap, not linked from any page (/blog/project/)",(sitemap)
https://pandaexteriors.com/blog/project/panda-ext-7662-7/,"listed only in the sitemap, not linked from any page (/blog/project/)",(sitemap)
https://pandaexteriors.com/blog/project/panda-ext-7662-8/,"listed only in the sitemap, not linked from any page (/blog/project/)",(sitemap)
https://pandaexteriors.com/blog/project/panda-ext-7662/,"listed only in the sitemap, not linked from any page (/blog/project/)",(sitemap)
https://pandaexteriors.com/blog/project/panda-ext-7663-2/,"listed only in the sitemap, not linked from any page (/blog/project/)",(sitemap)
https://pandaexteriors.com/blog/project/panda-ext-7663-3/,"listed only in the sitemap, not linked from any page (/blog/project/)",(sitemap)
https://pandaexteriors.com/blog/project/panda-ext-7663-4/,"listed only in the sitemap, not linked from any page (/blog/project/)",(sitemap)
https://pandaexteriors.com/blog/project/panda-ext-7663-5/,"listed only in the sitemap, not linked from any page (/blog/project/)",(sitemap)
https://pandaexteriors.com/blog/project/panda-ext-7663-6/,"listed only in the sitemap, not linked from any page (/blog/project/)",(sitemap)
https://pandaexteriors.com/blog/project/panda-ext-7663-7/,"listed only in the sitemap, not linked from any page (/blog/project/)",(sitemap)
https://pandaexteriors.com/blog/project/panda-ext-7663/,"listed only in the sitemap, not linked from any page (/blog/project/)",(sitemap)
https://pandaexteriors.com/blog/project/panda-ext-7665-2/,"listed only in the sitemap, not linked from any page (/blog/project/)",(sitemap)
https://pandaexteriors.com/blog/project/panda-ext-7665-3/,"listed only in the sitemap, not linked from any page (/blog/project/)",(sitemap)
https://pandaexteriors.com/blog/project/panda-ext-7665-4/,"listed only in the sitemap, not linked from any page (/blog/project/)",(sitemap)
https://pandaexteriors.com/blog/project/panda-ext-7665-5/,"listed only in the sitemap, not linked from any page (/blog/project/)",(sitemap)
https://pandaexteriors.com/blog/project/panda-ext-7665-6/,"listed only in the sitemap, not linked from any page (/blog/project/)",(sitemap)
https://pandaexteriors.com/blog/project/panda-ext-7665-7/,"listed only in the sitemap, not linked from any page (/blog/project/)",(sitemap)
https://pandaexteriors.com/blog/project/panda-ext-7665/,"listed only in the sitemap, not linked from any page (/blog/project/)",(sitemap)
https://pandaexteriors.com/blog/project/panda-ext-7666/,"listed only in the sitemap, not linked from any page (/blog/project/)",(sitemap)
https://pandaexteriors.com/blog/project/panda-ext-7668-2/,"listed only in the sitemap, not linked from any page (/blog/project/)",(sitemap)
https://pandaexteriors.com/blog/project/panda-ext-7668-3/,"listed only in the sitemap, not linked from any page (/blog/project/)",(sitemap)
https://pandaexteriors.com/blog/project/panda-ext-7668-4/,"listed only in the sitemap, not linked from any page (/blog/project/)",(sitemap)
https://pandaexteriors.com/blog/project/panda-ext-7668-5/,"listed only in the sitemap, not linked from any page (/blog/project/)",(sitemap)
https://pandaexteriors.com/blog/project/panda-ext-7668-6/,"listed only in the sitemap, not linked from any page (/blog/project/)",(sitemap)
https://pandaexteriors.com/blog/project/panda-ext-7668-7/,"listed only in the sitemap, not linked from any page (/blog/project/)",(sitemap)
https://pandaexteriors.com/blog/project/panda-ext-7668/,"listed only in the sitemap, not linked from any page (/blog/project/)",(sitemap)
https://pandaexteriors.com/blog/project/panda-ext-7670-2/,"listed only in the sitemap, not linked from any page (/blog/project/)",(sitemap)
https://pandaexteriors.com/blog/project/panda-ext-7670-3/,"listed only in the sitemap, not linked from any page (/blog/project/)",(sitemap)
https://pandaexteriors.com/blog/project/panda-ext-7670-7/,"listed only in the sitemap, not linked from any page (/blog/project/)",(sitemap)
https://pandaexteriors.com/blog/project/panda-ext-7670-8/,"listed only in the sitemap, not linked from any page (/blog/project/)",(sitemap)
https://pandaexteriors.com/blog/project/panda-ext-7670/,"listed only in the sitemap, not linked from any page (/blog/project/)",(sitemap)
https://pandaexteriors.com/blog/project/panda-ext-7677/,"listed only in the sitemap, not linked from any page (/blog/project/)",(sitemap)
https://pandaexteriors.com/blog/project/panda-ext-7678/,"listed only in the sitemap, not linked from any page (/blog/project/)",(sitemap)
https://pandaexteriors.com/blog/project/panda-ext-7679/,"listed only in the sitemap, not linked from any page (/blog/project/)",(sitemap)
https://pandaexteriors.com/blog/project/panda-ext-7681/,"listed only in the sitemap, not linked from any page (/blog/project/)",(sitemap)
https://pandaexteriors.com/blog/project/panda-ext-7685-2/,"listed only in the sitemap, not linked from any page (/blog/project/)",(sitemap)
https://pandaexteriors.com/blog/project/panda-ext-7685-3/,"listed only in the sitemap, not linked from any page (/blog/project/)",(sitemap)
https://pandaexteriors.com/blog/project/panda-ext-7685-4/,"listed only in the sitemap, not linked from any page (/blog/project/)",(sitemap)
https://pandaexteriors.com/blog/project/panda-ext-7685-5/,"listed only in the sitemap, not linked from any page (/blog/project/)",(sitemap)
https://pandaexteriors.com/blog/project/panda-ext-7685/,"listed only in the sitemap, not linked from any page (/blog/project/)",(sitemap)
https://pandaexteriors.com/blog/project/panda-ext-7686-2/,"listed only in the sitemap, not linked from any page (/blog/project/)",(sitemap)
https://pandaexteriors.com/blog/project/panda-ext-7686-3/,"listed only in the sitemap, not linked from any page (/blog/project/)",(sitemap)
https://pandaexteriors.com/blog/project/panda-ext-7686-4/,"listed only in the sitemap, not linked from any page (/blog/project/)",(sitemap)
https://pandaexteriors.com/blog/project/panda-ext-7686-5/,"listed only in the sitemap, not linked from any page (/blog/project/)",(sitemap)
https://pandaexteriors.com/blog/project/panda-ext-7686-6/,"listed only in the sitemap, not linked from any page (/blog/project/)",(sitemap)
https://pandaexteriors.com/blog/project/panda-ext-7686-7/,"listed only in the sitemap, not linked from any page (/blog/project/)",(sitemap)
https://pandaexteriors.com/blog/project/panda-ext-7686/,"listed only in the sitemap, not linked from any page (/blog/project/)",(sitemap)
https://pandaexteriors.com/blog/project/panda-ext-7690/,"listed only in the sitemap, not linked from any page (/blog/project/)",(sitemap)
https://pandaexteriors.com/blog/project/panda-ext-7691/,"listed only in the sitemap, not linked from any page (/blog/project/)",(sitemap)
https://pandaexteriors.com/blog/project/panda-ext-7694/,"listed only in the sitemap, not linked from any page (/blog/project/)",(sitemap)
https://pandaexteriors.com/blog/project/panda-ext-7695/,"listed only in the sitemap, not linked from any page (/blog/project/)",(sitemap)
https://pandaexteriors.com/blog/project/panda-ext-7699/,"listed only in the sitemap, not linked from any page (/blog/project/)",(sitemap)
https://pandaexteriors.com/blog/project/panda-ext-7703-2/,"listed only in the sitemap, not linked from any page (/blog/project/)",(sitemap)
https://pandaexteriors.com/blog/project/panda-ext-7703-3/,"listed only in the sitemap, not linked from any page (/blog/project/)",(sitemap)
https://pandaexteriors.com/blog/project/panda-ext-7703-5/,"listed only in the sitemap, not linked from any page (/blog/project/)",(sitemap)
https://pandaexteriors.com/blog/project/panda-ext-7703-6/,"listed only in the sitemap, not linked from any page (/blog/project/)",(sitemap)
https://pandaexteriors.com/blog/project/panda-ext-7703-7/,"listed only in the sitemap, not linked from any page (/blog/project/)",(sitemap)
https://pandaexteriors.com/blog/project/panda-ext-7703/,"listed only in the sitemap, not linked from any page (/blog/project/)",(sitemap)
https://pandaexteriors.com/blog/project/panda-ext-7705/,"listed only in the sitemap, not linked from any page (/blog/project/)",(sitemap)
https://pandaexteriors.com/blog/project/panda-ext-7709/,"listed only in the sitemap, not linked from any page (/blog/project/)",(sitemap)
https://pandaexteriors.com/blog/project/panda-ext-7710-2/,"listed only in the sitemap, not linked from any page (/blog/project/)",(sitemap)
https://pandaexteriors.com/blog/project/panda-ext-7710-3/,"listed only in the sitemap, not linked from any page (/blog/project/)",(sitemap)
https://pandaexteriors.com/blog/project/panda-ext-7710-4/,"listed only in the sitemap, not linked from any page (/blog/project/)",(sitemap)
https://pandaexteriors.com/blog/project/panda-ext-7710-5/,"listed only in the sitemap, not linked from any page (/blog/project/)",(sitemap)
https://pandaexteriors.com/blog/project/panda-ext-7710-6/,"listed only in the sitemap, not linked from any page (/blog/project/)",(sitemap)
https://pandaexteriors.com/blog/project/panda-ext-7710-7/,"listed only in the sitemap, not linked from any page (/blog/project/)",(sitemap)
https://pandaexteriors.com/blog/project/panda-ext-7710/,"listed only in the sitemap, not linked from any page (/blog/project/)",(sitemap)
https://pandaexteriors.com/blog/project/panda-ext-7713/,"listed only in the sitemap, not linked from any page (/blog/project/)",(sitemap)
https://pandaexteriors.com/blog/project/panda-ext-7715-2/,"listed only in the sitemap, not linked from any page (/blog/project/)",(sitemap)
https://pandaexteriors.com/blog/project/panda-ext-7715-3/,"listed only in the sitemap, not linked from any page (/blog/project/)",(sitemap)
https://pandaexteriors.com/blog/project/panda-ext-7715-4/,"listed only in the sitemap, not linked from any page (/blog/project/)",(sitemap)
https://pandaexteriors.com/blog/project/panda-ext-7715-5/,"listed only in the sitemap, not linked from any page (/blog/project/)",(sitemap)
https://pandaexteriors.com/blog/project/panda-ext-7715-7/,"listed only in the sitemap, not linked from any page (/blog/project/)",(sitemap)
https://pandaexteriors.com/blog/project/panda-ext-7716/,"listed only in the sitemap, not linked from any page (/blog/project/)",(sitemap)
https://pandaexteriors.com/blog/project/panda-ext-7719/,"listed only in the sitemap, not linked from any page (/blog/project/)",(sitemap)
https://pandaexteriors.com/blog/project/panda-ext-7720/,"listed only in the sitemap, not linked from any page (/blog/project/)",(sitemap)
https://pandaexteriors.com/blog/project/panda-ext-7721/,"listed only in the sitemap, not linked from any page (/blog/project/)",(sitemap)
https://pandaexteriors.com/blog/project/panda-ext-7722-2/,"listed only in the sitemap, not linked from any page (/blog/project/)",(sitemap)
https://pandaexteriors.com/blog/project/panda-ext-7722-4/,"listed only in the sitemap, not linked from any page (/blog/project/)",(sitemap)
https://pandaexteriors.com/blog/project/panda-ext-7722-5/,"listed only in the sitemap, not linked from any page (/blog/project/)",(sitemap)
https://pandaexteriors.com/blog/project/panda-ext-7722-6/,"listed only in the sitemap, not linked from any page (/blog/project/)",(sitemap)
https://pandaexteriors.com/blog/project/panda-ext-7727-2/,"listed only in the sitemap, not linked from any page (/blog/project/)",(sitemap)
https://pandaexteriors.com/blog/project/panda-ext-7727-3/,"listed only in the sitemap, not linked from any page (/blog/project/)",(sitemap)
https://pandaexteriors.com/blog/project/panda-ext-7727-4/,"listed only in the sitemap, not linked from any page (/blog/project/)",(sitemap)
https://pandaexteriors.com/blog/project/panda-ext-7727-5/,"listed only in the sitemap, not linked from any page (/blog/project/)",(sitemap)
https://pandaexteriors.com/blog/project/panda-ext-7727/,"listed only in the sitemap, not linked from any page (/blog/project/)",(sitemap)
https://pandaexteriors.com/blog/project/panda-ext-7729-2/,"listed only in the sitemap, not linked from any page (/blog/project/)",(sitemap)
https://pandaexteriors.com/blog/project/panda-ext-7729-3/,"listed only in the sitemap, not linked from any page (/blog/project/)",(sitemap)
https://pandaexteriors.com/blog/project/panda-ext-7729-4/,"listed only in the sitemap, not linked from any page (/blog/project/)",(sitemap)
https://pandaexteriors.com/blog/project/panda-ext-7729-5/,"listed only in the sitemap, not linked from any page (/blog/project/)",(sitemap)
https://pandaexteriors.com/blog/project/panda-ext-7729-6/,"listed only in the sitemap, not linked from any page (/blog/project/)",(sitemap)
https://pandaexteriors.com/blog/project/panda-ext-7729-7/,"listed only in the sitemap, not linked from any page (/blog/project/)",(sitemap)
https://pandaexteriors.com/blog/project/panda-ext-7729/,"listed only in the sitemap, not linked from any page (/blog/project/)",(sitemap)
https://pandaexteriors.com/blog/project/panda-ext-7730-2/,"listed only in the sitemap, not linked from any page (/blog/project/)",(sitemap)
https://pandaexteriors.com/blog/project/panda-ext-7730-3/,"listed only in the sitemap, not linked from any page (/blog/project/)",(sitemap)
https://pandaexteriors.com/blog/project/panda-ext-7730-4/,"listed only in the sitemap, not linked from any page (/blog/project/)",(sitemap)
https://pandaexteriors.com/blog/project/panda-ext-7730-5/,"listed only in the sitemap, not linked from any page (/blog/project/)",(sitemap)
https://pandaexteriors.com/blog/project/panda-ext-7730-6/,"listed only in the sitemap, not linked from any page (/blog/project/)",(sitemap)
https://pandaexteriors.com/blog/project/panda-ext-7730-7/,"listed only in the sitemap, not linked from any page (/blog/project/)",(sitemap)
https://pandaexteriors.com/blog/project/panda-ext-7730-8/,"listed only in the sitemap, not linked from any page (/blog/project/)",(sitemap)
https://pandaexteriors.com/blog/project/panda-ext-7730/,"listed only in the sitemap, not linked from any page (/blog/project/)",(sitemap)
https://pandaexteriors.com/blog/project/panda-ext-7732-2/,"listed only in the sitemap, not linked from any page (/blog/project/)",(sitemap)
https://pandaexteriors.com/blog/project/panda-ext-7732-3/,"listed only in the sitemap, not linked from any page (/blog/project/)",(sitemap)
https://pandaexteriors.com/blog/project/panda-ext-7732-4/,"listed only in the sitemap, not linked from any page (/blog/project/)",(sitemap)
https://pandaexteriors.com/blog/project/panda-ext-7732-5/,"listed only in the sitemap, not linked from any page (/blog/project/)",(sitemap)
https://pandaexteriors.com/blog/project/panda-ext-7732-6/,"listed only in the sitemap, not linked from any page (/blog/project/)",(sitemap)
https://pandaexteriors.com/blog/project/panda-ext-7732-7/,"listed only in the sitemap, not linked from any page (/blog/project/)",(sitemap)
https://pandaexteriors.com/blog/project/panda-ext-7732/,"listed only in the sitemap, not linked from any page (/blog/project/)",(sitemap)
https://pandaexteriors.com/blog/project/panda-ext-7733/,"listed only in the sitemap, not linked from any page (/blog/project/)",(sitemap)
https://pandaexteriors.com/blog/project/panda-ext-7736/,"listed only in the sitemap, not linked from any page (/blog/project/)",(sitemap)
https://pandaexteriors.com/blog/project/panda-ext-7737/,"listed only in the sitemap, not linked from any page (/blog/project/)",(sitemap)
https://pandaexteriors.com/blog/project/panda-ext-7738/,"listed only in the sitemap, not linked from any page (/blog/project/)",(sitemap)
https://pandaexteriors.com/blog/project/panda-ext-7742-2/,"listed only in the sitemap, not linked from any page (/blog/project/)",(sitemap)
https://pandaexteriors.com/blog/project/panda-ext-7742-3/,"listed only in the sitemap, not linked from any page (/blog/project/)",(sitemap)
https://pandaexteriors.com/blog/project/panda-ext-7742-4/,"listed only in the sitemap, not linked from any page (/blog/project/)",(sitemap)
https://pandaexteriors.com/blog/project/panda-ext-7742-5/,"listed only in the sitemap, not linked from any page (/blog/project/)",(sitemap)
https://pandaexteriors.com/blog/project/panda-ext-7742-6/,"listed only in the sitemap, not linked from any page (/blog/project/)",(sitemap)
https://pandaexteriors.com/blog/project/panda-ext-7742-7/,"listed only in the sitemap, not linked from any page (/blog/project/)",(sitemap)
https://pandaexteriors.com/blog/project/panda-ext-7742/,"listed only in the sitemap, not linked from any page (/blog/project/)",(sitemap)
https://pandaexteriors.com/blog/project/panda-ext-7750-2/,"listed only in the sitemap, not linked from any page (/blog/project/)",(sitemap)
https://pandaexteriors.com/blog/project/panda-ext-7750-3/,"listed only in the sitemap, not linked from any page (/blog/project/)",(sitemap)
https://pandaexteriors.com/blog/project/panda-ext-7750-4/,"listed only in the sitemap, not linked from any page (/blog/project/)",(sitemap)
https://pandaexteriors.com/blog/project/panda-ext-7750-5/,"listed only in the sitemap, not linked from any page (/blog/project/)",(sitemap)
https://pandaexteriors.com/blog/project/panda-ext-7750-6/,"listed only in the sitemap, not linked from any page (/blog/project/)",(sitemap)
https://pandaexteriors.com/blog/project/panda-ext-7750-7/,"listed only in the sitemap, not linked from any page (/blog/project/)",(sitemap)
https://pandaexteriors.com/blog/project/panda-ext-7750/,"listed only in the sitemap, not linked from any page (/blog/project/)",(sitemap)
https://pandaexteriors.com/blog/project/panda-ext-7751/,"listed only in the sitemap, not linked from any page (/blog/project/)",(sitemap)
https://pandaexteriors.com/blog/project/panda-ext-7754/,"listed only in the sitemap, not linked from any page (/blog/project/)",(sitemap)
https://pandaexteriors.com/blog/project/panda-ext-7755-2/,"listed only in the sitemap, not linked from any page (/blog/project/)",(sitemap)
https://pandaexteriors.com/blog/project/panda-ext-7755-3/,"listed only in the sitemap, not linked from any page (/blog/project/)",(sitemap)
https://pandaexteriors.com/blog/project/panda-ext-7755-7/,"listed only in the sitemap, not linked from any page (/blog/project/)",(sitemap)
https://pandaexteriors.com/blog/project/panda-ext-7755/,"listed only in the sitemap, not linked from any page (/blog/project/)",(sitemap)
https://pandaexteriors.com/blog/project/panda-ext-7757-2/,"listed only in the sitemap, not linked from any page (/blog/project/)",(sitemap)
https://pandaexteriors.com/blog/project/panda-ext-7757-3/,"listed only in the sitemap, not linked from any page (/blog/project/)",(sitemap)
https://pandaexteriors.com/blog/project/panda-ext-7757-4/,"listed only in the sitemap, not linked from any page (/blog/project/)",(sitemap)
https://pandaexteriors.com/blog/project/panda-ext-7757-5/,"listed only in the sitemap, not linked from any page (/blog/project/)",(sitemap)
https://pandaexteriors.com/blog/project/panda-ext-7758/,"listed only in the sitemap, not linked from any page (/blog/project/)",(sitemap)
https://pandaexteriors.com/blog/project/panda-ext-7760/,"listed only in the sitemap, not linked from any page (/blog/project/)",(sitemap)
https://pandaexteriors.com/blog/project/panda-ext-7761/,"listed only in the sitemap, not linked from any page (/blog/project/)",(sitemap)
https://pandaexteriors.com/blog/project/panda-ext-7762-2/,"listed only in the sitemap, not linked from any page (/blog/project/)",(sitemap)
https://pandaexteriors.com/blog/project/panda-ext-7762-3/,"listed only in the sitemap, not linked from any page (/blog/project/)",(sitemap)
https://pandaexteriors.com/blog/project/panda-ext-7762-4/,"listed only in the sitemap, not linked from any page (/blog/project/)",(sitemap)
https://pandaexteriors.com/blog/project/panda-ext-7762-5/,"listed only in the sitemap, not linked from any page (/blog/project/)",(sitemap)
https://pandaexteriors.com/blog/project/panda-ext-7762-6/,"listed only in the sitemap, not linked from any page (/blog/project/)",(sitemap)
https://pandaexteriors.com/blog/project/panda-ext-7762-7/,"listed only in the sitemap, not linked from any page (/blog/project/)",(sitemap)
https://pandaexteriors.com/blog/project/panda-ext-7762/,"listed only in the sitemap, not linked from any page (/blog/project/)",(sitemap)
https://pandaexteriors.com/blog/project/panda-ext-7767-2/,"listed only in the sitemap, not linked from any page (/blog/project/)",(sitemap)
https://pandaexteriors.com/blog/project/panda-ext-7767-3/,"listed only in the sitemap, not linked from any page (/blog/project/)",(sitemap)
https://pandaexteriors.com/blog/project/panda-ext-7767-4/,"listed only in the sitemap, not linked from any page (/blog/project/)",(sitemap)
https://pandaexteriors.com/blog/project/panda-ext-7767-5/,"listed only in the sitemap, not linked from any page (/blog/project/)",(sitemap)
https://pandaexteriors.com/blog/project/panda-ext-7767-6/,"listed only in the sitemap, not linked from any page (/blog/project/)",(sitemap)
https://pandaexteriors.com/blog/project/panda-ext-7767-7/,"listed only in the sitemap, not linked from any page (/blog/project/)",(sitemap)
https://pandaexteriors.com/blog/project/panda-ext-7767-8/,"listed only in the sitemap, not linked from any page (/blog/project/)",(sitemap)
https://pandaexteriors.com/blog/project/panda-ext-7767/,"listed only in the sitemap, not linked from any page (/blog/project/)",(sitemap)
https://pandaexteriors.com/blog/project/panda-ext-7768/,"listed only in the sitemap, not linked from any page (/blog/project/)",(sitemap)
https://pandaexteriors.com/blog/project/panda-ext-7769/,"listed only in the sitemap, not linked from any page (/blog/project/)",(sitemap)
https://pandaexteriors.com/blog/project/panda-ext-7770/,"listed only in the sitemap, not linked from any page (/blog/project/)",(sitemap)
https://pandaexteriors.com/blog/project/panda-ext-7772/,"listed only in the sitemap, not linked from any page (/blog/project/)",(sitemap)
https://pandaexteriors.com/blog/project/panda-ext-7774-2/,"listed only in the sitemap, not linked from any page (/blog/project/)",(sitemap)
https://pandaexteriors.com/blog/project/panda-ext-7774-3/,"listed only in the sitemap, not linked from any page (/blog/project/)",(sitemap)
https://pandaexteriors.com/blog/project/panda-ext-7774-7/,"listed only in the sitemap, not linked from any page (/blog/project/)",(sitemap)
https://pandaexteriors.com/blog/project/panda-ext-7774/,"listed only in the sitemap, not linked from any page (/blog/project/)",(sitemap)
https://pandaexteriors.com/blog/project/panda-ext-7775/,"listed only in the sitemap, not linked from any page (/blog/project/)",(sitemap)
https://pandaexteriors.com/blog/project/panda-ext-7776/,"listed only in the sitemap, not linked from any page (/blog/project/)",(sitemap)
https://pandaexteriors.com/blog/project/panda-ext-7777/,"listed only in the sitemap, not linked from any page (/blog/project/)",(sitemap)
https://pandaexteriors.com/blog/project/panda-ext-7778/,"listed only in the sitemap, not linked from any page (/blog/project/)",(sitemap)
https://pandaexteriors.com/blog/project/panda-ext-7781/,"listed only in the sitemap, not linked from any page (/blog/project/)",(sitemap)
https://pandaexteriors.com/blog/project/panda-ext-7782/,"listed only in the sitemap, not linked from any page (/blog/project/)",(sitemap)
https://pandaexteriors.com/blog/project/panda-ext-7783/,"listed only in the sitemap, not linked from any page (/blog/project/)",(sitemap)
https://pandaexteriors.com/blog/project/panda-ext-7784-2/,"listed only in the sitemap, not linked from any page (/blog/project/)",(sitemap)
https://pandaexteriors.com/blog/project/panda-ext-7784-3/,"listed only in the sitemap, not linked from any page (/blog/project/)",(sitemap)
https://pandaexteriors.com/blog/project/panda-ext-7784-4/,"listed only in the sitemap, not linked from any page (/blog/project/)",(sitemap)
https://pandaexteriors.com/blog/project/panda-ext-7784-5/,"listed only in the sitemap, not linked from any page (/blog/project/)",(sitemap)
https://pandaexteriors.com/blog/project/panda-ext-7784/,"listed only in the sitemap, not linked from any page (/blog/project/)",(sitemap)
https://pandaexteriors.com/blog/project/panda-ext-7789/,"listed only in the sitemap, not linked from any page (/blog/project/)",(sitemap)
https://pandaexteriors.com/blog/project/panda-ext-7790/,"listed only in the sitemap, not linked from any page (/blog/project/)",(sitemap)
https://pandaexteriors.com/blog/project/panda-ext-7791/,"listed only in the sitemap, not linked from any page (/blog/project/)",(sitemap)
https://pandaexteriors.com/blog/project/panda-ext-7792-2/,"listed only in the sitemap, not linked from any page (/blog/project/)",(sitemap)
https://pandaexteriors.com/blog/project/panda-ext-7792-3/,"listed only in the sitemap, not linked from any page (/blog/project/)",(sitemap)
https://pandaexteriors.com/blog/project/panda-ext-7792-4/,"listed only in the sitemap, not linked from any page (/blog/project/)",(sitemap)
https://pandaexteriors.com/blog/project/panda-ext-7792-5/,"listed only in the sitemap, not linked from any page (/blog/project/)",(sitemap)
https://pandaexteriors.com/blog/project/panda-ext-7792-6/,"listed only in the sitemap, not linked from any page (/blog/project/)",(sitemap)
https://pandaexteriors.com/blog/project/panda-ext-7792-7/,"listed only in the sitemap, not linked from any page (/blog/project/)",(sitemap)
https://pandaexteriors.com/blog/project/panda-ext-7792-8/,"listed only in the sitemap, not linked from any page (/blog/project/)",(sitemap)
https://pandaexteriors.com/blog/project/panda-ext-7792/,"listed only in the sitemap, not linked from any page (/blog/project/)",(sitemap)
https://pandaexteriors.com/blog/project/panda-ext-7795/,"listed only in the sitemap, not linked from any page (/blog/project/)",(sitemap)
https://pandaexteriors.com/blog/project/panda-ext-7796-2/,"listed only in the sitemap, not linked from any page (/blog/project/)",(sitemap)
https://pandaexteriors.com/blog/project/panda-ext-7796-3/,"listed only in the sitemap, not linked from any page (/blog/project/)",(sitemap)
https://pandaexteriors.com/blog/project/panda-ext-7796-4/,"listed only in the sitemap, not linked from any page (/blog/project/)",(sitemap)
https://pandaexteriors.com/blog/project/panda-ext-7796-5/,"listed only in the sitemap, not linked from any page (/blog/project/)",(sitemap)
https://pandaexteriors.com/blog/project/panda-ext-7796-6/,"listed only in the sitemap, not linked from any page (/blog/project/)",(sitemap)
https://pandaexteriors.com/blog/project/panda-ext-7796-7/,"listed only in the sitemap, not linked from any page (/blog/project/)",(sitemap)
https://pandaexteriors.com/blog/project/panda-ext-7796/,"listed only in the sitemap, not linked from any page (/blog/project/)",(sitemap)
https://pandaexteriors.com/blog/project/panda-ext-7797-2/,"listed only in the sitemap, not linked from any page (/blog/project/)",(sitemap)
https://pandaexteriors.com/blog/project/panda-ext-7797-4/,"listed only in the sitemap, not linked from any page (/blog/project/)",(sitemap)
https://pandaexteriors.com/blog/project/panda-ext-7797-5/,"listed only in the sitemap, not linked from any page (/blog/project/)",(sitemap)
https://pandaexteriors.com/blog/project/panda-ext-7797/,"listed only in the sitemap, not linked from any page (/blog/project/)",(sitemap)
https://pandaexteriors.com/blog/project/panda-ext-7799-2/,"listed only in the sitemap, not linked from any page (/blog/project/)",(sitemap)
https://pandaexteriors.com/blog/project/panda-ext-7799-3/,"listed only in the sitemap, not linked from any page (/blog/project/)",(sitemap)
https://pandaexteriors.com/blog/project/panda-ext-7799-4/,"listed only in the sitemap, not linked from any page (/blog/project/)",(sitemap)
https://pandaexteriors.com/blog/project/panda-ext-7799-5/,"listed only in the sitemap, not linked from any page (/blog/project/)",(sitemap)
https://pandaexteriors.com/blog/project/panda-ext-7799-6/,"listed only in the sitemap, not linked from any page (/blog/project/)",(sitemap)
https://pandaexteriors.com/blog/project/panda-ext-7799-7/,"listed only in the sitemap, not linked from any page (/blog/project/)",(sitemap)
https://pandaexteriors.com/blog/project/panda-ext-7799/,"listed only in the sitemap, not linked from any page (/blog/project/)",(sitemap)
https://pandaexteriors.com/blog/project/panda-ext-7800/,"listed only in the sitemap, not linked from any page (/blog/project/)",(sitemap)
https://pandaexteriors.com/blog/project/panda-ext-7801/,"listed only in the sitemap, not linked from any page (/blog/project/)",(sitemap)
https://pandaexteriors.com/blog/project/panda-ext-7803/,"listed only in the sitemap, not linked from any page (/blog/project/)",(sitemap)
https://pandaexteriors.com/blog/project/panda-ext-7804/,"listed only in the sitemap, not linked from any page (/blog/project/)",(sitemap)
https://pandaexteriors.com/blog/project/panda-ext-7805/,"listed only in the sitemap, not linked from any page (/blog/project/)",(sitemap)
https://pandaexteriors.com/blog/project/panda-ext-7808/,"listed only in the sitemap, not linked from any page (/blog/project/)",(sitemap)
https://pandaexteriors.com/blog/project/panda-ext-7812/,"listed only in the sitemap, not linked from any page (/blog/project/)",(sitemap)
https://pandaexteriors.com/blog/project/panda-ext-7815-2/,"listed only in the sitemap, not linked from any page (/blog/project/)",(sitemap)
https://pandaexteriors.com/blog/project/panda-ext-7815-3/,"listed only in the sitemap, not linked from any page (/blog/project/)",(sitemap)
https://pandaexteriors.com/blog/project/panda-ext-7815-4/,"listed only in the sitemap, not linked from any page (/blog/project/)",(sitemap)
https://pandaexteriors.com/blog/project/panda-ext-7815-5/,"listed only in the sitemap, not linked from any page (/blog/project/)",(sitemap)
https://pandaexteriors.com/blog/project/panda-ext-7815/,"listed only in the sitemap, not linked from any page (/blog/project/)",(sitemap)
https://pandaexteriors.com/blog/project/panda-ext-7816/,"listed only in the sitemap, not linked from any page (/blog/project/)",(sitemap)
https://pandaexteriors.com/blog/project/panda-ext-7817-2/,"listed only in the sitemap, not linked from any page (/blog/project/)",(sitemap)
https://pandaexteriors.com/blog/project/panda-ext-7817-3/,"listed only in the sitemap, not linked from any page (/blog/project/)",(sitemap)
https://pandaexteriors.com/blog/project/panda-ext-7817-4/,"listed only in the sitemap, not linked from any page (/blog/project/)",(sitemap)
https://pandaexteriors.com/blog/project/panda-ext-7817-5/,"listed only in the sitemap, not linked from any page (/blog/project/)",(sitemap)
https://pandaexteriors.com/blog/project/panda-ext-7817-6/,"listed only in the sitemap, not linked from any page (/blog/project/)",(sitemap)
https://pandaexteriors.com/blog/project/panda-ext-7817-7/,"listed only in the sitemap, not linked from any page (/blog/project/)",(sitemap)
https://pandaexteriors.com/blog/project/panda-ext-7817-8/,"listed only in the sitemap, not linked from any page (/blog/project/)",(sitemap)
https://pandaexteriors.com/blog/project/panda-ext-7817/,"listed only in the sitemap, not linked from any page (/blog/project/)",(sitemap)
https://pandaexteriors.com/blog/project/panda-ext-7818-2/,"listed only in the sitemap, not linked from any page (/blog/project/)",(sitemap)
https://pandaexteriors.com/blog/project/panda-ext-7818-3/,"listed only in the sitemap, not linked from any page (/blog/project/)",(sitemap)
https://pandaexteriors.com/blog/project/panda-ext-7818-4/,"listed only in the sitemap, not linked from any page (/blog/project/)",(sitemap)
https://pandaexteriors.com/blog/project/panda-ext-7818-5/,"listed only in the sitemap, not linked from any page (/blog/project/)",(sitemap)
https://pandaexteriors.com/blog/project/panda-ext-7818-6/,"listed only in the sitemap, not linked from any page (/blog/project/)",(sitemap)
https://pandaexteriors.com/blog/project/panda-ext-7818-7/,"listed only in the sitemap, not linked from any page (/blog/project/)",(sitemap)
https://pandaexteriors.com/blog/project/panda-ext-7818/,"listed only in the sitemap, not linked from any page (/blog/project/)",(sitemap)
https://pandaexteriors.com/blog/project/panda-ext-7821-2/,"listed only in the sitemap, not linked from any page (/blog/project/)",(sitemap)
https://pandaexteriors.com/blog/project/panda-ext-7821-3/,"listed only in the sitemap, not linked from any page (/blog/project/)",(sitemap)
https://pandaexteriors.com/blog/project/panda-ext-7821-4/,"listed only in the sitemap, not linked from any page (/blog/project/)",(sitemap)
https://pandaexteriors.com/blog/project/panda-ext-7821-5/,"listed only in the sitemap, not linked from any page (/blog/project/)",(sitemap)
https://pandaexteriors.com/blog/project/panda-ext-7821-6/,"listed only in the sitemap, not linked from any page (/blog/project/)",(sitemap)
https://pandaexteriors.com/blog/project/panda-ext-7821-7/,"listed only in the sitemap, not linked from any page (/blog/project/)",(sitemap)
https://pandaexteriors.com/blog/project/panda-ext-7821/,"listed only in the sitemap, not linked from any page (/blog/project/)",(sitemap)
https://pandaexteriors.com/blog/project/panda-ext-7823-2/,"listed only in the sitemap, not linked from any page (/blog/project/)",(sitemap)
https://pandaexteriors.com/blog/project/panda-ext-7823-3/,"listed only in the sitemap, not linked from any page (/blog/project/)",(sitemap)
https://pandaexteriors.com/blog/project/panda-ext-7823-4/,"listed only in the sitemap, not linked from any page (/blog/project/)",(sitemap)
https://pandaexteriors.com/blog/project/panda-ext-7823-5/,"listed only in the sitemap, not linked from any page (/blog/project/)",(sitemap)
https://pandaexteriors.com/blog/project/panda-ext-7823/,"listed only in the sitemap, not linked from any page (/blog/project/)",(sitemap)
https://pandaexteriors.com/blog/project/panda-ext-7824/,"listed only in the sitemap, not linked from any page (/blog/project/)",(sitemap)
https://pandaexteriors.com/blog/project/panda-ext-7826-2/,"listed only in the sitemap, not linked from any page (/blog/project/)",(sitemap)
https://pandaexteriors.com/blog/project/panda-ext-7826-3/,"listed only in the sitemap, not linked from any page (/blog/project/)",(sitemap)
https://pandaexteriors.com/blog/project/panda-ext-7826-4/,"listed only in the sitemap, not linked from any page (/blog/project/)",(sitemap)
https://pandaexteriors.com/blog/project/panda-ext-7826-5/,"listed only in the sitemap, not linked from any page (/blog/project/)",(sitemap)
https://pandaexteriors.com/blog/project/panda-ext-7826-6/,"listed only in the sitemap, not linked from any page (/blog/project/)",(sitemap)
https://pandaexteriors.com/blog/project/panda-ext-7826-7/,"listed only in the sitemap, not linked from any page (/blog/project/)",(sitemap)
https://pandaexteriors.com/blog/project/panda-ext-7826/,"listed only in the sitemap, not linked from any page (/blog/project/)",(sitemap)
https://pandaexteriors.com/blog/project/panda-ext-7829/,"listed only in the sitemap, not linked from any page (/blog/project/)",(sitemap)
https://pandaexteriors.com/blog/project/panda-ext-7830/,"listed only in the sitemap, not linked from any page (/blog/project/)",(sitemap)
https://pandaexteriors.com/blog/project/panda-ext-7832-2/,"listed only in the sitemap, not linked from any page (/blog/project/)",(sitemap)
https://pandaexteriors.com/blog/project/panda-ext-7832-3/,"listed only in the sitemap, not linked from any page (/blog/project/)",(sitemap)
https://pandaexteriors.com/blog/project/panda-ext-7832-4/,"listed only in the sitemap, not linked from any page (/blog/project/)",(sitemap)
https://pandaexteriors.com/blog/project/panda-ext-7832-5/,"listed only in the sitemap, not linked from any page (/blog/project/)",(sitemap)
https://pandaexteriors.com/blog/project/panda-ext-7832-6/,"listed only in the sitemap, not linked from any page (/blog/project/)",(sitemap)
https://pandaexteriors.com/blog/project/panda-ext-7832-7/,"listed only in the sitemap, not linked from any page (/blog/project/)",(sitemap)
https://pandaexteriors.com/blog/project/panda-ext-7832/,"listed only in the sitemap, not linked from any page (/blog/project/)",(sitemap)
https://pandaexteriors.com/blog/project/panda-ext-7834/,"listed only in the sitemap, not linked from any page (/blog/project/)",(sitemap)
https://pandaexteriors.com/blog/project/panda-ext-7835-2/,"listed only in the sitemap, not linked from any page (/blog/project/)",(sitemap)
https://pandaexteriors.com/blog/project/panda-ext-7835-3/,"listed only in the sitemap, not linked from any page (/blog/project/)",(sitemap)
https://pandaexteriors.com/blog/project/panda-ext-7835-4/,"listed only in the sitemap, not linked from any page (/blog/project/)",(sitemap)
https://pandaexteriors.com/blog/project/panda-ext-7835-5/,"listed only in the sitemap, not linked from any page (/blog/project/)",(sitemap)
https://pandaexteriors.com/blog/project/panda-ext-7835-6/,"listed only in the sitemap, not linked from any page (/blog/project/)",(sitemap)
https://pandaexteriors.com/blog/project/panda-ext-7835-7/,"listed only in the sitemap, not linked from any page (/blog/project/)",(sitemap)
https://pandaexteriors.com/blog/project/panda-ext-7835/,"listed only in the sitemap, not linked from any page (/blog/project/)",(sitemap)
https://pandaexteriors.com/blog/project/panda-ext-7836/,"listed only in the sitemap, not linked from any page (/blog/project/)",(sitemap)
https://pandaexteriors.com/blog/project/panda-ext-7840/,"listed only in the sitemap, not linked from any page (/blog/project/)",(sitemap)
https://pandaexteriors.com/blog/project/panda-ext-7842-2/,"listed only in the sitemap, not linked from any page (/blog/project/)",(sitemap)
https://pandaexteriors.com/blog/project/panda-ext-7842-3/,"listed only in the sitemap, not linked from any page (/blog/project/)",(sitemap)
https://pandaexteriors.com/blog/project/panda-ext-7842-4/,"listed only in the sitemap, not linked from any page (/blog/project/)",(sitemap)
https://pandaexteriors.com/blog/project/panda-ext-7842-5/,"listed only in the sitemap, not linked from any page (/blog/project/)",(sitemap)
https://pandaexteriors.com/blog/project/panda-ext-7842-6/,"listed only in the sitemap, not linked from any page (/blog/project/)",(sitemap)
https://pandaexteriors.com/blog/project/panda-ext-7842-7/,"listed only in the sitemap, not linked from any page (/blog/project/)",(sitemap)
https://pandaexteriors.com/blog/project/panda-ext-7842/,"listed only in the sitemap, not linked from any page (/blog/project/)",(sitemap)
https://pandaexteriors.com/blog/project/panda-ext-7843/,"listed only in the sitemap, not linked from any page (/blog/project/)",(sitemap)
https://pandaexteriors.com/blog/project/panda-ext-7844/,"listed only in the sitemap, not linked from any page (/blog/project/)",(sitemap)
https://pandaexteriors.com/blog/project/panda-ext-7846-2/,"listed only in the sitemap, not linked from any page (/blog/project/)",(sitemap)
https://pandaexteriors.com/blog/project/panda-ext-7846-3/,"listed only in the sitemap, not linked from any page (/blog/project/)",(sitemap)
https://pandaexteriors.com/blog/project/panda-ext-7846-4/,"listed only in the sitemap, not linked from any page (/blog/project/)",(sitemap)
https://pandaexteriors.com/blog/project/panda-ext-7846-5/,"listed only in the sitemap, not linked from any page (/blog/project/)",(sitemap)
https://pandaexteriors.com/blog/project/panda-ext-7846/,"listed only in the sitemap, not linked from any page (/blog/project/)",(sitemap)
https://pandaexteriors.com/blog/project/panda-ext-7847/,"listed only in the sitemap, not linked from any page (/blog/project/)",(sitemap)
https://pandaexteriors.com/blog/project/panda-ext-7848-2/,"listed only in the sitemap, not linked from any page (/blog/project/)",(sitemap)
https://pandaexteriors.com/blog/project/panda-ext-7848-3/,"listed only in the sitemap, not linked from any page (/blog/project/)",(sitemap)
https://pandaexteriors.com/blog/project/panda-ext-7848-4/,"listed only in the sitemap, not linked from any page (/blog/project/)",(sitemap)
https://pandaexteriors.com/blog/project/panda-ext-7848-5/,"listed only in the sitemap, not linked from any page (/blog/project/)",(sitemap)
https://pandaexteriors.com/blog/project/panda-ext-7848-6/,"listed only in the sitemap, not linked from any page (/blog/project/)",(sitemap)
https://pandaexteriors.com/blog/project/panda-ext-7848-7/,"listed only in the sitemap, not linked from any page (/blog/project/)",(sitemap)
https://pandaexteriors.com/blog/project/panda-ext-7848-8/,"listed only in the sitemap, not linked from any page (/blog/project/)",(sitemap)
https://pandaexteriors.com/blog/project/panda-ext-7848/,"listed only in the sitemap, not linked from any page (/blog/project/)",(sitemap)
https://pandaexteriors.com/blog/project/panda-ext-7849/,"listed only in the sitemap, not linked from any page (/blog/project/)",(sitemap)
https://pandaexteriors.com/blog/project/panda-ext-7850-2/,"listed only in the sitemap, not linked from any page (/blog/project/)",(sitemap)
https://pandaexteriors.com/blog/project/panda-ext-7850-3/,"listed only in the sitemap, not linked from any page (/blog/project/)",(sitemap)
https://pandaexteriors.com/blog/project/panda-ext-7850-4/,"listed only in the sitemap, not linked from any page (/blog/project/)",(sitemap)
https://pandaexteriors.com/blog/project/panda-ext-7850-5/,"listed only in the sitemap, not linked from any page (/blog/project/)",(sitemap)
https://pandaexteriors.com/blog/project/panda-ext-7850-6/,"listed only in the sitemap, not linked from any page (/blog/project/)",(sitemap)
https://pandaexteriors.com/blog/project/panda-ext-7850-7/,"listed only in the sitemap, not linked from any page (/blog/project/)",(sitemap)
https://pandaexteriors.com/blog/project/panda-ext-7850/,"listed only in the sitemap, not linked from any page (/blog/project/)",(sitemap)
https://pandaexteriors.com/blog/project/panda-ext-7853/,"listed only in the sitemap, not linked from any page (/blog/project/)",(sitemap)
https://pandaexteriors.com/blog/project/panda-ext-7854-2/,"listed only in the sitemap, not linked from any page (/blog/project/)",(sitemap)
https://pandaexteriors.com/blog/project/panda-ext-7854-3/,"listed only in the sitemap, not linked from any page (/blog/project/)",(sitemap)
https://pandaexteriors.com/blog/project/panda-ext-7854-4/,"listed only in the sitemap, not linked from any page (/blog/project/)",(sitemap)
https://pandaexteriors.com/blog/project/panda-ext-7854-5/,"listed only in the sitemap, not linked from any page (/blog/project/)",(sitemap)
https://pandaexteriors.com/blog/project/panda-ext-7854-6/,"listed only in the sitemap, not linked from any page (/blog/project/)",(sitemap)
https://pandaexteriors.com/blog/project/panda-ext-7854-7/,"listed only in the sitemap, not linked from any page (/blog/project/)",(sitemap)
https://pandaexteriors.com/blog/project/panda-ext-7854/,"listed only in the sitemap, not linked from any page (/blog/project/)",(sitemap)
https://pandaexteriors.com/blog/project/panda-ext-7857/,"listed only in the sitemap, not linked from any page (/blog/project/)",(sitemap)
https://pandaexteriors.com/blog/project/panda-ext-7859/,"listed only in the sitemap, not linked from any page (/blog/project/)",(sitemap)
https://pandaexteriors.com/blog/project/panda-ext-7860/,"listed only in the sitemap, not linked from any page (/blog/project/)",(sitemap)
https://pandaexteriors.com/blog/project/panda-ext-7861/,"listed only in the sitemap, not linked from any page (/blog/project/)",(sitemap)
https://pandaexteriors.com/blog/project/panda-ext-7863/,"listed only in the sitemap, not linked from any page (/blog/project/)",(sitemap)
https://pandaexteriors.com/blog/project/panda-ext-7864/,"listed only in the sitemap, not linked from any page (/blog/project/)",(sitemap)
https://pandaexteriors.com/blog/project/panda-ext-7865-2/,"listed only in the sitemap, not linked from any page (/blog/project/)",(sitemap)
https://pandaexteriors.com/blog/project/panda-ext-7865-3/,"listed only in the sitemap, not linked from any page (/blog/project/)",(sitemap)
https://pandaexteriors.com/blog/project/panda-ext-7865-4/,"listed only in the sitemap, not linked from any page (/blog/project/)",(sitemap)
https://pandaexteriors.com/blog/project/panda-ext-7865-5/,"listed only in the sitemap, not linked from any page (/blog/project/)",(sitemap)
https://pandaexteriors.com/blog/project/panda-ext-7865-6/,"listed only in the sitemap, not linked from any page (/blog/project/)",(sitemap)
https://pandaexteriors.com/blog/project/panda-ext-7865-7/,"listed only in the sitemap, not linked from any page (/blog/project/)",(sitemap)
https://pandaexteriors.com/blog/project/panda-ext-7865/,"listed only in the sitemap, not linked from any page (/blog/project/)",(sitemap)
https://pandaexteriors.com/blog/project/panda-ext-7868/,"listed only in the sitemap, not linked from any page (/blog/project/)",(sitemap)
https://pandaexteriors.com/blog/project/panda-ext-7869-2/,"listed only in the sitemap, not linked from any page (/blog/project/)",(sitemap)
https://pandaexteriors.com/blog/project/panda-ext-7869-3/,"listed only in the sitemap, not linked from any page (/blog/project/)",(sitemap)
https://pandaexteriors.com/blog/project/panda-ext-7869-4/,"listed only in the sitemap, not linked from any page (/blog/project/)",(sitemap)
https://pandaexteriors.com/blog/project/panda-ext-7869-5/,"listed only in the sitemap, not linked from any page (/blog/project/)",(sitemap)
https://pandaexteriors.com/blog/project/panda-ext-7869-6/,"listed only in the sitemap, not linked from any page (/blog/project/)",(sitemap)
https://pandaexteriors.com/blog/project/panda-ext-7869-7/,"listed only in the sitemap, not linked from any page (/blog/project/)",(sitemap)
https://pandaexteriors.com/blog/project/panda-ext-7869/,"listed only in the sitemap, not linked from any page (/blog/project/)",(sitemap)
https://pandaexteriors.com/blog/project/panda-ext-7870-2/,"listed only in the sitemap, not linked from any page (/blog/project/)",(sitemap)
https://pandaexteriors.com/blog/project/panda-ext-7870-3/,"listed only in the sitemap, not linked from any page (/blog/project/)",(sitemap)
https://pandaexteriors.com/blog/project/panda-ext-7870-4/,"listed only in the sitemap, not linked from any page (/blog/project/)",(sitemap)
https://pandaexteriors.com/blog/project/panda-ext-7870-5/,"listed only in the sitemap, not linked from any page (/blog/project/)",(sitemap)
https://pandaexteriors.com/blog/project/panda-ext-7870-6/,"listed only in the sitemap, not linked from any page (/blog/project/)",(sitemap)
https://pandaexteriors.com/blog/project/panda-ext-7870-7/,"listed only in the sitemap, not linked from any page (/blog/project/)",(sitemap)
https://pandaexteriors.com/blog/project/panda-ext-7870-8/,"listed only in the sitemap, not linked from any page (/blog/project/)",(sitemap)
https://pandaexteriors.com/blog/project/panda-ext-7870/,"listed only in the sitemap, not linked from any page (/blog/project/)",(sitemap)
https://pandaexteriors.com/blog/project/panda-ext-7871/,"listed only in the sitemap, not linked from any page (/blog/project/)",(sitemap)
https://pandaexteriors.com/blog/project/panda-ext-7872-2/,"listed only in the sitemap, not linked from any page (/blog/project/)",(sitemap)
https://pandaexteriors.com/blog/project/panda-ext-7872-3/,"listed only in the sitemap, not linked from any page (/blog/project/)",(sitemap)
https://pandaexteriors.com/blog/project/panda-ext-7872-4/,"listed only in the sitemap, not linked from any page (/blog/project/)",(sitemap)
https://pandaexteriors.com/blog/project/panda-ext-7872-5/,"listed only in the sitemap, not linked from any page (/blog/project/)",(sitemap)
https://pandaexteriors.com/blog/project/panda-ext-7872/,"listed only in the sitemap, not linked from any page (/blog/project/)",(sitemap)
https://pandaexteriors.com/blog/project/panda-ext-7874/,"listed only in the sitemap, not linked from any page (/blog/project/)",(sitemap)
https://pandaexteriors.com/blog/project/panda-ext-7876-2/,"listed only in the sitemap, not linked from any page (/blog/project/)",(sitemap)
https://pandaexteriors.com/blog/project/panda-ext-7876-3/,"listed only in the sitemap, not linked from any page (/blog/project/)",(sitemap)
https://pandaexteriors.com/blog/project/panda-ext-7876-4/,"listed only in the sitemap, not linked from any page (/blog/project/)",(sitemap)
https://pandaexteriors.com/blog/project/panda-ext-7876-7/,"listed only in the sitemap, not linked from any page (/blog/project/)",(sitemap)
https://pandaexteriors.com/blog/project/panda-ext-7876/,"listed only in the sitemap, not linked from any page (/blog/project/)",(sitemap)
https://pandaexteriors.com/blog/project/panda-ext-7878/,"listed only in the sitemap, not linked from any page (/blog/project/)",(sitemap)
https://pandaexteriors.com/blog/project/panda-ext-7880-2/,"listed only in the sitemap, not linked from any page (/blog/project/)",(sitemap)
https://pandaexteriors.com/blog/project/panda-ext-7880-3/,"listed only in the sitemap, not linked from any page (/blog/project/)",(sitemap)
https://pandaexteriors.com/blog/project/panda-ext-7880-4/,"listed only in the sitemap, not linked from any page (/blog/project/)",(sitemap)
https://pandaexteriors.com/blog/project/panda-ext-7880-5/,"listed only in the sitemap, not linked from any page (/blog/project/)",(sitemap)
https://pandaexteriors.com/blog/project/panda-ext-7880-6/,"listed only in the sitemap, not linked from any page (/blog/project/)",(sitemap)
https://pandaexteriors.com/blog/project/panda-ext-7880-7/,"listed only in the sitemap, not linked from any page (/blog/project/)",(sitemap)
https://pandaexteriors.com/blog/project/panda-ext-7880-8/,"listed only in the sitemap, not linked from any page (/blog/project/)",(sitemap)
https://pandaexteriors.com/blog/project/panda-ext-7880/,"listed only in the sitemap, not linked from any page (/blog/project/)",(sitemap)
https://pandaexteriors.com/blog/project/panda-ext-7883/,"listed only in the sitemap, not linked from any page (/blog/project/)",(sitemap)
https://pandaexteriors.com/blog/project/panda-ext-7884-2/,"listed only in the sitemap, not linked from any page (/blog/project/)",(sitemap)
https://pandaexteriors.com/blog/project/panda-ext-7884-3/,"listed only in the sitemap, not linked from any page (/blog/project/)",(sitemap)
https://pandaexteriors.com/blog/project/panda-ext-7884-4/,"listed only in the sitemap, not linked from any page (/blog/project/)",(sitemap)
https://pandaexteriors.com/blog/project/panda-ext-7884-5/,"listed only in the sitemap, not linked from any page (/blog/project/)",(sitemap)
https://pandaexteriors.com/blog/project/panda-ext-7884-6/,"listed only in the sitemap, not linked from any page (/blog/project/)",(sitemap)
https://pandaexteriors.com/blog/project/panda-ext-7884-7/,"listed only in the sitemap, not linked from any page (/blog/project/)",(sitemap)
https://pandaexteriors.com/blog/project/panda-ext-7884/,"listed only in the sitemap, not linked from any page (/blog/project/)",(sitemap)
https://pandaexteriors.com/blog/project/panda-ext-7885-2/,"listed only in the sitemap, not linked from any page (/blog/project/)",(sitemap)
https://pandaexteriors.com/blog/project/panda-ext-7885-3/,"listed only in the sitemap, not linked from any page (/blog/project/)",(sitemap)
https://pandaexteriors.com/blog/project/panda-ext-7885-4/,"listed only in the sitemap, not linked from any page (/blog/project/)",(sitemap)
https://pandaexteriors.com/blog/project/panda-ext-7885-5/,"listed only in the sitemap, not linked from any page (/blog/project/)",(sitemap)
https://pandaexteriors.com/blog/project/panda-ext-7885-6/,"listed only in the sitemap, not linked from any page (/blog/project/)",(sitemap)
https://pandaexteriors.com/blog/project/panda-ext-7885-7/,"listed only in the sitemap, not linked from any page (/blog/project/)",(sitemap)
https://pandaexteriors.com/blog/project/panda-ext-7885/,"listed only in the sitemap, not linked from any page (/blog/project/)",(sitemap)
https://pandaexteriors.com/blog/project/panda-ext-7886/,"listed only in the sitemap, not linked from any page (/blog/project/)",(sitemap)
https://pandaexteriors.com/blog/project/panda-ext-7889/,"listed only in the sitemap, not linked from any page (/blog/project/)",(sitemap)
https://pandaexteriors.com/blog/project/panda-ext-7890-2/,"listed only in the sitemap, not linked from any page (/blog/project/)",(sitemap)
https://pandaexteriors.com/blog/project/panda-ext-7890-3/,"listed only in the sitemap, not linked from any page (/blog/project/)",(sitemap)
https://pandaexteriors.com/blog/project/panda-ext-7890-7/,"listed only in the sitemap, not linked from any page (/blog/project/)",(sitemap)
https://pandaexteriors.com/blog/project/panda-ext-7890/,"listed only in the sitemap, not linked from any page (/blog/project/)",(sitemap)
https://pandaexteriors.com/blog/project/panda-ext-7892/,"listed only in the sitemap, not linked from any page (/blog/project/)",(sitemap)
https://pandaexteriors.com/blog/project/panda-ext-7893/,"listed only in the sitemap, not linked from any page (/blog/project/)",(sitemap)
https://pandaexteriors.com/blog/project/panda-ext-7894/,"listed only in the sitemap, not linked from any page (/blog/project/)",(sitemap)
https://pandaexteriors.com/blog/project/panda-ext-7895-2/,"listed only in the sitemap, not linked from any page (/blog/project/)",(sitemap)
https://pandaexteriors.com/blog/project/panda-ext-7895-3/,"listed only in the sitemap, not linked from any page (/blog/project/)",(sitemap)
https://pandaexteriors.com/blog/project/panda-ext-7895-4/,"listed only in the sitemap, not linked from any page (/blog/project/)",(sitemap)
https://pandaexteriors.com/blog/project/panda-ext-7895-5/,"listed only in the sitemap, not linked from any page (/blog/project/)",(sitemap)
https://pandaexteriors.com/blog/project/panda-ext-7895-6/,"listed only in the sitemap, not linked from any page (/blog/project/)",(sitemap)
https://pandaexteriors.com/blog/project/panda-ext-7895-7/,"listed only in the sitemap, not linked from any page (/blog/project/)",(sitemap)
https://pandaexteriors.com/blog/project/panda-ext-7895/,"listed only in the sitemap, not linked from any page (/blog/project/)",(sitemap)
https://pandaexteriors.com/blog/project/panda-ext-7898/,"listed only in the sitemap, not linked from any page (/blog/project/)",(sitemap)
https://pandaexteriors.com/blog/project/panda-ext-7901/,"listed only in the sitemap, not linked from any page (/blog/project/)",(sitemap)
https://pandaexteriors.com/blog/project/panda-ext-7902/,"listed only in the sitemap, not linked from any page (/blog/project/)",(sitemap)
https://pandaexteriors.com/blog/project/panda-ext-7903/,"listed only in the sitemap, not linked from any page (/blog/project/)",(sitemap)
https://pandaexteriors.com/blog/project/panda-ext-7909-2/,"listed only in the sitemap, not linked from any page (/blog/project/)",(sitemap)
https://pandaexteriors.com/blog/project/panda-ext-7909-3/,"listed only in the sitemap, not linked from any page (/blog/project/)",(sitemap)
https://pandaexteriors.com/blog/project/panda-ext-7909-4/,"listed only in the sitemap, not linked from any page (/blog/project/)",(sitemap)
https://pandaexteriors.com/blog/project/panda-ext-7909-5/,"listed only in the sitemap, not linked from any page (/blog/project/)",(sitemap)
https://pandaexteriors.com/blog/project/panda-ext-7909/,"listed only in the sitemap, not linked from any page (/blog/project/)",(sitemap)
https://pandaexteriors.com/blog/project/panda-ext-7912/,"listed only in the sitemap, not linked from any page (/blog/project/)",(sitemap)
https://pandaexteriors.com/blog/project/panda-ext-7914-2/,"listed only in the sitemap, not linked from any page (/blog/project/)",(sitemap)
https://pandaexteriors.com/blog/project/panda-ext-7914-3/,"listed only in the sitemap, not linked from any page (/blog/project/)",(sitemap)
https://pandaexteriors.com/blog/project/panda-ext-7914-4/,"listed only in the sitemap, not linked from any page (/blog/project/)",(sitemap)
https://pandaexteriors.com/blog/project/panda-ext-7914-5/,"listed only in the sitemap, not linked from any page (/blog/project/)",(sitemap)
https://pandaexteriors.com/blog/project/panda-ext-7914-6/,"listed only in the sitemap, not linked from any page (/blog/project/)",(sitemap)
https://pandaexteriors.com/blog/project/panda-ext-7914-7/,"listed only in the sitemap, not linked from any page (/blog/project/)",(sitemap)
https://pandaexteriors.com/blog/project/panda-ext-7914/,"listed only in the sitemap, not linked from any page (/blog/project/)",(sitemap)
https://pandaexteriors.com/blog/project/panda-ext-7916-2/,"listed only in the sitemap, not linked from any page (/blog/project/)",(sitemap)
https://pandaexteriors.com/blog/project/panda-ext-7916-3/,"listed only in the sitemap, not linked from any page (/blog/project/)",(sitemap)
https://pandaexteriors.com/blog/project/panda-ext-7916-4/,"listed only in the sitemap, not linked from any page (/blog/project/)",(sitemap)
https://pandaexteriors.com/blog/project/panda-ext-7916-5/,"listed only in the sitemap, not linked from any page (/blog/project/)",(sitemap)
https://pandaexteriors.com/blog/project/panda-ext-7916-6/,"listed only in the sitemap, not linked from any page (/blog/project/)",(sitemap)
https://pandaexteriors.com/blog/project/panda-ext-7916-7/,"listed only in the sitemap, not linked from any page (/blog/project/)",(sitemap)
https://pandaexteriors.com/blog/project/panda-ext-7916/,"listed only in the sitemap, not linked from any page (/blog/project/)",(sitemap)
https://pandaexteriors.com/blog/project/panda-ext-7921/,"listed only in the sitemap, not linked from any page (/blog/project/)",(sitemap)
https://pandaexteriors.com/blog/project/panda-ext-7922/,"listed only in the sitemap, not linked from any page (/blog/project/)",(sitemap)
https://pandaexteriors.com/blog/project/panda-ext-7924/,"listed only in the sitemap, not linked from any page (/blog/project/)",(sitemap)
https://pandaexteriors.com/blog/project/panda-ext-7926/,"listed only in the sitemap, not linked from any page (/blog/project/)",(sitemap)
https://pandaexteriors.com/blog/project/panda-ext-7927/,"listed only in the sitemap, not linked from any page (/blog/project/)",(sitemap)
https://pandaexteriors.com/blog/project/panda-ext-7928/,"listed only in the sitemap, not linked from any page (/blog/project/)",(sitemap)
https://pandaexteriors.com/blog/project/panda-ext-7932-2/,"listed only in the sitemap, not linked from any page (/blog/project/)",(sitemap)
https://pandaexteriors.com/blog/project/panda-ext-7932-3/,"listed only in the sitemap, not linked from any page (/blog/project/)",(sitemap)
https://pandaexteriors.com/blog/project/panda-ext-7932-4/,"listed only in the sitemap, not linked from any page (/blog/project/)",(sitemap)
https://pandaexteriors.com/blog/project/panda-ext-7932-5/,"listed only in the sitemap, not linked from any page (/blog/project/)",(sitemap)
https://pandaexteriors.com/blog/project/panda-ext-7932-7/,"listed only in the sitemap, not linked from any page (/blog/project/)",(sitemap)
https://pandaexteriors.com/blog/project/panda-ext-7937-2/,"listed only in the sitemap, not linked from any page (/blog/project/)",(sitemap)
https://pandaexteriors.com/blog/project/panda-ext-7937-3/,"listed only in the sitemap, not linked from any page (/blog/project/)",(sitemap)
https://pandaexteriors.com/blog/project/panda-ext-7937-4/,"listed only in the sitemap, not linked from any page (/blog/project/)",(sitemap)
https://pandaexteriors.com/blog/project/panda-ext-7937-5/,"listed only in the sitemap, not linked from any page (/blog/project/)",(sitemap)
https://pandaexteriors.com/blog/project/panda-ext-7937-6/,"listed only in the sitemap, not linked from any page (/blog/project/)",(sitemap)
https://pandaexteriors.com/blog/project/panda-ext-7937-7/,"listed only in the sitemap, not linked from any page (/blog/project/)",(sitemap)
https://pandaexteriors.com/blog/project/panda-ext-7937/,"listed only in the sitemap, not linked from any page (/blog/project/)",(sitemap)
https://pandaexteriors.com/blog/project/panda-ext-7940/,"listed only in the sitemap, not linked from any page (/blog/project/)",(sitemap)
https://pandaexteriors.com/blog/project/panda-ext-7942/,"listed only in the sitemap, not linked from any page (/blog/project/)",(sitemap)
https://pandaexteriors.com/blog/project/panda-ext-7944/,"listed only in the sitemap, not linked from any page (/blog/project/)",(sitemap)
https://pandaexteriors.com/blog/project/panda-ext-7945-2/,"listed only in the sitemap, not linked from any page (/blog/project/)",(sitemap)
https://pandaexteriors.com/blog/project/panda-ext-7945-3/,"listed only in the sitemap, not linked from any page (/blog/project/)",(sitemap)
https://pandaexteriors.com/blog/project/panda-ext-7945-4/,"listed only in the sitemap, not linked from any page (/blog/project/)",(sitemap)
https://pandaexteriors.com/blog/project/panda-ext-7945-5/,"listed only in the sitemap, not linked from any page (/blog/project/)",(sitemap)
https://pandaexteriors.com/blog/project/panda-ext-7945/,"listed only in the sitemap, not linked from any page (/blog/project/)",(sitemap)
https://pandaexteriors.com/blog/project/panda-ext-7947/,"listed only in the sitemap, not linked from any page (/blog/project/)",(sitemap)
https://pandaexteriors.com/blog/project/panda-ext-7949/,"listed only in the sitemap, not linked from any page (/blog/project/)",(sitemap)
https://pandaexteriors.com/blog/project/panda-ext-7950-2/,"listed only in the sitemap, not linked from any page (/blog/project/)",(sitemap)
https://pandaexteriors.com/blog/project/panda-ext-7950-4/,"listed only in the sitemap, not linked from any page (/blog/project/)",(sitemap)
https://pandaexteriors.com/blog/project/panda-ext-7950/,"listed only in the sitemap, not linked from any page (/blog/project/)",(sitemap)
https://pandaexteriors.com/blog/project/panda-ext-7951/,"listed only in the sitemap, not linked from any page (/blog/project/)",(sitemap)
https://pandaexteriors.com/blog/project/panda-ext-7952/,"listed only in the sitemap, not linked from any page (/blog/project/)",(sitemap)
https://pandaexteriors.com/blog/project/panda-ext-7953/,"listed only in the sitemap, not linked from any page (/blog/project/)",(sitemap)
https://pandaexteriors.com/blog/project/panda-ext-7956-2/,"listed only in the sitemap, not linked from any page (/blog/project/)",(sitemap)
https://pandaexteriors.com/blog/project/panda-ext-7956-3/,"listed only in the sitemap, not linked from any page (/blog/project/)",(sitemap)
https://pandaexteriors.com/blog/project/panda-ext-7956-4/,"listed only in the sitemap, not linked from any page (/blog/project/)",(sitemap)
https://pandaexteriors.com/blog/project/panda-ext-7956-5/,"listed only in the sitemap, not linked from any page (/blog/project/)",(sitemap)
https://pandaexteriors.com/blog/project/panda-ext-7956-6/,"listed only in the sitemap, not linked from any page (/blog/project/)",(sitemap)
https://pandaexteriors.com/blog/project/panda-ext-7956-7/,"listed only in the sitemap, not linked from any page (/blog/project/)",(sitemap)
https://pandaexteriors.com/blog/project/panda-ext-7956-8/,"listed only in the sitemap, not linked from any page (/blog/project/)",(sitemap)
https://pandaexteriors.com/blog/project/panda-ext-7956/,"listed only in the sitemap, not linked from any page (/blog/project/)",(sitemap)
https://pandaexteriors.com/blog/project/panda-ext-7958/,"listed only in the sitemap, not linked from any page (/blog/project/)",(sitemap)
https://pandaexteriors.com/blog/project/panda-ext-7959/,"listed only in the sitemap, not linked from any page (/blog/project/)",(sitemap)
https://pandaexteriors.com/blog/project/panda-ext-7960/,"listed only in the sitemap, not linked from any page (/blog/project/)",(sitemap)
https://pandaexteriors.com/blog/project/panda-ext-7961-2/,"listed only in the sitemap, not linked from any page (/blog/project/)",(sitemap)
https://pandaexteriors.com/blog/project/panda-ext-7961-3/,"listed only in the sitemap, not linked from any page (/blog/project/)",(sitemap)
https://pandaexteriors.com/blog/project/panda-ext-7961-4/,"listed only in the sitemap, not linked from any page (/blog/project/)",(sitemap)
https://pandaexteriors.com/blog/project/panda-ext-7961-5/,"listed only in the sitemap, not linked from any page (/blog/project/)",(sitemap)
https://pandaexteriors.com/blog/project/panda-ext-7961-6/,"listed only in the sitemap, not linked from any page (/blog/project/)",(sitemap)
https://pandaexteriors.com/blog/project/panda-ext-7961-7/,"listed only in the sitemap, not linked from any page (/blog/project/)",(sitemap)
https://pandaexteriors.com/blog/project/panda-ext-7961-8/,"listed only in the sitemap, not linked from any page (/blog/project/)",(sitemap)
https://pandaexteriors.com/blog/project/panda-ext-7961/,"listed only in the sitemap, not linked from any page (/blog/project/)",(sitemap)
https://pandaexteriors.com/blog/project/panda-ext-7962-2/,"listed only in the sitemap, not linked from any page (/blog/project/)",(sitemap)
https://pandaexteriors.com/blog/project/panda-ext-7962-3/,"listed only in the sitemap, not linked from any page (/blog/project/)",(sitemap)
https://pandaexteriors.com/blog/project/panda-ext-7962-4/,"listed only in the sitemap, not linked from any page (/blog/project/)",(sitemap)
https://pandaexteriors.com/blog/project/panda-ext-7962-5/,"listed only in the sitemap, not linked from any page (/blog/project/)",(sitemap)
https://pandaexteriors.com/blog/project/panda-ext-7962-6/,"listed only in the sitemap, not linked from any page (/blog/project/)",(sitemap)
https://pandaexteriors.com/blog/project/panda-ext-7962-7/,"listed only in the sitemap, not linked from any page (/blog/project/)",(sitemap)
https://pandaexteriors.com/blog/project/panda-ext-7962-8/,"listed only in the sitemap, not linked from any page (/blog/project/)",(sitemap)
https://pandaexteriors.com/blog/project/panda-ext-7962/,"listed only in the sitemap, not linked from any page (/blog/project/)",(sitemap)
https://pandaexteriors.com/blog/project/panda-ext-7963/,"listed only in the sitemap, not linked from any page (/blog/project/)",(sitemap)
https://pandaexteriors.com/blog/project/panda-ext-7964/,"listed only in the sitemap, not linked from any page (/blog/project/)",(sitemap)
https://pandaexteriors.com/blog/project/panda-ext-7967/,"listed only in the sitemap, not linked from any page (/blog/project/)",(sitemap)
https://pandaexteriors.com/blog/project/panda-ext-7968/,"listed only in the sitemap, not linked from any page (/blog/project/)",(sitemap)
https://pandaexteriors.com/blog/project/panda-ext-7973/,"listed only in the sitemap, not linked from any page (/blog/project/)",(sitemap)
https://pandaexteriors.com/blog/project/panda-ext-7975/,"listed only in the sitemap, not linked from any page (/blog/project/)",(sitemap)
https://pandaexteriors.com/blog/project/panda-ext-7976-2/,"listed only in the sitemap, not linked from any page (/blog/project/)",(sitemap)
https://pandaexteriors.com/blog/project/panda-ext-7976-3/,"listed only in the sitemap, not linked from any page (/blog/project/)",(sitemap)
https://pandaexteriors.com/blog/project/panda-ext-7976-4/,"listed only in the sitemap, not linked from any page (/blog/project/)",(sitemap)
https://pandaexteriors.com/blog/project/panda-ext-7976-5/,"listed only in the sitemap, not linked from any page (/blog/project/)",(sitemap)
https://pandaexteriors.com/blog/project/panda-ext-7976/,"listed only in the sitemap, not linked from any page (/blog/project/)",(sitemap)
https://pandaexteriors.com/blog/project/panda-ext-7977/,"listed only in the sitemap, not linked from any page (/blog/project/)",(sitemap)
https://pandaexteriors.com/blog/project/panda-ext-7979/,"listed only in the sitemap, not linked from any page (/blog/project/)",(sitemap)
https://pandaexteriors.com/blog/project/panda-ext-7981/,"listed only in the sitemap, not linked from any page (/blog/project/)",(sitemap)
https://pandaexteriors.com/blog/project/panda-ext-7982-2/,"listed only in the sitemap, not linked from any page (/blog/project/)",(sitemap)
https://pandaexteriors.com/blog/project/panda-ext-7982-3/,"listed only in the sitemap, not linked from any page (/blog/project/)",(sitemap)
https://pandaexteriors.com/blog/project/panda-ext-7982-4/,"listed only in the sitemap, not linked from any page (/blog/project/)",(sitemap)
https://pandaexteriors.com/blog/project/panda-ext-7982-5/,"listed only in the sitemap, not linked from any page (/blog/project/)",(sitemap)
https://pandaexteriors.com/blog/project/panda-ext-7982-6/,"listed only in the sitemap, not linked from any page (/blog/project/)",(sitemap)
https://pandaexteriors.com/blog/project/panda-ext-7982-7/,"listed only in the sitemap, not linked from any page (/blog/project/)",(sitemap)
https://pandaexteriors.com/blog/project/panda-ext-7982-8/,"listed only in the sitemap, not linked from any page (/blog/project/)",(sitemap)
https://pandaexteriors.com/blog/project/panda-ext-7982/,"listed only in the sitemap, not linked from any page (/blog/project/)",(sitemap)
https://pandaexteriors.com/blog/project/panda-ext-7984/,"listed only in the sitemap, not linked from any page (/blog/project/)",(sitemap)
https://pandaexteriors.com/blog/project/panda-ext-7985-2/,"listed only in the sitemap, not linked from any page (/blog/project/)",(sitemap)
https://pandaexteriors.com/blog/project/panda-ext-7985-3/,"listed only in the sitemap, not linked from any page (/blog/project/)",(sitemap)
https://pandaexteriors.com/blog/project/panda-ext-7985-4/,"listed only in the sitemap, not linked from any page (/blog/project/)",(sitemap)
https://pandaexteriors.com/blog/project/panda-ext-7985-5/,"listed only in the sitemap, not linked from any page (/blog/project/)",(sitemap)
https://pandaexteriors.com/blog/project/panda-ext-7985-6/,"listed only in the sitemap, not linked from any page (/blog/project/)",(sitemap)
https://pandaexteriors.com/blog/project/panda-ext-7985-7/,"listed only in the sitemap, not linked from any page (/blog/project/)",(sitemap)
https://pandaexteriors.com/blog/project/panda-ext-7985/,"listed only in the sitemap, not linked from any page (/blog/project/)",(sitemap)
https://pandaexteriors.com/blog/project/panda-ext-7987/,"listed only in the sitemap, not linked from any page (/blog/project/)",(sitemap)
https://pandaexteriors.com/blog/project/panda-ext-7989-2/,"listed only in the sitemap, not linked from any page (/blog/project/)",(sitemap)
https://pandaexteriors.com/blog/project/panda-ext-7989-3/,"listed only in the sitemap, not linked from any page (/blog/project/)",(sitemap)
https://pandaexteriors.com/blog/project/panda-ext-7989-4/,"listed only in the sitemap, not linked from any page (/blog/project/)",(sitemap)
https://pandaexteriors.com/blog/project/panda-ext-7989-5/,"listed only in the sitemap, not linked from any page (/blog/project/)",(sitemap)
https://pandaexteriors.com/blog/project/panda-ext-7989-6/,"listed only in the sitemap, not linked from any page (/blog/project/)",(sitemap)
https://pandaexteriors.com/blog/project/panda-ext-7989-7/,"listed only in the sitemap, not linked from any page (/blog/project/)",(sitemap)
https://pandaexteriors.com/blog/project/panda-ext-7989/,"listed only in the sitemap, not linked from any page (/blog/project/)",(sitemap)
https://pandaexteriors.com/blog/project/panda-ext-7990-2/,"listed only in the sitemap, not linked from any page (/blog/project/)",(sitemap)
https://pandaexteriors.com/blog/project/panda-ext-7990-3/,"listed only in the sitemap, not linked from any page (/blog/project/)",(sitemap)
https://pandaexteriors.com/blog/project/panda-ext-7990-4/,"listed only in the sitemap, not linked from any page (/blog/project/)",(sitemap)
https://pandaexteriors.com/blog/project/panda-ext-7990-5/,"listed only in the sitemap, not linked from any page (/blog/project/)",(sitemap)
https://pandaexteriors.com/blog/project/panda-ext-7990-6/,"listed only in the sitemap, not linked from any page (/blog/project/)",(sitemap)
https://pandaexteriors.com/blog/project/panda-ext-7990-7/,"listed only in the sitemap, not linked from any page (/blog/project/)",(sitemap)
https://pandaexteriors.com/blog/project/panda-ext-7990/,"listed only in the sitemap, not linked from any page (/blog/project/)",(sitemap)
https://pandaexteriors.com/blog/project/panda-ext-7991/,"listed only in the sitemap, not linked from any page (/blog/project/)",(sitemap)
https://pandaexteriors.com/blog/project/panda-ext-7993/,"listed only in the sitemap, not linked from any page (/blog/project/)",(sitemap)
https://pandaexteriors.com/blog/project/panda-ext-7996/,"listed only in the sitemap, not linked from any page (/blog/project/)",(sitemap)
https://pandaexteriors.com/blog/project/panda-ext-7998/,"listed only in the sitemap, not linked from any page (/blog/project/)",(sitemap)
https://pandaexteriors.com/blog/project/panda-ext-8002/,"listed only in the sitemap, not linked from any page (/blog/project/)",(sitemap)
https://pandaexteriors.com/blog/project/panda-ext-8003/,"listed only in the sitemap, not linked from any page (/blog/project/)",(sitemap)
https://pandaexteriors.com/blog/project/panda-ext-8006/,"listed only in the sitemap, not linked from any page (/blog/project/)",(sitemap)
https://pandaexteriors.com/blog/project/panda-ext-8007-2/,"listed only in the sitemap, not linked from any page (/blog/project/)",(sitemap)
https://pandaexteriors.com/blog/project/panda-ext-8007-3/,"listed only in the sitemap, not linked from any page (/blog/project/)",(sitemap)
https://pandaexteriors.com/blog/project/panda-ext-8007-4/,"listed only in the sitemap, not linked from any page (/blog/project/)",(sitemap)
https://pandaexteriors.com/blog/project/panda-ext-8007-5/,"listed only in the sitemap, not linked from any page (/blog/project/)",(sitemap)
https://pandaexteriors.com/blog/project/panda-ext-8007/,"listed only in the sitemap, not linked from any page (/blog/project/)",(sitemap)
https://pandaexteriors.com/blog/project/panda-ext-8008-2/,"listed only in the sitemap, not linked from any page (/blog/project/)",(sitemap)
https://pandaexteriors.com/blog/project/panda-ext-8008-3/,"listed only in the sitemap, not linked from any page (/blog/project/)",(sitemap)
https://pandaexteriors.com/blog/project/panda-ext-8008-4/,"listed only in the sitemap, not linked from any page (/blog/project/)",(sitemap)
https://pandaexteriors.com/blog/project/panda-ext-8008-5/,"listed only in the sitemap, not linked from any page (/blog/project/)",(sitemap)
https://pandaexteriors.com/blog/project/panda-ext-8008/,"listed only in the sitemap, not linked from any page (/blog/project/)",(sitemap)
https://pandaexteriors.com/blog/project/panda-ext-8011-2/,"listed only in the sitemap, not linked from any page (/blog/project/)",(sitemap)
https://pandaexteriors.com/blog/project/panda-ext-8011-3/,"listed only in the sitemap, not linked from any page (/blog/project/)",(sitemap)
https://pandaexteriors.com/blog/project/panda-ext-8011-4/,"listed only in the sitemap, not linked from any page (/blog/project/)",(sitemap)
https://pandaexteriors.com/blog/project/panda-ext-8011-5/,"listed only in the sitemap, not linked from any page (/blog/project/)",(sitemap)
https://pandaexteriors.com/blog/project/panda-ext-8011-6/,"listed only in the sitemap, not linked from any page (/blog/project/)",(sitemap)
https://pandaexteriors.com/blog/project/panda-ext-8011-7/,"listed only in the sitemap, not linked from any page (/blog/project/)",(sitemap)
https://pandaexteriors.com/blog/project/panda-ext-8011/,"listed only in the sitemap, not linked from any page (/blog/project/)",(sitemap)
https://pandaexteriors.com/blog/project/panda-ext-8012/,"listed only in the sitemap, not linked from any page (/blog/project/)",(sitemap)
https://pandaexteriors.com/blog/project/panda-ext-8013/,"listed only in the sitemap, not linked from any page (/blog/project/)",(sitemap)
https://pandaexteriors.com/blog/project/panda-ext-8014/,"listed only in the sitemap, not linked from any page (/blog/project/)",(sitemap)
https://pandaexteriors.com/blog/project/panda-ext-8015/,"listed only in the sitemap, not linked from any page (/blog/project/)",(sitemap)
https://pandaexteriors.com/blog/project/panda-ext-8016-2/,"listed only in the sitemap, not linked from any page (/blog/project/)",(sitemap)
https://pandaexteriors.com/blog/project/panda-ext-8016-4/,"listed only in the sitemap, not linked from any page (/blog/project/)",(sitemap)
https://pandaexteriors.com/blog/project/panda-ext-8016-5/,"listed only in the sitemap, not linked from any page (/blog/project/)",(sitemap)
https://pandaexteriors.com/blog/project/panda-ext-8016-6/,"listed only in the sitemap, not linked from any page (/blog/project/)",(sitemap)
https://pandaexteriors.com/blog/project/panda-ext-8016/,"listed only in the sitemap, not linked from any page (/blog/project/)",(sitemap)
https://pandaexteriors.com/blog/project/panda-ext-8017-2/,"listed only in the sitemap, not linked from any page (/blog/project/)",(sitemap)
https://pandaexteriors.com/blog/project/panda-ext-8017-3/,"listed only in the sitemap, not linked from any page (/blog/project/)",(sitemap)
https://pandaexteriors.com/blog/project/panda-ext-8017-4/,"listed only in the sitemap, not linked from any page (/blog/project/)",(sitemap)
https://pandaexteriors.com/blog/project/panda-ext-8017-5/,"listed only in the sitemap, not linked from any page (/blog/project/)",(sitemap)
https://pandaexteriors.com/blog/project/panda-ext-8017-6/,"listed only in the sitemap, not linked from any page (/blog/project/)",(sitemap)
https://pandaexteriors.com/blog/project/panda-ext-8017-7/,"listed only in the sitemap, not linked from any page (/blog/project/)",(sitemap)
https://pandaexteriors.com/blog/project/panda-ext-8017/,"listed only in the sitemap, not linked from any page (/blog/project/)",(sitemap)
https://pandaexteriors.com/blog/project/panda-ext-8018-2/,"listed only in the sitemap, not linked from any page (/blog/project/)",(sitemap)
https://pandaexteriors.com/blog/project/panda-ext-8018-3/,"listed only in the sitemap, not linked from any page (/blog/project/)",(sitemap)
https://pandaexteriors.com/blog/project/panda-ext-8018-4/,"listed only in the sitemap, not linked from any page (/blog/project/)",(sitemap)
https://pandaexteriors.com/blog/project/panda-ext-8018-5/,"listed only in the sitemap, not linked from any page (/blog/project/)",(sitemap)
https://pandaexteriors.com/blog/project/panda-ext-8018-6/,"listed only in the sitemap, not linked from any page (/blog/project/)",(sitemap)
https://pandaexteriors.com/blog/project/panda-ext-8018-7/,"listed only in the sitemap, not linked from any page (/blog/project/)",(sitemap)
https://pandaexteriors.com/blog/project/panda-ext-8018/,"listed only in the sitemap, not linked from any page (/blog/project/)",(sitemap)
https://pandaexteriors.com/blog/project/panda-ext-8019-2/,"listed only in the sitemap, not linked from any page (/blog/project/)",(sitemap)
https://pandaexteriors.com/blog/project/panda-ext-8019-3/,"listed only in the sitemap, not linked from any page (/blog/project/)",(sitemap)
https://pandaexteriors.com/blog/project/panda-ext-8019-5/,"listed only in the sitemap, not linked from any page (/blog/project/)",(sitemap)
https://pandaexteriors.com/blog/project/panda-ext-8019-6/,"listed only in the sitemap, not linked from any page (/blog/project/)",(sitemap)
https://pandaexteriors.com/blog/project/panda-ext-8019-7/,"listed only in the sitemap, not linked from any page (/blog/project/)",(sitemap)
https://pandaexteriors.com/blog/project/panda-ext-8019/,"listed only in the sitemap, not linked from any page (/blog/project/)",(sitemap)
https://pandaexteriors.com/blog/project/panda-ext-8020/,"listed only in the sitemap, not linked from any page (/blog/project/)",(sitemap)
https://pandaexteriors.com/blog/project/panda-ext-8022-2/,"listed only in the sitemap, not linked from any page (/blog/project/)",(sitemap)
https://pandaexteriors.com/blog/project/panda-ext-8022-3/,"listed only in the sitemap, not linked from any page (/blog/project/)",(sitemap)
https://pandaexteriors.com/blog/project/panda-ext-8022-4/,"listed only in the sitemap, not linked from any page (/blog/project/)",(sitemap)
https://pandaexteriors.com/blog/project/panda-ext-8022-5/,"listed only in the sitemap, not linked from any page (/blog/project/)",(sitemap)
https://pandaexteriors.com/blog/project/panda-ext-8022-6/,"listed only in the sitemap, not linked from any page (/blog/project/)",(sitemap)
https://pandaexteriors.com/blog/project/panda-ext-8022-7/,"listed only in the sitemap, not linked from any page (/blog/project/)",(sitemap)
https://pandaexteriors.com/blog/project/panda-ext-8022-8/,"listed only in the sitemap, not linked from any page (/blog/project/)",(sitemap)
https://pandaexteriors.com/blog/project/panda-ext-8022/,"listed only in the sitemap, not linked from any page (/blog/project/)",(sitemap)
https://pandaexteriors.com/blog/project/panda-ext-8025/,"listed only in the sitemap, not linked from any page (/blog/project/)",(sitemap)
https://pandaexteriors.com/blog/project/panda-ext-8027/,"listed only in the sitemap, not linked from any page (/blog/project/)",(sitemap)
https://pandaexteriors.com/blog/project/panda-ext-8030/,"listed only in the sitemap, not linked from any page (/blog/project/)",(sitemap)
https://pandaexteriors.com/blog/project/panda-ext-8031/,"listed only in the sitemap, not linked from any page (/blog/project/)",(sitemap)
https://pandaexteriors.com/blog/project/panda-ext-8032/,"listed only in the sitemap, not linked from any page (/blog/project/)",(sitemap)
https://pandaexteriors.com/blog/project/panda-ext-8034/,"listed only in the sitemap, not linked from any page (/blog/project/)",(sitemap)
https://pandaexteriors.com/blog/project/panda-ext-8036/,"listed only in the sitemap, not linked from any page (/blog/project/)",(sitemap)
https://pandaexteriors.com/blog/project/panda-ext-8037-2/,"listed only in the sitemap, not linked from any page (/blog/project/)",(sitemap)
https://pandaexteriors.com/blog/project/panda-ext-8037-3/,"listed only in the sitemap, not linked from any page (/blog/project/)",(sitemap)
https://pandaexteriors.com/blog/project/panda-ext-8037-4/,"listed only in the sitemap, not linked from any page (/blog/project/)",(sitemap)
https://pandaexteriors.com/blog/project/panda-ext-8037-5/,"listed only in the sitemap, not linked from any page (/blog/project/)",(sitemap)
https://pandaexteriors.com/blog/project/panda-ext-8037-6/,"listed only in the sitemap, not linked from any page (/blog/project/)",(sitemap)
https://pandaexteriors.com/blog/project/panda-ext-8037-7/,"listed only in the sitemap, not linked from any page (/blog/project/)",(sitemap)
https://pandaexteriors.com/blog/project/panda-ext-8037/,"listed only in the sitemap, not linked from any page (/blog/project/)",(sitemap)
https://pandaexteriors.com/blog/project/panda-ext-8038-2/,"listed only in the sitemap, not linked from any page (/blog/project/)",(sitemap)
https://pandaexteriors.com/blog/project/panda-ext-8038-3/,"listed only in the sitemap, not linked from any page (/blog/project/)",(sitemap)
https://pandaexteriors.com/blog/project/panda-ext-8038-4/,"listed only in the sitemap, not linked from any page (/blog/project/)",(sitemap)
https://pandaexteriors.com/blog/project/panda-ext-8038-5/,"listed only in the sitemap, not linked from any page (/blog/project/)",(sitemap)
https://pandaexteriors.com/blog/project/panda-ext-8038-6/,"listed only in the sitemap, not linked from any page (/blog/project/)",(sitemap)
https://pandaexteriors.com/blog/project/panda-ext-8038-7/,"listed only in the sitemap, not linked from any page (/blog/project/)",(sitemap)
https://pandaexteriors.com/blog/project/panda-ext-8038/,"listed only in the sitemap, not linked from any page (/blog/project/)",(sitemap)
https://pandaexteriors.com/blog/project/panda-ext-8040/,"listed only in the sitemap, not linked from any page (/blog/project/)",(sitemap)
https://pandaexteriors.com/blog/project/panda-ext-8041/,"listed only in the sitemap, not linked from any page (/blog/project/)",(sitemap)
https://pandaexteriors.com/blog/project/panda-ext-8042/,"listed only in the sitemap, not linked from any page (/blog/project/)",(sitemap)
https://pandaexteriors.com/blog/project/panda-ext-8043/,"listed only in the sitemap, not linked from any page (/blog/project/)",(sitemap)
https://pandaexteriors.com/blog/project/panda-ext-8046/,"listed only in the sitemap, not linked from any page (/blog/project/)",(sitemap)
https://pandaexteriors.com/blog/project/panda-ext-8048/,"listed only in the sitemap, not linked from any page (/blog/project/)",(sitemap)
https://pandaexteriors.com/blog/project/panda-ext-8050/,"listed only in the sitemap, not linked from any page (/blog/project/)",(sitemap)
https://pandaexteriors.com/blog/project/panda-ext-8052-2/,"listed only in the sitemap, not linked from any page (/blog/project/)",(sitemap)
https://pandaexteriors.com/blog/project/panda-ext-8052-3/,"listed only in the sitemap, not linked from any page (/blog/project/)",(sitemap)
https://pandaexteriors.com/blog/project/panda-ext-8052-4/,"listed only in the sitemap, not linked from any page (/blog/project/)",(sitemap)
https://pandaexteriors.com/blog/project/panda-ext-8052-5/,"listed only in the sitemap, not linked from any page (/blog/project/)",(sitemap)
https://pandaexteriors.com/blog/project/panda-ext-8052-6/,"listed only in the sitemap, not linked from any page (/blog/project/)",(sitemap)
https://pandaexteriors.com/blog/project/panda-ext-8052-7/,"listed only in the sitemap, not linked from any page (/blog/project/)",(sitemap)
https://pandaexteriors.com/blog/project/panda-ext-8052/,"listed only in the sitemap, not linked from any page (/blog/project/)",(sitemap)
https://pandaexteriors.com/blog/project/panda-ext-8053/,"listed only in the sitemap, not linked from any page (/blog/project/)",(sitemap)
https://pandaexteriors.com/blog/project/panda-ext-8054/,"listed only in the sitemap, not linked from any page (/blog/project/)",(sitemap)
https://pandaexteriors.com/blog/project/panda-ext-8056/,"listed only in the sitemap, not linked from any page (/blog/project/)",(sitemap)
https://pandaexteriors.com/blog/project/panda-ext-8057/,"listed only in the sitemap, not linked from any page (/blog/project/)",(sitemap)
https://pandaexteriors.com/blog/project/panda-ext-8060/,"listed only in the sitemap, not linked from any page (/blog/project/)",(sitemap)
https://pandaexteriors.com/blog/project/panda-ext-8061/,"listed only in the sitemap, not linked from any page (/blog/project/)",(sitemap)
https://pandaexteriors.com/blog/project/panda-ext-8064/,"listed only in the sitemap, not linked from any page (/blog/project/)",(sitemap)
https://pandaexteriors.com/blog/project/panda-ext-8065-2/,"listed only in the sitemap, not linked from any page (/blog/project/)",(sitemap)
https://pandaexteriors.com/blog/project/panda-ext-8065-3/,"listed only in the sitemap, not linked from any page (/blog/project/)",(sitemap)
https://pandaexteriors.com/blog/project/panda-ext-8065-4/,"listed only in the sitemap, not linked from any page (/blog/project/)",(sitemap)
https://pandaexteriors.com/blog/project/panda-ext-8065-5/,"listed only in the sitemap, not linked from any page (/blog/project/)",(sitemap)
https://pandaexteriors.com/blog/project/panda-ext-8065-6/,"listed only in the sitemap, not linked from any page (/blog/project/)",(sitemap)
https://pandaexteriors.com/blog/project/panda-ext-8065-7/,"listed only in the sitemap, not linked from any page (/blog/project/)",(sitemap)
https://pandaexteriors.com/blog/project/panda-ext-8065/,"listed only in the sitemap, not linked from any page (/blog/project/)",(sitemap)
https://pandaexteriors.com/blog/project/panda-ext-8069/,"listed only in the sitemap, not linked from any page (/blog/project/)",(sitemap)
https://pandaexteriors.com/blog/project/panda-ext-8070/,"listed only in the sitemap, not linked from any page (/blog/project/)",(sitemap)
https://pandaexteriors.com/blog/project/panda-ext-8071/,"listed only in the sitemap, not linked from any page (/blog/project/)",(sitemap)
https://pandaexteriors.com/blog/project/panda-ext-8073/,"listed only in the sitemap, not linked from any page (/blog/project/)",(sitemap)
https://pandaexteriors.com/blog/project/panda-ext-8075-2/,"listed only in the sitemap, not linked from any page (/blog/project/)",(sitemap)
https://pandaexteriors.com/blog/project/panda-ext-8075-3/,"listed only in the sitemap, not linked from any page (/blog/project/)",(sitemap)
https://pandaexteriors.com/blog/project/panda-ext-8075-4/,"listed only in the sitemap, not linked from any page (/blog/project/)",(sitemap)
https://pandaexteriors.com/blog/project/panda-ext-8075-5/,"listed only in the sitemap, not linked from any page (/blog/project/)",(sitemap)
https://pandaexteriors.com/blog/project/panda-ext-8075-6/,"listed only in the sitemap, not linked from any page (/blog/project/)",(sitemap)
https://pandaexteriors.com/blog/project/panda-ext-8075-7/,"listed only in the sitemap, not linked from any page (/blog/project/)",(sitemap)
https://pandaexteriors.com/blog/project/panda-ext-8075-8/,"listed only in the sitemap, not linked from any page (/blog/project/)",(sitemap)
https://pandaexteriors.com/blog/project/panda-ext-8075/,"listed only in the sitemap, not linked from any page (/blog/project/)",(sitemap)
https://pandaexteriors.com/blog/project/panda-ext-8076/,"listed only in the sitemap, not linked from any page (/blog/project/)",(sitemap)
https://pandaexteriors.com/blog/project/panda-ext-8080/,"listed only in the sitemap, not linked from any page (/blog/project/)",(sitemap)
https://pandaexteriors.com/blog/project/panda-ext-8081/,"listed only in the sitemap, not linked from any page (/blog/project/)",(sitemap)
https://pandaexteriors.com/blog/project/panda-ext-8084/,"listed only in the sitemap, not linked from any page (/blog/project/)",(sitemap)
https://pandaexteriors.com/blog/project/panda-ext-8086-2/,"listed only in the sitemap, not linked from any page (/blog/project/)",(sitemap)
https://pandaexteriors.com/blog/project/panda-ext-8086-3/,"listed only in the sitemap, not linked from any page (/blog/project/)",(sitemap)
https://pandaexteriors.com/blog/project/panda-ext-8086-4/,"listed only in the sitemap, not linked from any page (/blog/project/)",(sitemap)
https://pandaexteriors.com/blog/project/panda-ext-8086-5/,"listed only in the sitemap, not linked from any page (/blog/project/)",(sitemap)
https://pandaexteriors.com/blog/project/panda-ext-8086-6/,"listed only in the sitemap, not linked from any page (/blog/project/)",(sitemap)
https://pandaexteriors.com/blog/project/panda-ext-8086-7/,"listed only in the sitemap, not linked from any page (/blog/project/)",(sitemap)
https://pandaexteriors.com/blog/project/panda-ext-8086/,"listed only in the sitemap, not linked from any page (/blog/project/)",(sitemap)
https://pandaexteriors.com/blog/project/panda-ext-8087/,"listed only in the sitemap, not linked from any page (/blog/project/)",(sitemap)
https://pandaexteriors.com/blog/project/panda-ext-8089-2/,"listed only in the sitemap, not linked from any page (/blog/project/)",(sitemap)
https://pandaexteriors.com/blog/project/panda-ext-8089/,"listed only in the sitemap, not linked from any page (/blog/project/)",(sitemap)
https://pandaexteriors.com/blog/project/panda-ext-8090-2/,"listed only in the sitemap, not linked from any page (/blog/project/)",(sitemap)
https://pandaexteriors.com/blog/project/panda-ext-8090-3/,"listed only in the sitemap, not linked from any page (/blog/project/)",(sitemap)
https://pandaexteriors.com/blog/project/panda-ext-8090-4/,"listed only in the sitemap, not linked from any page (/blog/project/)",(sitemap)
https://pandaexteriors.com/blog/project/panda-ext-8090-5/,"listed only in the sitemap, not linked from any page (/blog/project/)",(sitemap)
https://pandaexteriors.com/blog/project/panda-ext-8090-6/,"listed only in the sitemap, not linked from any page (/blog/project/)",(sitemap)
https://pandaexteriors.com/blog/project/panda-ext-8090-7/,"listed only in the sitemap, not linked from any page (/blog/project/)",(sitemap)
https://pandaexteriors.com/blog/project/panda-ext-8090-8/,"listed only in the sitemap, not linked from any page (/blog/project/)",(sitemap)
https://pandaexteriors.com/blog/project/panda-ext-8090/,"listed only in the sitemap, not linked from any page (/blog/project/)",(sitemap)
https://pandaexteriors.com/blog/project/panda-ext-8091/,"listed only in the sitemap, not linked from any page (/blog/project/)",(sitemap)
https://pandaexteriors.com/blog/project/panda-ext-8092/,"listed only in the sitemap, not linked from any page (/blog/project/)",(sitemap)
https://pandaexteriors.com/blog/project/panda-ext-8094/,"listed only in the sitemap, not linked from any page (/blog/project/)",(sitemap)
https://pandaexteriors.com/blog/project/panda-ext-8097/,"listed only in the sitemap, not linked from any page (/blog/project/)",(sitemap)
https://pandaexteriors.com/blog/project/panda-ext-8099/,"listed only in the sitemap, not linked from any page (/blog/project/)",(sitemap)
https://pandaexteriors.com/blog/project/panda-ext-8100/,"listed only in the sitemap, not linked from any page (/blog/project/)",(sitemap)
https://pandaexteriors.com/blog/project/panda-ext-8101/,"listed only in the sitemap, not linked from any page (/blog/project/)",(sitemap)
https://pandaexteriors.com/blog/project/panda-ext-8103-2/,"listed only in the sitemap, not linked from any page (/blog/project/)",(sitemap)
https://pandaexteriors.com/blog/project/panda-ext-8103-3/,"listed only in the sitemap, not linked from any page (/blog/project/)",(sitemap)
https://pandaexteriors.com/blog/project/panda-ext-8103-4/,"listed only in the sitemap, not linked from any page (/blog/project/)",(sitemap)
https://pandaexteriors.com/blog/project/panda-ext-8103-5/,"listed only in the sitemap, not linked from any page (/blog/project/)",(sitemap)
https://pandaexteriors.com/blog/project/panda-ext-8103-6/,"listed only in the sitemap, not linked from any page (/blog/project/)",(sitemap)
https://pandaexteriors.com/blog/project/panda-ext-8103-7/,"listed only in the sitemap, not linked from any page (/blog/project/)",(sitemap)
https://pandaexteriors.com/blog/project/panda-ext-8103-8/,"listed only in the sitemap, not linked from any page (/blog/project/)",(sitemap)
https://pandaexteriors.com/blog/project/panda-ext-8103/,"listed only in the sitemap, not linked from any page (/blog/project/)",(sitemap)
https://pandaexteriors.com/blog/project/panda-ext-8104/,"listed only in the sitemap, not linked from any page (/blog/project/)",(sitemap)
https://pandaexteriors.com/blog/project/panda-ext-8105/,"listed only in the sitemap, not linked from any page (/blog/project/)",(sitemap)
https://pandaexteriors.com/blog/project/panda-ext-8106-2/,"listed only in the sitemap, not linked from any page (/blog/project/)",(sitemap)
https://pandaexteriors.com/blog/project/panda-ext-8106-3/,"listed only in the sitemap, not linked from any page (/blog/project/)",(sitemap)
https://pandaexteriors.com/blog/project/panda-ext-8106-4/,"listed only in the sitemap, not linked from any page (/blog/project/)",(sitemap)
https://pandaexteriors.com/blog/project/panda-ext-8106-5/,"listed only in the sitemap, not linked from any page (/blog/project/)",(sitemap)
https://pandaexteriors.com/blog/project/panda-ext-8106-6/,"listed only in the sitemap, not linked from any page (/blog/project/)",(sitemap)
https://pandaexteriors.com/blog/project/panda-ext-8106-7/,"listed only in the sitemap, not linked from any page (/blog/project/)",(sitemap)
https://pandaexteriors.com/blog/project/panda-ext-8106/,"listed only in the sitemap, not linked from any page (/blog/project/)",(sitemap)
https://pandaexteriors.com/blog/project/panda-ext-8107/,"listed only in the sitemap, not linked from any page (/blog/project/)",(sitemap)
https://pandaexteriors.com/blog/project/panda-ext-8109/,"listed only in the sitemap, not linked from any page (/blog/project/)",(sitemap)
https://pandaexteriors.com/blog/project/panda-ext-8110/,"listed only in the sitemap, not linked from any page (/blog/project/)",(sitemap)
https://pandaexteriors.com/blog/project/panda-ext-8111/,"listed only in the sitemap, not linked from any page (/blog/project/)",(sitemap)
https://pandaexteriors.com/blog/project/panda-ext-8112/,"listed only in the sitemap, not linked from any page (/blog/project/)",(sitemap)
https://pandaexteriors.com/blog/project/panda-ext-8114/,"listed only in the sitemap, not linked from any page (/blog/project/)",(sitemap)
https://pandaexteriors.com/blog/project/panda-ext-8116/,"listed only in the sitemap, not linked from any page (/blog/project/)",(sitemap)
https://pandaexteriors.com/blog/project/panda-ext-8117-2/,"listed only in the sitemap, not linked from any page (/blog/project/)",(sitemap)
https://pandaexteriors.com/blog/project/panda-ext-8117-3/,"listed only in the sitemap, not linked from any page (/blog/project/)",(sitemap)
https://pandaexteriors.com/blog/project/panda-ext-8117-4/,"listed only in the sitemap, not linked from any page (/blog/project/)",(sitemap)
https://pandaexteriors.com/blog/project/panda-ext-8117-5/,"listed only in the sitemap, not linked from any page (/blog/project/)",(sitemap)
https://pandaexteriors.com/blog/project/panda-ext-8117-6/,"listed only in the sitemap, not linked from any page (/blog/project/)",(sitemap)
https://pandaexteriors.com/blog/project/panda-ext-8117-7/,"listed only in the sitemap, not linked from any page (/blog/project/)",(sitemap)
https://pandaexteriors.com/blog/project/panda-ext-8117/,"listed only in the sitemap, not linked from any page (/blog/project/)",(sitemap)
https://pandaexteriors.com/blog/project/panda-ext-8118/,"listed only in the sitemap, not linked from any page (/blog/project/)",(sitemap)
https://pandaexteriors.com/blog/project/panda-ext-8119/,"listed only in the sitemap, not linked from any page (/blog/project/)",(sitemap)
https://pandaexteriors.com/blog/project/panda-ext-8122-2/,"listed only in the sitemap, not linked from any page (/blog/project/)",(sitemap)
https://pandaexteriors.com/blog/project/panda-ext-8122-3/,"listed only in the sitemap, not linked from any page (/blog/project/)",(sitemap)
https://pandaexteriors.com/blog/project/panda-ext-8122-4/,"listed only in the sitemap, not linked from any page (/blog/project/)",(sitemap)
https://pandaexteriors.com/blog/project/panda-ext-8122-5/,"listed only in the sitemap, not linked from any page (/blog/project/)",(sitemap)
https://pandaexteriors.com/blog/project/panda-ext-8122-6/,"listed only in the sitemap, not linked from any page (/blog/project/)",(sitemap)
https://pandaexteriors.com/blog/project/panda-ext-8122-7/,"listed only in the sitemap, not linked from any page (/blog/project/)",(sitemap)
https://pandaexteriors.com/blog/project/panda-ext-8122-8/,"listed only in the sitemap, not linked from any page (/blog/project/)",(sitemap)
https://pandaexteriors.com/blog/project/panda-ext-8122/,"listed only in the sitemap, not linked from any page (/blog/project/)",(sitemap)
https://pandaexteriors.com/blog/project/panda-ext-8124/,"listed only in the sitemap, not linked from any page (/blog/project/)",(sitemap)
https://pandaexteriors.com/blog/project/panda-ext-8125/,"listed only in the sitemap, not linked from any page (/blog/project/)",(sitemap)
https://pandaexteriors.com/blog/project/panda-ext-8126/,"listed only in the sitemap, not linked from any page (/blog/project/)",(sitemap)
https://pandaexteriors.com/blog/project/panda-ext-8127/,"listed only in the sitemap, not linked from any page (/blog/project/)",(sitemap)
https://pandaexteriors.com/blog/project/panda-ext-8130/,"listed only in the sitemap, not linked from any page (/blog/project/)",(sitemap)
https://pandaexteriors.com/blog/project/panda-ext-8132/,"listed only in the sitemap, not linked from any page (/blog/project/)",(sitemap)
https://pandaexteriors.com/blog/project/panda-ext-8133/,"listed only in the sitemap, not linked from any page (/blog/project/)",(sitemap)
https://pandaexteriors.com/blog/project/panda-ext-8134/,"listed only in the sitemap, not linked from any page (/blog/project/)",(sitemap)
https://pandaexteriors.com/blog/project/panda-ext-8137/,"listed only in the sitemap, not linked from any page (/blog/project/)",(sitemap)
https://pandaexteriors.com/blog/project/panda-ext-8140/,"listed only in the sitemap, not linked from any page (/blog/project/)",(sitemap)
https://pandaexteriors.com/blog/project/panda-ext-8142/,"listed only in the sitemap, not linked from any page (/blog/project/)",(sitemap)
https://pandaexteriors.com/blog/project/panda-ext-8146/,"listed only in the sitemap, not linked from any page (/blog/project/)",(sitemap)
https://pandaexteriors.com/blog/project/panda-ext-8147/,"listed only in the sitemap, not linked from any page (/blog/project/)",(sitemap)
https://pandaexteriors.com/blog/project/panda-ext-8149/,"listed only in the sitemap, not linked from any page (/blog/project/)",(sitemap)
https://pandaexteriors.com/blog/project/panda-ext-8150/,"listed only in the sitemap, not linked from any page (/blog/project/)",(sitemap)
https://pandaexteriors.com/blog/project/panda-ext-8151-2/,"listed only in the sitemap, not linked from any page (/blog/project/)",(sitemap)
https://pandaexteriors.com/blog/project/panda-ext-8151-3/,"listed only in the sitemap, not linked from any page (/blog/project/)",(sitemap)
https://pandaexteriors.com/blog/project/panda-ext-8151-4/,"listed only in the sitemap, not linked from any page (/blog/project/)",(sitemap)
https://pandaexteriors.com/blog/project/panda-ext-8151-5/,"listed only in the sitemap, not linked from any page (/blog/project/)",(sitemap)
https://pandaexteriors.com/blog/project/panda-ext-8151/,"listed only in the sitemap, not linked from any page (/blog/project/)",(sitemap)
https://pandaexteriors.com/blog/project/panda-ext-8153-2/,"listed only in the sitemap, not linked from any page (/blog/project/)",(sitemap)
https://pandaexteriors.com/blog/project/panda-ext-8153-3/,"listed only in the sitemap, not linked from any page (/blog/project/)",(sitemap)
https://pandaexteriors.com/blog/project/panda-ext-8153-4/,"listed only in the sitemap, not linked from any page (/blog/project/)",(sitemap)
https://pandaexteriors.com/blog/project/panda-ext-8153-5/,"listed only in the sitemap, not linked from any page (/blog/project/)",(sitemap)
https://pandaexteriors.com/blog/project/panda-ext-8153-6/,"listed only in the sitemap, not linked from any page (/blog/project/)",(sitemap)
https://pandaexteriors.com/blog/project/panda-ext-8153-7/,"listed only in the sitemap, not linked from any page (/blog/project/)",(sitemap)
https://pandaexteriors.com/blog/project/panda-ext-8153-8/,"listed only in the sitemap, not linked from any page (/blog/project/)",(sitemap)
https://pandaexteriors.com/blog/project/panda-ext-8153/,"listed only in the sitemap, not linked from any page (/blog/project/)",(sitemap)
https://pandaexteriors.com/blog/project/panda-ext-8155-2/,"listed only in the sitemap, not linked from any page (/blog/project/)",(sitemap)
https://pandaexteriors.com/blog/project/panda-ext-8155-3/,"listed only in the sitemap, not linked from any page (/blog/project/)",(sitemap)
https://pandaexteriors.com/blog/project/panda-ext-8155-4/,"listed only in the sitemap, not linked from any page (/blog/project/)",(sitemap)
https://pandaexteriors.com/blog/project/panda-ext-8155-5/,"listed only in the sitemap, not linked from any page (/blog/project/)",(sitemap)
https://pandaexteriors.com/blog/project/panda-ext-8155/,"listed only in the sitemap, not linked from any page (/blog/project/)",(sitemap)
https://pandaexteriors.com/blog/project/panda-ext-8157/,"listed only in the sitemap, not linked from any page (/blog/project/)",(sitemap)
https://pandaexteriors.com/blog/project/panda-ext-8158/,"listed only in the sitemap, not linked from any page (/blog/project/)",(sitemap)
https://pandaexteriors.com/blog/project/panda-ext-8160/,"listed only in the sitemap, not linked from any page (/blog/project/)",(sitemap)
https://pandaexteriors.com/blog/project/panda-ext-8161/,"listed only in the sitemap, not linked from any page (/blog/project/)",(sitemap)
https://pandaexteriors.com/blog/project/panda-ext-8162-2/,"listed only in the sitemap, not linked from any page (/blog/project/)",(sitemap)
https://pandaexteriors.com/blog/project/panda-ext-8162-3/,"listed only in the sitemap, not linked from any page (/blog/project/)",(sitemap)
https://pandaexteriors.com/blog/project/panda-ext-8162-4/,"listed only in the sitemap, not linked from any page (/blog/project/)",(sitemap)
https://pandaexteriors.com/blog/project/panda-ext-8162-5/,"listed only in the sitemap, not linked from any page (/blog/project/)",(sitemap)
https://pandaexteriors.com/blog/project/panda-ext-8162-6/,"listed only in the sitemap, not linked from any page (/blog/project/)",(sitemap)
https://pandaexteriors.com/blog/project/panda-ext-8162-7/,"listed only in the sitemap, not linked from any page (/blog/project/)",(sitemap)
https://pandaexteriors.com/blog/project/panda-ext-8162/,"listed only in the sitemap, not linked from any page (/blog/project/)",(sitemap)
https://pandaexteriors.com/blog/project/panda-ext-8163/,"listed only in the sitemap, not linked from any page (/blog/project/)",(sitemap)
https://pandaexteriors.com/blog/project/panda-ext-8164/,"listed only in the sitemap, not linked from any page (/blog/project/)",(sitemap)
https://pandaexteriors.com/blog/project/panda-ext-8171-2/,"listed only in the sitemap, not linked from any page (/blog/project/)",(sitemap)
https://pandaexteriors.com/blog/project/panda-ext-8171-3/,"listed only in the sitemap, not linked from any page (/blog/project/)",(sitemap)
https://pandaexteriors.com/blog/project/panda-ext-8171-4/,"listed only in the sitemap, not linked from any page (/blog/project/)",(sitemap)
https://pandaexteriors.com/blog/project/panda-ext-8171-5/,"listed only in the sitemap, not linked from any page (/blog/project/)",(sitemap)
https://pandaexteriors.com/blog/project/panda-ext-8171-6/,"listed only in the sitemap, not linked from any page (/blog/project/)",(sitemap)
https://pandaexteriors.com/blog/project/panda-ext-8171-7/,"listed only in the sitemap, not linked from any page (/blog/project/)",(sitemap)
https://pandaexteriors.com/blog/project/panda-ext-8171/,"listed only in the sitemap, not linked from any page (/blog/project/)",(sitemap)
https://pandaexteriors.com/blog/project/panda-ext-8172/,"listed only in the sitemap, not linked from any page (/blog/project/)",(sitemap)
https://pandaexteriors.com/blog/project/panda-ext-8178/,"listed only in the sitemap, not linked from any page (/blog/project/)",(sitemap)
https://pandaexteriors.com/blog/project/panda-ext-8179/,"listed only in the sitemap, not linked from any page (/blog/project/)",(sitemap)
https://pandaexteriors.com/blog/project/panda-ext-8180/,"listed only in the sitemap, not linked from any page (/blog/project/)",(sitemap)
https://pandaexteriors.com/blog/project/panda-ext-8181/,"listed only in the sitemap, not linked from any page (/blog/project/)",(sitemap)
https://pandaexteriors.com/blog/project/panda-ext-8183/,"listed only in the sitemap, not linked from any page (/blog/project/)",(sitemap)
https://pandaexteriors.com/blog/project/panda-ext-8185/,"listed only in the sitemap, not linked from any page (/blog/project/)",(sitemap)
https://pandaexteriors.com/blog/project/panda-ext-8188/,"listed only in the sitemap, not linked from any page (/blog/project/)",(sitemap)
https://pandaexteriors.com/blog/project/panda-ext-8190/,"listed only in the sitemap, not linked from any page (/blog/project/)",(sitemap)
https://pandaexteriors.com/blog/project/panda-ext-8191-2/,"listed only in the sitemap, not linked from any page (/blog/project/)",(sitemap)
https://pandaexteriors.com/blog/project/panda-ext-8191-3/,"listed only in the sitemap, not linked from any page (/blog/project/)",(sitemap)
https://pandaexteriors.com/blog/project/panda-ext-8191-4/,"listed only in the sitemap, not linked from any page (/blog/project/)",(sitemap)
https://pandaexteriors.com/blog/project/panda-ext-8191-5/,"listed only in the sitemap, not linked from any page (/blog/project/)",(sitemap)
https://pandaexteriors.com/blog/project/panda-ext-8191/,"listed only in the sitemap, not linked from any page (/blog/project/)",(sitemap)
https://pandaexteriors.com/blog/project/panda-ext-8192-2/,"listed only in the sitemap, not linked from any page (/blog/project/)",(sitemap)
https://pandaexteriors.com/blog/project/panda-ext-8192-3/,"listed only in the sitemap, not linked from any page (/blog/project/)",(sitemap)
https://pandaexteriors.com/blog/project/panda-ext-8192-4/,"listed only in the sitemap, not linked from any page (/blog/project/)",(sitemap)
https://pandaexteriors.com/blog/project/panda-ext-8192-5/,"listed only in the sitemap, not linked from any page (/blog/project/)",(sitemap)
https://pandaexteriors.com/blog/project/panda-ext-8192-6/,"listed only in the sitemap, not linked from any page (/blog/project/)",(sitemap)
https://pandaexteriors.com/blog/project/panda-ext-8192-7/,"listed only in the sitemap, not linked from any page (/blog/project/)",(sitemap)
https://pandaexteriors.com/blog/project/panda-ext-8192/,"listed only in the sitemap, not linked from any page (/blog/project/)",(sitemap)
https://pandaexteriors.com/blog/project/panda-ext-8194/,"listed only in the sitemap, not linked from any page (/blog/project/)",(sitemap)
https://pandaexteriors.com/blog/project/panda-ext-8195-2/,"listed only in the sitemap, not linked from any page (/blog/project/)",(sitemap)
https://pandaexteriors.com/blog/project/panda-ext-8195-3/,"listed only in the sitemap, not linked from any page (/blog/project/)",(sitemap)
https://pandaexteriors.com/blog/project/panda-ext-8195-4/,"listed only in the sitemap, not linked from any page (/blog/project/)",(sitemap)
https://pandaexteriors.com/blog/project/panda-ext-8195-5/,"listed only in the sitemap, not linked from any page (/blog/project/)",(sitemap)
https://pandaexteriors.com/blog/project/panda-ext-8195-6/,"listed only in the sitemap, not linked from any page (/blog/project/)",(sitemap)
https://pandaexteriors.com/blog/project/panda-ext-8195-7/,"listed only in the sitemap, not linked from any page (/blog/project/)",(sitemap)
https://pandaexteriors.com/blog/project/panda-ext-8195/,"listed only in the sitemap, not linked from any page (/blog/project/)",(sitemap)
https://pandaexteriors.com/blog/project/panda-ext-8196/,"listed only in the sitemap, not linked from any page (/blog/project/)",(sitemap)
https://pandaexteriors.com/blog/project/panda-ext-8197/,"listed only in the sitemap, not linked from any page (/blog/project/)",(sitemap)
https://pandaexteriors.com/blog/project/panda-ext-8198/,"listed only in the sitemap, not linked from any page (/blog/project/)",(sitemap)
https://pandaexteriors.com/blog/project/panda-ext-8199/,"listed only in the sitemap, not linked from any page (/blog/project/)",(sitemap)
https://pandaexteriors.com/blog/project/panda-ext-8200-2/,"listed only in the sitemap, not linked from any page (/blog/project/)",(sitemap)
https://pandaexteriors.com/blog/project/panda-ext-8200-4/,"listed only in the sitemap, not linked from any page (/blog/project/)",(sitemap)
https://pandaexteriors.com/blog/project/panda-ext-8200-5/,"listed only in the sitemap, not linked from any page (/blog/project/)",(sitemap)
https://pandaexteriors.com/blog/project/panda-ext-8200-6/,"listed only in the sitemap, not linked from any page (/blog/project/)",(sitemap)
https://pandaexteriors.com/blog/project/panda-ext-8201-3/,"listed only in the sitemap, not linked from any page (/blog/project/)",(sitemap)
https://pandaexteriors.com/blog/project/panda-ext-8201-4/,"listed only in the sitemap, not linked from any page (/blog/project/)",(sitemap)
https://pandaexteriors.com/blog/project/panda-ext-8201-5/,"listed only in the sitemap, not linked from any page (/blog/project/)",(sitemap)
https://pandaexteriors.com/blog/project/panda-ext-8201-6/,"listed only in the sitemap, not linked from any page (/blog/project/)",(sitemap)
https://pandaexteriors.com/blog/project/panda-ext-8201-8/,"listed only in the sitemap, not linked from any page (/blog/project/)",(sitemap)
https://pandaexteriors.com/blog/project/panda-ext-8201/,"listed only in the sitemap, not linked from any page (/blog/project/)",(sitemap)
https://pandaexteriors.com/blog/project/panda-ext-8202/,"listed only in the sitemap, not linked from any page (/blog/project/)",(sitemap)
https://pandaexteriors.com/blog/project/panda-ext-8203/,"listed only in the sitemap, not linked from any page (/blog/project/)",(sitemap)
https://pandaexteriors.com/blog/project/panda-ext-8205/,"listed only in the sitemap, not linked from any page (/blog/project/)",(sitemap)
https://pandaexteriors.com/blog/project/panda-ext-8207/,"listed only in the sitemap, not linked from any page (/blog/project/)",(sitemap)
https://pandaexteriors.com/blog/project/panda-ext-8210/,"listed only in the sitemap, not linked from any page (/blog/project/)",(sitemap)
https://pandaexteriors.com/blog/project/panda-ext-8211/,"listed only in the sitemap, not linked from any page (/blog/project/)",(sitemap)
https://pandaexteriors.com/blog/project/panda-ext-8213/,"listed only in the sitemap, not linked from any page (/blog/project/)",(sitemap)
https://pandaexteriors.com/blog/project/panda-ext-8218/,"listed only in the sitemap, not linked from any page (/blog/project/)",(sitemap)
https://pandaexteriors.com/blog/project/panda-ext-8222/,"listed only in the sitemap, not linked from any page (/blog/project/)",(sitemap)
https://pandaexteriors.com/blog/project/panda-ext-8223/,"listed only in the sitemap, not linked from any page (/blog/project/)",(sitemap)
https://pandaexteriors.com/blog/project/panda-ext-8224/,"listed only in the sitemap, not linked from any page (/blog/project/)",(sitemap)
https://pandaexteriors.com/blog/project/panda-ext-8225/,"listed only in the sitemap, not linked from any page (/blog/project/)",(sitemap)
https://pandaexteriors.com/blog/project/panda-ext-8226/,"listed only in the sitemap, not linked from any page (/blog/project/)",(sitemap)
https://pandaexteriors.com/blog/project/panda-ext-8228/,"listed only in the sitemap, not linked from any page (/blog/project/)",(sitemap)
https://pandaexteriors.com/blog/project/panda-ext-8231/,"listed only in the sitemap, not linked from any page (/blog/project/)",(sitemap)
https://pandaexteriors.com/blog/project/panda-ext-8233/,"listed only in the sitemap, not linked from any page (/blog/project/)",(sitemap)
https://pandaexteriors.com/blog/project/panda-ext-8237/,"listed only in the sitemap, not linked from any page (/blog/project/)",(sitemap)
https://pandaexteriors.com/blog/project/panda-ext-8244/,"listed only in the sitemap, not linked from any page (/blog/project/)",(sitemap)
https://pandaexteriors.com/blog/project/panda-ext-8245/,"listed only in the sitemap, not linked from any page (/blog/project/)",(sitemap)
https://pandaexteriors.com/blog/project/panda-ext-8246/,"listed only in the sitemap, not linked from any page (/blog/project/)",(sitemap)
https://pandaexteriors.com/blog/project/panda-ext-8247/,"listed only in the sitemap, not linked from any page (/blog/project/)",(sitemap)
https://pandaexteriors.com/blog/project/panda-ext-8249-2/,"listed only in the sitemap, not linked from any page (/blog/project/)",(sitemap)
https://pandaexteriors.com/blog/project/panda-ext-8249-3/,"listed only in the sitemap, not linked from any page (/blog/project/)",(sitemap)
https://pandaexteriors.com/blog/project/panda-ext-8249-4/,"listed only in the sitemap, not linked from any page (/blog/project/)",(sitemap)
https://pandaexteriors.com/blog/project/panda-ext-8249-5/,"listed only in the sitemap, not linked from any page (/blog/project/)",(sitemap)
https://pandaexteriors.com/blog/project/panda-ext-8249-6/,"listed only in the sitemap, not linked from any page (/blog/project/)",(sitemap)
https://pandaexteriors.com/blog/project/panda-ext-8249-7/,"listed only in the sitemap, not linked from any page (/blog/project/)",(sitemap)
https://pandaexteriors.com/blog/project/panda-ext-8249/,"listed only in the sitemap, not linked from any page (/blog/project/)",(sitemap)
https://pandaexteriors.com/blog/project/panda-ext-8252/,"listed only in the sitemap, not linked from any page (/blog/project/)",(sitemap)
https://pandaexteriors.com/blog/project/panda-ext-8257/,"listed only in the sitemap, not linked from any page (/blog/project/)",(sitemap)
https://pandaexteriors.com/blog/project/panda-ext-8258/,"listed only in the sitemap, not linked from any page (/blog/project/)",(sitemap)
https://pandaexteriors.com/blog/project/panda-ext-8259/,"listed only in the sitemap, not linked from any page (/blog/project/)",(sitemap)
https://pandaexteriors.com/blog/project/panda-ext-8260/,"listed only in the sitemap, not linked from any page (/blog/project/)",(sitemap)
https://pandaexteriors.com/blog/project/panda-ext-8261/,"listed only in the sitemap, not linked from any page (/blog/project/)",(sitemap)
https://pandaexteriors.com/blog/project/panda-ext-8266/,"listed only in the sitemap, not linked from any page (/blog/project/)",(sitemap)
https://pandaexteriors.com/blog/project/panda-ext-8267/,"listed only in the sitemap, not linked from any page (/blog/project/)",(sitemap)
https://pandaexteriors.com/blog/project/panda-ext-8268/,"listed only in the sitemap, not linked from any page (/blog/project/)",(sitemap)
https://pandaexteriors.com/blog/project/panda-ext-8269/,"listed only in the sitemap, not linked from any page (/blog/project/)",(sitemap)
https://pandaexteriors.com/blog/project/panda-ext-8270/,"listed only in the sitemap, not linked from any page (/blog/project/)",(sitemap)
https://pandaexteriors.com/blog/project/panda-ext-8273/,"listed only in the sitemap, not linked from any page (/blog/project/)",(sitemap)
https://pandaexteriors.com/blog/project/panda-ext-8274/,"listed only in the sitemap, not linked from any page (/blog/project/)",(sitemap)
https://pandaexteriors.com/blog/project/panda-ext-8275/,"listed only in the sitemap, not linked from any page (/blog/project/)",(sitemap)
https://pandaexteriors.com/blog/project/panda-ext-8276/,"listed only in the sitemap, not linked from any page (/blog/project/)",(sitemap)
https://pandaexteriors.com/blog/project/panda-ext-8277/,"listed only in the sitemap, not linked from any page (/blog/project/)",(sitemap)
https://pandaexteriors.com/blog/project/panda-ext-8278-2/,"listed only in the sitemap, not linked from any page (/blog/project/)",(sitemap)
https://pandaexteriors.com/blog/project/panda-ext-8278-3/,"listed only in the sitemap, not linked from any page (/blog/project/)",(sitemap)
https://pandaexteriors.com/blog/project/panda-ext-8278-4/,"listed only in the sitemap, not linked from any page (/blog/project/)",(sitemap)
https://pandaexteriors.com/blog/project/panda-ext-8278-5/,"listed only in the sitemap, not linked from any page (/blog/project/)",(sitemap)
https://pandaexteriors.com/blog/project/panda-ext-8278/,"listed only in the sitemap, not linked from any page (/blog/project/)",(sitemap)
https://pandaexteriors.com/blog/project/panda-ext-8280/,"listed only in the sitemap, not linked from any page (/blog/project/)",(sitemap)
https://pandaexteriors.com/blog/project/panda-ext-8281/,"listed only in the sitemap, not linked from any page (/blog/project/)",(sitemap)
https://pandaexteriors.com/blog/project/panda-ext-8282/,"listed only in the sitemap, not linked from any page (/blog/project/)",(sitemap)
https://pandaexteriors.com/blog/project/panda-ext-8284/,"listed only in the sitemap, not linked from any page (/blog/project/)",(sitemap)
https://pandaexteriors.com/blog/project/panda-ext-8285/,"listed only in the sitemap, not linked from any page (/blog/project/)",(sitemap)
https://pandaexteriors.com/blog/project/panda-ext-8286-2/,"listed only in the sitemap, not linked from any page (/blog/project/)",(sitemap)
https://pandaexteriors.com/blog/project/panda-ext-8286-3/,"listed only in the sitemap, not linked from any page (/blog/project/)",(sitemap)
https://pandaexteriors.com/blog/project/panda-ext-8286-4/,"listed only in the sitemap, not linked from any page (/blog/project/)",(sitemap)
https://pandaexteriors.com/blog/project/panda-ext-8286-5/,"listed only in the sitemap, not linked from any page (/blog/project/)",(sitemap)
https://pandaexteriors.com/blog/project/panda-ext-8286-6/,"listed only in the sitemap, not linked from any page (/blog/project/)",(sitemap)
https://pandaexteriors.com/blog/project/panda-ext-8286-7/,"listed only in the sitemap, not linked from any page (/blog/project/)",(sitemap)
https://pandaexteriors.com/blog/project/panda-ext-8286/,"listed only in the sitemap, not linked from any page (/blog/project/)",(sitemap)
https://pandaexteriors.com/blog/project/panda-ext-8288/,"listed only in the sitemap, not linked from any page (/blog/project/)",(sitemap)
https://pandaexteriors.com/blog/project/panda-ext-8290-2/,"listed only in the sitemap, not linked from any page (/blog/project/)",(sitemap)
https://pandaexteriors.com/blog/project/panda-ext-8290-3/,"listed only in the sitemap, not linked from any page (/blog/project/)",(sitemap)
https://pandaexteriors.com/blog/project/panda-ext-8290-4/,"listed only in the sitemap, not linked from any page (/blog/project/)",(sitemap)
https://pandaexteriors.com/blog/project/panda-ext-8290-5/,"listed only in the sitemap, not linked from any page (/blog/project/)",(sitemap)
https://pandaexteriors.com/blog/project/panda-ext-8290-6/,"listed only in the sitemap, not linked from any page (/blog/project/)",(sitemap)
https://pandaexteriors.com/blog/project/panda-ext-8290-7/,"listed only in the sitemap, not linked from any page (/blog/project/)",(sitemap)
https://pandaexteriors.com/blog/project/panda-ext-8290-8/,"listed only in the sitemap, not linked from any page (/blog/project/)",(sitemap)
https://pandaexteriors.com/blog/project/panda-ext-8290/,"listed only in the sitemap, not linked from any page (/blog/project/)",(sitemap)
https://pandaexteriors.com/blog/project/panda-ext-8291/,"listed only in the sitemap, not linked from any page (/blog/project/)",(sitemap)
https://pandaexteriors.com/blog/project/panda-ext-8292/,"listed only in the sitemap, not linked from any page (/blog/project/)",(sitemap)
https://pandaexteriors.com/blog/project/panda-ext-8294/,"listed only in the sitemap, not linked from any page (/blog/project/)",(sitemap)
https://pandaexteriors.com/blog/project/panda-ext-8295/,"listed only in the sitemap, not linked from any page (/blog/project/)",(sitemap)
https://pandaexteriors.com/blog/project/panda-ext-8296/,"listed only in the sitemap, not linked from any page (/blog/project/)",(sitemap)
https://pandaexteriors.com/blog/project/panda-ext-8299/,"listed only in the sitemap, not linked from any page (/blog/project/)",(sitemap)
https://pandaexteriors.com/blog/project/panda-ext-8300/,"listed only in the sitemap, not linked from any page (/blog/project/)",(sitemap)
https://pandaexteriors.com/blog/project/panda-ext-8301/,"listed only in the sitemap, not linked from any page (/blog/project/)",(sitemap)
https://pandaexteriors.com/blog/project/panda-ext-8302/,"listed only in the sitemap, not linked from any page (/blog/project/)",(sitemap)
https://pandaexteriors.com/blog/project/panda-ext-8306/,"listed only in the sitemap, not linked from any page (/blog/project/)",(sitemap)
https://pandaexteriors.com/blog/project/panda-ext-8307/,"listed only in the sitemap, not linked from any page (/blog/project/)",(sitemap)
https://pandaexteriors.com/blog/project/panda-ext-8309/,"listed only in the sitemap, not linked from any page (/blog/project/)",(sitemap)
https://pandaexteriors.com/blog/project/panda-ext-8312/,"listed only in the sitemap, not linked from any page (/blog/project/)",(sitemap)
https://pandaexteriors.com/blog/project/panda-ext-8314-2/,"listed only in the sitemap, not linked from any page (/blog/project/)",(sitemap)
https://pandaexteriors.com/blog/project/panda-ext-8314-3/,"listed only in the sitemap, not linked from any page (/blog/project/)",(sitemap)
https://pandaexteriors.com/blog/project/panda-ext-8314-4/,"listed only in the sitemap, not linked from any page (/blog/project/)",(sitemap)
https://pandaexteriors.com/blog/project/panda-ext-8314-5/,"listed only in the sitemap, not linked from any page (/blog/project/)",(sitemap)
https://pandaexteriors.com/blog/project/panda-ext-8314-6/,"listed only in the sitemap, not linked from any page (/blog/project/)",(sitemap)
https://pandaexteriors.com/blog/project/panda-ext-8314-7/,"listed only in the sitemap, not linked from any page (/blog/project/)",(sitemap)
https://pandaexteriors.com/blog/project/panda-ext-8314-8/,"listed only in the sitemap, not linked from any page (/blog/project/)",(sitemap)
https://pandaexteriors.com/blog/project/panda-ext-8314/,"listed only in the sitemap, not linked from any page (/blog/project/)",(sitemap)
https://pandaexteriors.com/blog/project/panda-ext-8317/,"listed only in the sitemap, not linked from any page (/blog/project/)",(sitemap)
https://pandaexteriors.com/blog/project/panda-ext-8318/,"listed only in the sitemap, not linked from any page (/blog/project/)",(sitemap)
https://pandaexteriors.com/blog/project/panda-ext-8320-2/,"listed only in the sitemap, not linked from any page (/blog/project/)",(sitemap)
https://pandaexteriors.com/blog/project/panda-ext-8320-3/,"listed only in the sitemap, not linked from any page (/blog/project/)",(sitemap)
https://pandaexteriors.com/blog/project/panda-ext-8320-6/,"listed only in the sitemap, not linked from any page (/blog/project/)",(sitemap)
https://pandaexteriors.com/blog/project/panda-ext-8320-7/,"listed only in the sitemap, not linked from any page (/blog/project/)",(sitemap)
https://pandaexteriors.com/blog/project/panda-ext-8320/,"listed only in the sitemap, not linked from any page (/blog/project/)",(sitemap)
https://pandaexteriors.com/blog/project/panda-ext-8321/,"listed only in the sitemap, not linked from any page (/blog/project/)",(sitemap)
https://pandaexteriors.com/blog/project/panda-ext-8322/,"listed only in the sitemap, not linked from any page (/blog/project/)",(sitemap)
https://pandaexteriors.com/blog/project/panda-ext-8325/,"listed only in the sitemap, not linked from any page (/blog/project/)",(sitemap)
https://pandaexteriors.com/blog/project/panda-ext-8327/,"listed only in the sitemap, not linked from any page (/blog/project/)",(sitemap)
https://pandaexteriors.com/blog/project/panda-ext-8329/,"listed only in the sitemap, not linked from any page (/blog/project/)",(sitemap)
https://pandaexteriors.com/blog/project/panda-ext-8330/,"listed only in the sitemap, not linked from any page (/blog/project/)",(sitemap)
https://pandaexteriors.com/blog/project/panda-ext-8331/,"listed only in the sitemap, not linked from any page (/blog/project/)",(sitemap)
https://pandaexteriors.com/blog/project/panda-ext-8335/,"listed only in the sitemap, not linked from any page (/blog/project/)",(sitemap)
https://pandaexteriors.com/blog/project/panda-ext-8338/,"listed only in the sitemap, not linked from any page (/blog/project/)",(sitemap)
https://pandaexteriors.com/blog/project/panda-ext-8339-2/,"listed only in the sitemap, not linked from any page (/blog/project/)",(sitemap)
https://pandaexteriors.com/blog/project/panda-ext-8339-3/,"listed only in the sitemap, not linked from any page (/blog/project/)",(sitemap)
https://pandaexteriors.com/blog/project/panda-ext-8339-4/,"listed only in the sitemap, not linked from any page (/blog/project/)",(sitemap)
https://pandaexteriors.com/blog/project/panda-ext-8339-5/,"listed only in the sitemap, not linked from any page (/blog/project/)",(sitemap)
https://pandaexteriors.com/blog/project/panda-ext-8339-6/,"listed only in the sitemap, not linked from any page (/blog/project/)",(sitemap)
https://pandaexteriors.com/blog/project/panda-ext-8339-7/,"listed only in the sitemap, not linked from any page (/blog/project/)",(sitemap)
https://pandaexteriors.com/blog/project/panda-ext-8339/,"listed only in the sitemap, not linked from any page (/blog/project/)",(sitemap)
https://pandaexteriors.com/blog/project/panda-ext-8340/,"listed only in the sitemap, not linked from any page (/blog/project/)",(sitemap)
https://pandaexteriors.com/blog/project/panda-ext-8344/,"listed only in the sitemap, not linked from any page (/blog/project/)",(sitemap)
https://pandaexteriors.com/blog/project/panda-ext-8345/,"listed only in the sitemap, not linked from any page (/blog/project/)",(sitemap)
https://pandaexteriors.com/blog/project/panda-ext-8346/,"listed only in the sitemap, not linked from any page (/blog/project/)",(sitemap)
https://pandaexteriors.com/blog/project/panda-ext-8347/,"listed only in the sitemap, not linked from any page (/blog/project/)",(sitemap)
https://pandaexteriors.com/blog/project/panda-ext-8349/,"listed only in the sitemap, not linked from any page (/blog/project/)",(sitemap)
https://pandaexteriors.com/blog/project/panda-ext-8350-2/,"listed only in the sitemap, not linked from any page (/blog/project/)",(sitemap)
https://pandaexteriors.com/blog/project/panda-ext-8350-3/,"listed only in the sitemap, not linked from any page (/blog/project/)",(sitemap)
https://pandaexteriors.com/blog/project/panda-ext-8350-4/,"listed only in the sitemap, not linked from any page (/blog/project/)",(sitemap)
https://pandaexteriors.com/blog/project/panda-ext-8350-5/,"listed only in the sitemap, not linked from any page (/blog/project/)",(sitemap)
https://pandaexteriors.com/blog/project/panda-ext-8350-6/,"listed only in the sitemap, not linked from any page (/blog/project/)",(sitemap)
https://pandaexteriors.com/blog/project/panda-ext-8350-7/,"listed only in the sitemap, not linked from any page (/blog/project/)",(sitemap)
https://pandaexteriors.com/blog/project/panda-ext-8350-8/,"listed only in the sitemap, not linked from any page (/blog/project/)",(sitemap)
https://pandaexteriors.com/blog/project/panda-ext-8350/,"listed only in the sitemap, not linked from any page (/blog/project/)",(sitemap)
https://pandaexteriors.com/blog/project/panda-ext-8353/,"listed only in the sitemap, not linked from any page (/blog/project/)",(sitemap)
https://pandaexteriors.com/blog/project/panda-ext-8356/,"listed only in the sitemap, not linked from any page (/blog/project/)",(sitemap)
https://pandaexteriors.com/blog/project/panda-ext-8360/,"listed only in the sitemap, not linked from any page (/blog/project/)",(sitemap)
https://pandaexteriors.com/blog/project/panda-ext-8361/,"listed only in the sitemap, not linked from any page (/blog/project/)",(sitemap)
https://pandaexteriors.com/blog/project/panda-ext-8362/,"listed only in the sitemap, not linked from any page (/blog/project/)",(sitemap)
https://pandaexteriors.com/blog/project/panda-ext-8364/,"listed only in the sitemap, not linked from any page (/blog/project/)",(sitemap)
https://pandaexteriors.com/blog/project/panda-ext-8365/,"listed only in the sitemap, not linked from any page (/blog/project/)",(sitemap)
https://pandaexteriors.com/blog/project/panda-ext-8366-2/,"listed only in the sitemap, not linked from any page (/blog/project/)",(sitemap)
https://pandaexteriors.com/blog/project/panda-ext-8366-3/,"listed only in the sitemap, not linked from any page (/blog/project/)",(sitemap)
https://pandaexteriors.com/blog/project/panda-ext-8366-4/,"listed only in the sitemap, not linked from any page (/blog/project/)",(sitemap)
https://pandaexteriors.com/blog/project/panda-ext-8366-5/,"listed only in the sitemap, not linked from any page (/blog/project/)",(sitemap)
https://pandaexteriors.com/blog/project/panda-ext-8366-6/,"listed only in the sitemap, not linked from any page (/blog/project/)",(sitemap)
https://pandaexteriors.com/blog/project/panda-ext-8366-7/,"listed only in the sitemap, not linked from any page (/blog/project/)",(sitemap)
https://pandaexteriors.com/blog/project/panda-ext-8366/,"listed only in the sitemap, not linked from any page (/blog/project/)",(sitemap)
https://pandaexteriors.com/blog/project/panda-ext-8367/,"listed only in the sitemap, not linked from any page (/blog/project/)",(sitemap)
https://pandaexteriors.com/blog/project/panda-ext-8369/,"listed only in the sitemap, not linked from any page (/blog/project/)",(sitemap)
https://pandaexteriors.com/blog/project/panda-ext-8370/,"listed only in the sitemap, not linked from any page (/blog/project/)",(sitemap)
https://pandaexteriors.com/blog/project/panda-ext-8373-2/,"listed only in the sitemap, not linked from any page (/blog/project/)",(sitemap)
https://pandaexteriors.com/blog/project/panda-ext-8373-3/,"listed only in the sitemap, not linked from any page (/blog/project/)",(sitemap)
https://pandaexteriors.com/blog/project/panda-ext-8373-4/,"listed only in the sitemap, not linked from any page (/blog/project/)",(sitemap)
https://pandaexteriors.com/blog/project/panda-ext-8373-5/,"listed only in the sitemap, not linked from any page (/blog/project/)",(sitemap)
https://pandaexteriors.com/blog/project/panda-ext-8373-6/,"listed only in the sitemap, not linked from any page (/blog/project/)",(sitemap)
https://pandaexteriors.com/blog/project/panda-ext-8373-7/,"listed only in the sitemap, not linked from any page (/blog/project/)",(sitemap)
https://pandaexteriors.com/blog/project/panda-ext-8373/,"listed only in the sitemap, not linked from any page (/blog/project/)",(sitemap)
https://pandaexteriors.com/blog/project/panda-ext-8376/,"listed only in the sitemap, not linked from any page (/blog/project/)",(sitemap)
https://pandaexteriors.com/blog/project/panda-ext-8377/,"listed only in the sitemap, not linked from any page (/blog/project/)",(sitemap)
https://pandaexteriors.com/blog/project/panda-ext-8381/,"listed only in the sitemap, not linked from any page (/blog/project/)",(sitemap)
https://pandaexteriors.com/blog/project/panda-ext-8383/,"listed only in the sitemap, not linked from any page (/blog/project/)",(sitemap)
https://pandaexteriors.com/blog/project/panda-ext-8385/,"listed only in the sitemap, not linked from any page (/blog/project/)",(sitemap)
https://pandaexteriors.com/blog/project/panda-ext-8387-2/,"listed only in the sitemap, not linked from any page (/blog/project/)",(sitemap)
https://pandaexteriors.com/blog/project/panda-ext-8387-3/,"listed only in the sitemap, not linked from any page (/blog/project/)",(sitemap)
https://pandaexteriors.com/blog/project/panda-ext-8387-4/,"listed only in the sitemap, not linked from any page (/blog/project/)",(sitemap)
https://pandaexteriors.com/blog/project/panda-ext-8387-5/,"listed only in the sitemap, not linked from any page (/blog/project/)",(sitemap)
https://pandaexteriors.com/blog/project/panda-ext-8387-6/,"listed only in the sitemap, not linked from any page (/blog/project/)",(sitemap)
https://pandaexteriors.com/blog/project/panda-ext-8387-7/,"listed only in the sitemap, not linked from any page (/blog/project/)",(sitemap)
https://pandaexteriors.com/blog/project/panda-ext-8387/,"listed only in the sitemap, not linked from any page (/blog/project/)",(sitemap)
https://pandaexteriors.com/blog/project/panda-ext-8389/,"listed only in the sitemap, not linked from any page (/blog/project/)",(sitemap)
https://pandaexteriors.com/blog/project/panda-ext-8393/,"listed only in the sitemap, not linked from any page (/blog/project/)",(sitemap)
https://pandaexteriors.com/blog/project/panda-ext-8395/,"listed only in the sitemap, not linked from any page (/blog/project/)",(sitemap)
https://pandaexteriors.com/blog/project/panda-ext-8396/,"listed only in the sitemap, not linked from any page (/blog/project/)",(sitemap)
https://pandaexteriors.com/blog/project/panda-ext-8397/,"listed only in the sitemap, not linked from any page (/blog/project/)",(sitemap)
https://pandaexteriors.com/blog/project/panda-ext-8399/,"listed only in the sitemap, not linked from any page (/blog/project/)",(sitemap)
https://pandaexteriors.com/blog/project/panda-ext-8400/,"listed only in the sitemap, not linked from any page (/blog/project/)",(sitemap)
https://pandaexteriors.com/blog/project/panda-ext-8401-2/,"listed only in the sitemap, not linked from any page (/blog/project/)",(sitemap)
https://pandaexteriors.com/blog/project/panda-ext-8401-3/,"listed only in the sitemap, not linked from any page (/blog/project/)",(sitemap)
https://pandaexteriors.com/blog/project/panda-ext-8401-4/,"listed only in the sitemap, not linked from any page (/blog/project/)",(sitemap)
https://pandaexteriors.com/blog/project/panda-ext-8401-5/,"listed only in the sitemap, not linked from any page (/blog/project/)",(sitemap)
https://pandaexteriors.com/blog/project/panda-ext-8401-6/,"listed only in the sitemap, not linked from any page (/blog/project/)",(sitemap)
https://pandaexteriors.com/blog/project/panda-ext-8401-7/,"listed only in the sitemap, not linked from any page (/blog/project/)",(sitemap)
https://pandaexteriors.com/blog/project/panda-ext-8401/,"listed only in the sitemap, not linked from any page (/blog/project/)",(sitemap)
https://pandaexteriors.com/blog/project/panda-ext-8402/,"listed only in the sitemap, not linked from any page (/blog/project/)",(sitemap)
https://pandaexteriors.com/blog/project/panda-ext-8404/,"listed only in the sitemap, not linked from any page (/blog/project/)",(sitemap)
https://pandaexteriors.com/blog/project/panda-ext-8406/,"listed only in the sitemap, not linked from any page (/blog/project/)",(sitemap)
https://pandaexteriors.com/blog/project/panda-ext-8407/,"listed only in the sitemap, not linked from any page (/blog/project/)",(sitemap)
https://pandaexteriors.com/blog/project/panda-ext-8410-2/,"listed only in the sitemap, not linked from any page (/blog/project/)",(sitemap)
https://pandaexteriors.com/blog/project/panda-ext-8410-3/,"listed only in the sitemap, not linked from any page (/blog/project/)",(sitemap)
https://pandaexteriors.com/blog/project/panda-ext-8410-4/,"listed only in the sitemap, not linked from any page (/blog/project/)",(sitemap)
https://pandaexteriors.com/blog/project/panda-ext-8410-5/,"listed only in the sitemap, not linked from any page (/blog/project/)",(sitemap)
https://pandaexteriors.com/blog/project/panda-ext-8410-6/,"listed only in the sitemap, not linked from any page (/blog/project/)",(sitemap)
https://pandaexteriors.com/blog/project/panda-ext-8410-7/,"listed only in the sitemap, not linked from any page (/blog/project/)",(sitemap)
https://pandaexteriors.com/blog/project/panda-ext-8410/,"listed only in the sitemap, not linked from any page (/blog/project/)",(sitemap)
https://pandaexteriors.com/blog/project/panda-ext-8414/,"listed only in the sitemap, not linked from any page (/blog/project/)",(sitemap)
https://pandaexteriors.com/blog/project/panda-ext-8419-2/,"listed only in the sitemap, not linked from any page (/blog/project/)",(sitemap)
https://pandaexteriors.com/blog/project/panda-ext-8419-3/,"listed only in the sitemap, not linked from any page (/blog/project/)",(sitemap)
https://pandaexteriors.com/blog/project/panda-ext-8419-4/,"listed only in the sitemap, not linked from any page (/blog/project/)",(sitemap)
https://pandaexteriors.com/blog/project/panda-ext-8419-5/,"listed only in the sitemap, not linked from any page (/blog/project/)",(sitemap)
https://pandaexteriors.com/blog/project/panda-ext-8419-6/,"listed only in the sitemap, not linked from any page (/blog/project/)",(sitemap)
https://pandaexteriors.com/blog/project/panda-ext-8419-7/,"listed only in the sitemap, not linked from any page (/blog/project/)",(sitemap)
https://pandaexteriors.com/blog/project/panda-ext-8419/,"listed only in the sitemap, not linked from any page (/blog/project/)",(sitemap)
https://pandaexteriors.com/blog/project/panda-ext-8420/,"listed only in the sitemap, not linked from any page (/blog/project/)",(sitemap)
https://pandaexteriors.com/blog/project/panda-ext-8422/,"listed only in the sitemap, not linked from any page (/blog/project/)",(sitemap)
https://pandaexteriors.com/blog/project/panda-ext-8424/,"listed only in the sitemap, not linked from any page (/blog/project/)",(sitemap)
https://pandaexteriors.com/blog/project/panda-ext-8426/,"listed only in the sitemap, not linked from any page (/blog/project/)",(sitemap)
https://pandaexteriors.com/blog/project/panda-ext-8427/,"listed only in the sitemap, not linked from any page (/blog/project/)",(sitemap)
https://pandaexteriors.com/blog/project/panda-ext-8428/,"listed only in the sitemap, not linked from any page (/blog/project/)",(sitemap)
https://pandaexteriors.com/blog/project/panda-ext-8429/,"listed only in the sitemap, not linked from any page (/blog/project/)",(sitemap)
https://pandaexteriors.com/blog/project/panda-ext-8430/,"listed only in the sitemap, not linked from any page (/blog/project/)",(sitemap)
https://pandaexteriors.com/blog/project/panda-ext-8433-2/,"listed only in the sitemap, not linked from any page (/blog/project/)",(sitemap)
https://pandaexteriors.com/blog/project/panda-ext-8433-3/,"listed only in the sitemap, not linked from any page (/blog/project/)",(sitemap)
https://pandaexteriors.com/blog/project/panda-ext-8433-4/,"listed only in the sitemap, not linked from any page (/blog/project/)",(sitemap)
https://pandaexteriors.com/blog/project/panda-ext-8433-5/,"listed only in the sitemap, not linked from any page (/blog/project/)",(sitemap)
https://pandaexteriors.com/blog/project/panda-ext-8433-6/,"listed only in the sitemap, not linked from any page (/blog/project/)",(sitemap)
https://pandaexteriors.com/blog/project/panda-ext-8433-7/,"listed only in the sitemap, not linked from any page (/blog/project/)",(sitemap)
https://pandaexteriors.com/blog/project/panda-ext-8433-8/,"listed only in the sitemap, not linked from any page (/blog/project/)",(sitemap)
https://pandaexteriors.com/blog/project/panda-ext-8433/,"listed only in the sitemap, not linked from any page (/blog/project/)",(sitemap)
https://pandaexteriors.com/blog/project/panda-ext-8434/,"listed only in the sitemap, not linked from any page (/blog/project/)",(sitemap)
https://pandaexteriors.com/blog/project/panda-ext-8435/,"listed only in the sitemap, not linked from any page (/blog/project/)",(sitemap)
https://pandaexteriors.com/blog/project/panda-ext-8436/,"listed only in the sitemap, not linked from any page (/blog/project/)",(sitemap)
https://pandaexteriors.com/blog/project/panda-ext-8438/,"listed only in the sitemap, not linked from any page (/blog/project/)",(sitemap)
https://pandaexteriors.com/blog/project/panda-ext-8439/,"listed only in the sitemap, not linked from any page (/blog/project/)",(sitemap)
https://pandaexteriors.com/blog/project/panda-ext-8440-2/,"listed only in the sitemap, not linked from any page (/blog/project/)",(sitemap)
https://pandaexteriors.com/blog/project/panda-ext-8440-3/,"listed only in the sitemap, not linked from any page (/blog/project/)",(sitemap)
https://pandaexteriors.com/blog/project/panda-ext-8440-4/,"listed only in the sitemap, not linked from any page (/blog/project/)",(sitemap)
https://pandaexteriors.com/blog/project/panda-ext-8440-5/,"listed only in the sitemap, not linked from any page (/blog/project/)",(sitemap)
https://pandaexteriors.com/blog/project/panda-ext-8440-6/,"listed only in the sitemap, not linked from any page (/blog/project/)",(sitemap)
https://pandaexteriors.com/blog/project/panda-ext-8440-7/,"listed only in the sitemap, not linked from any page (/blog/project/)",(sitemap)
https://pandaexteriors.com/blog/project/panda-ext-8440/,"listed only in the sitemap, not linked from any page (/blog/project/)",(sitemap)
https://pandaexteriors.com/blog/project/panda-ext-8441/,"listed only in the sitemap, not linked from any page (/blog/project/)",(sitemap)
https://pandaexteriors.com/blog/project/panda-ext-8443/,"listed only in the sitemap, not linked from any page (/blog/project/)",(sitemap)
https://pandaexteriors.com/blog/project/panda-ext-8444/,"listed only in the sitemap, not linked from any page (/blog/project/)",(sitemap)
https://pandaexteriors.com/blog/project/panda-ext-8446/,"listed only in the sitemap, not linked from any page (/blog/project/)",(sitemap)
https://pandaexteriors.com/blog/project/panda-ext-8448/,"listed only in the sitemap, not linked from any page (/blog/project/)",(sitemap)
https://pandaexteriors.com/blog/project/panda-ext-8449/,"listed only in the sitemap, not linked from any page (/blog/project/)",(sitemap)
https://pandaexteriors.com/blog/project/panda-ext-8450/,"listed only in the sitemap, not linked from any page (/blog/project/)",(sitemap)
https://pandaexteriors.com/blog/project/panda-ext-8451/,"listed only in the sitemap, not linked from any page (/blog/project/)",(sitemap)
https://pandaexteriors.com/blog/project/panda-ext-8452/,"listed only in the sitemap, not linked from any page (/blog/project/)",(sitemap)
https://pandaexteriors.com/blog/project/panda-ext-8459/,"listed only in the sitemap, not linked from any page (/blog/project/)",(sitemap)
https://pandaexteriors.com/blog/project/panda-ext-8460/,"listed only in the sitemap, not linked from any page (/blog/project/)",(sitemap)
https://pandaexteriors.com/blog/project/panda-ext-8462/,"listed only in the sitemap, not linked from any page (/blog/project/)",(sitemap)
https://pandaexteriors.com/blog/project/panda-ext-8463/,"listed only in the sitemap, not linked from any page (/blog/project/)",(sitemap)
https://pandaexteriors.com/blog/project/panda-ext-8469/,"listed only in the sitemap, not linked from any page (/blog/project/)",(sitemap)
https://pandaexteriors.com/blog/project/panda-ext-8470/,"listed only in the sitemap, not linked from any page (/blog/project/)",(sitemap)
https://pandaexteriors.com/blog/project/panda-ext-8471/,"listed only in the sitemap, not linked from any page (/blog/project/)",(sitemap)
https://pandaexteriors.com/blog/project/panda-ext-8472/,"listed only in the sitemap, not linked from any page (/blog/project/)",(sitemap)
https://pandaexteriors.com/blog/project/panda-ext-8473-2/,"listed only in the sitemap, not linked from any page (/blog/project/)",(sitemap)
https://pandaexteriors.com/blog/project/panda-ext-8473-3/,"listed only in the sitemap, not linked from any page (/blog/project/)",(sitemap)
https://pandaexteriors.com/blog/project/panda-ext-8473-4/,"listed only in the sitemap, not linked from any page (/blog/project/)",(sitemap)
https://pandaexteriors.com/blog/project/panda-ext-8473-5/,"listed only in the sitemap, not linked from any page (/blog/project/)",(sitemap)
https://pandaexteriors.com/blog/project/panda-ext-8473/,"listed only in the sitemap, not linked from any page (/blog/project/)",(sitemap)
https://pandaexteriors.com/blog/project/panda-ext-8475/,"listed only in the sitemap, not linked from any page (/blog/project/)",(sitemap)
https://pandaexteriors.com/blog/project/panda-ext-8477/,"listed only in the sitemap, not linked from any page (/blog/project/)",(sitemap)
https://pandaexteriors.com/blog/project/panda-ext-8478/,"listed only in the sitemap, not linked from any page (/blog/project/)",(sitemap)
https://pandaexteriors.com/blog/project/panda-ext-8479/,"listed only in the sitemap, not linked from any page (/blog/project/)",(sitemap)
https://pandaexteriors.com/blog/project/panda-ext-8481/,"listed only in the sitemap, not linked from any page (/blog/project/)",(sitemap)
https://pandaexteriors.com/blog/project/panda-ext-8482-2/,"listed only in the sitemap, not linked from any page (/blog/project/)",(sitemap)
https://pandaexteriors.com/blog/project/panda-ext-8482-3/,"listed only in the sitemap, not linked from any page (/blog/project/)",(sitemap)
https://pandaexteriors.com/blog/project/panda-ext-8482-4/,"listed only in the sitemap, not linked from any page (/blog/project/)",(sitemap)
https://pandaexteriors.com/blog/project/panda-ext-8482-5/,"listed only in the sitemap, not linked from any page (/blog/project/)",(sitemap)
https://pandaexteriors.com/blog/project/panda-ext-8482-6/,"listed only in the sitemap, not linked from any page (/blog/project/)",(sitemap)
https://pandaexteriors.com/blog/project/panda-ext-8482-7/,"listed only in the sitemap, not linked from any page (/blog/project/)",(sitemap)
https://pandaexteriors.com/blog/project/panda-ext-8482-8/,"listed only in the sitemap, not linked from any page (/blog/project/)",(sitemap)
https://pandaexteriors.com/blog/project/panda-ext-8482/,"listed only in the sitemap, not linked from any page (/blog/project/)",(sitemap)
https://pandaexteriors.com/blog/project/panda-ext-8483/,"listed only in the sitemap, not linked from any page (/blog/project/)",(sitemap)
https://pandaexteriors.com/blog/project/panda-ext-8485/,"listed only in the sitemap, not linked from any page (/blog/project/)",(sitemap)
https://pandaexteriors.com/blog/project/panda-ext-8486/,"listed only in the sitemap, not linked from any page (/blog/project/)",(sitemap)
https://pandaexteriors.com/blog/project/panda-ext-8489/,"listed only in the sitemap, not linked from any page (/blog/project/)",(sitemap)
https://pandaexteriors.com/blog/project/panda-ext-8491/,"listed only in the sitemap, not linked from any page (/blog/project/)",(sitemap)
https://pandaexteriors.com/blog/project/panda-ext-8492/,"listed only in the sitemap, not linked from any page (/blog/project/)",(sitemap)
https://pandaexteriors.com/blog/project/panda-ext-8498/,"listed only in the sitemap, not linked from any page (/blog/project/)",(sitemap)
https://pandaexteriors.com/blog/project/panda-ext-8499/,"listed only in the sitemap, not linked from any page (/blog/project/)",(sitemap)
https://pandaexteriors.com/blog/project/panda-ext-8501/,"listed only in the sitemap, not linked from any page (/blog/project/)",(sitemap)
https://pandaexteriors.com/blog/project/panda-ext-8502/,"listed only in the sitemap, not linked from any page (/blog/project/)",(sitemap)
https://pandaexteriors.com/blog/project/panda-ext-8503/,"listed only in the sitemap, not linked from any page (/blog/project/)",(sitemap)
https://pandaexteriors.com/blog/project/panda-ext-8506/,"listed only in the sitemap, not linked from any page (/blog/project/)",(sitemap)
https://pandaexteriors.com/blog/project/panda-ext-8507/,"listed only in the sitemap, not linked from any page (/blog/project/)",(sitemap)
https://pandaexteriors.com/blog/project/panda-ext-8508/,"listed only in the sitemap, not linked from any page (/blog/project/)",(sitemap)
https://pandaexteriors.com/blog/project/panda-ext-8509/,"listed only in the sitemap, not linked from any page (/blog/project/)",(sitemap)
https://pandaexteriors.com/blog/project/panda-ext-8511-2/,"listed only in the sitemap, not linked from any page (/blog/project/)",(sitemap)
https://pandaexteriors.com/blog/project/panda-ext-8511-3/,"listed only in the sitemap, not linked from any page (/blog/project/)",(sitemap)
https://pandaexteriors.com/blog/project/panda-ext-8511-4/,"listed only in the sitemap, not linked from any page (/blog/project/)",(sitemap)
https://pandaexteriors.com/blog/project/panda-ext-8511-5/,"listed only in the sitemap, not linked from any page (/blog/project/)",(sitemap)
https://pandaexteriors.com/blog/project/panda-ext-8511-6/,"listed only in the sitemap, not linked from any page (/blog/project/)",(sitemap)
https://pandaexteriors.com/blog/project/panda-ext-8511-7/,"listed only in the sitemap, not linked from any page (/blog/project/)",(sitemap)
https://pandaexteriors.com/blog/project/panda-ext-8511-8/,"listed only in the sitemap, not linked from any page (/blog/project/)",(sitemap)
https://pandaexteriors.com/blog/project/panda-ext-8511/,"listed only in the sitemap, not linked from any page (/blog/project/)",(sitemap)
https://pandaexteriors.com/blog/project/panda-ext-8512/,"listed only in the sitemap, not linked from any page (/blog/project/)",(sitemap)
https://pandaexteriors.com/blog/project/panda-ext-8513/,"listed only in the sitemap, not linked from any page (/blog/project/)",(sitemap)
https://pandaexteriors.com/blog/project/panda-ext-8515/,"listed only in the sitemap, not linked from any page (/blog/project/)",(sitemap)
https://pandaexteriors.com/blog/project/panda-ext-8516/,"listed only in the sitemap, not linked from any page (/blog/project/)",(sitemap)
https://pandaexteriors.com/blog/project/panda-ext-8517/,"listed only in the sitemap, not linked from any page (/blog/project/)",(sitemap)
https://pandaexteriors.com/blog/project/panda-ext-8518/,"listed only in the sitemap, not linked from any page (/blog/project/)",(sitemap)
https://pandaexteriors.com/blog/project/panda-ext-8520/,"listed only in the sitemap, not linked from any page (/blog/project/)",(sitemap)
https://pandaexteriors.com/blog/project/panda-ext-8521/,"listed only in the sitemap, not linked from any page (/blog/project/)",(sitemap)
https://pandaexteriors.com/blog/project/panda-ext-8524/,"listed only in the sitemap, not linked from any page (/blog/project/)",(sitemap)
https://pandaexteriors.com/blog/project/panda-ext-8526/,"listed only in the sitemap, not linked from any page (/blog/project/)",(sitemap)
https://pandaexteriors.com/blog/project/panda-ext-8528/,"listed only in the sitemap, not linked from any page (/blog/project/)",(sitemap)
https://pandaexteriors.com/blog/project/panda-ext-8529-2/,"listed only in the sitemap, not linked from any page (/blog/project/)",(sitemap)
https://pandaexteriors.com/blog/project/panda-ext-8529-3/,"listed only in the sitemap, not linked from any page (/blog/project/)",(sitemap)
https://pandaexteriors.com/blog/project/panda-ext-8529-4/,"listed only in the sitemap, not linked from any page (/blog/project/)",(sitemap)
https://pandaexteriors.com/blog/project/panda-ext-8529-5/,"listed only in the sitemap, not linked from any page (/blog/project/)",(sitemap)
https://pandaexteriors.com/blog/project/panda-ext-8529-6/,"listed only in the sitemap, not linked from any page (/blog/project/)",(sitemap)
https://pandaexteriors.com/blog/project/panda-ext-8529-7/,"listed only in the sitemap, not linked from any page (/blog/project/)",(sitemap)
https://pandaexteriors.com/blog/project/panda-ext-8529-8/,"listed only in the sitemap, not linked from any page (/blog/project/)",(sitemap)
https://pandaexteriors.com/blog/project/panda-ext-8529/,"listed only in the sitemap, not linked from any page (/blog/project/)",(sitemap)
https://pandaexteriors.com/blog/project/panda-ext-8532/,"listed only in the sitemap, not linked from any page (/blog/project/)",(sitemap)
https://pandaexteriors.com/blog/project/panda-ext-8533/,"listed only in the sitemap, not linked from any page (/blog/project/)",(sitemap)
https://pandaexteriors.com/blog/project/panda-ext-8534/,"listed only in the sitemap, not linked from any page (/blog/project/)",(sitemap)
https://pandaexteriors.com/blog/project/panda-ext-8535/,"listed only in the sitemap, not linked from any page (/blog/project/)",(sitemap)
https://pandaexteriors.com/blog/project/panda-ext-8536/,"listed only in the sitemap, not linked from any page (/blog/project/)",(sitemap)
https://pandaexteriors.com/blog/project/panda-ext-8537/,"listed only in the sitemap, not linked from any page (/blog/project/)",(sitemap)
https://pandaexteriors.com/blog/project/panda-ext-8538/,"listed only in the sitemap, not linked from any page (/blog/project/)",(sitemap)
https://pandaexteriors.com/blog/project/panda-ext-8539/,"listed only in the sitemap, not linked from any page (/blog/project/)",(sitemap)
https://pandaexteriors.com/blog/project/panda-ext-8540/,"listed only in the sitemap, not linked from any page (/blog/project/)",(sitemap)
https://pandaexteriors.com/blog/project/panda-ext-8541/,"listed only in the sitemap, not linked from any page (/blog/project/)",(sitemap)
https://pandaexteriors.com/blog/project/panda-ext-8544/,"listed only in the sitemap, not linked from any page (/blog/project/)",(sitemap)
https://pandaexteriors.com/blog/project/panda-ext-8548/,"listed only in the sitemap, not linked from any page (/blog/project/)",(sitemap)
https://pandaexteriors.com/blog/project/panda-ext-8549/,"listed only in the sitemap, not linked from any page (/blog/project/)",(sitemap)
https://pandaexteriors.com/blog/project/panda-ext-8551/,"listed only in the sitemap, not linked from any page (/blog/project/)",(sitemap)
https://pandaexteriors.com/blog/project/panda-ext-8552/,"listed only in the sitemap, not linked from any page (/blog/project/)",(sitemap)
https://pandaexteriors.com/blog/project/panda-ext-8553-2/,"listed only in the sitemap, not linked from any page (/blog/project/)",(sitemap)
https://pandaexteriors.com/blog/project/panda-ext-8553-3/,"listed only in the sitemap, not linked from any page (/blog/project/)",(sitemap)
https://pandaexteriors.com/blog/project/panda-ext-8553-4/,"listed only in the sitemap, not linked from any page (/blog/project/)",(sitemap)
https://pandaexteriors.com/blog/project/panda-ext-8553-5/,"listed only in the sitemap, not linked from any page (/blog/project/)",(sitemap)
https://pandaexteriors.com/blog/project/panda-ext-8553-6/,"listed only in the sitemap, not linked from any page (/blog/project/)",(sitemap)
https://pandaexteriors.com/blog/project/panda-ext-8553-7/,"listed only in the sitemap, not linked from any page (/blog/project/)",(sitemap)
https://pandaexteriors.com/blog/project/panda-ext-8553/,"listed only in the sitemap, not linked from any page (/blog/project/)",(sitemap)
https://pandaexteriors.com/blog/project/panda-ext-8556-2/,"listed only in the sitemap, not linked from any page (/blog/project/)",(sitemap)
https://pandaexteriors.com/blog/project/panda-ext-8556-3/,"listed only in the sitemap, not linked from any page (/blog/project/)",(sitemap)
https://pandaexteriors.com/blog/project/panda-ext-8556-4/,"listed only in the sitemap, not linked from any page (/blog/project/)",(sitemap)
https://pandaexteriors.com/blog/project/panda-ext-8556-5/,"listed only in the sitemap, not linked from any page (/blog/project/)",(sitemap)
https://pandaexteriors.com/blog/project/panda-ext-8556-6/,"listed only in the sitemap, not linked from any page (/blog/project/)",(sitemap)
https://pandaexteriors.com/blog/project/panda-ext-8556-7/,"listed only in the sitemap, not linked from any page (/blog/project/)",(sitemap)
https://pandaexteriors.com/blog/project/panda-ext-8556/,"listed only in the sitemap, not linked from any page (/blog/project/)",(sitemap)
https://pandaexteriors.com/blog/project/panda-ext-8557/,"listed only in the sitemap, not linked from any page (/blog/project/)",(sitemap)
https://pandaexteriors.com/blog/project/panda-ext-8559/,"listed only in the sitemap, not linked from any page (/blog/project/)",(sitemap)
https://pandaexteriors.com/blog/project/panda-ext-8561/,"listed only in the sitemap, not linked from any page (/blog/project/)",(sitemap)
https://pandaexteriors.com/blog/project/panda-ext-8562/,"listed only in the sitemap, not linked from any page (/blog/project/)",(sitemap)
https://pandaexteriors.com/blog/project/panda-ext-8563/,"listed only in the sitemap, not linked from any page (/blog/project/)",(sitemap)
https://pandaexteriors.com/blog/project/panda-ext-8565/,"listed only in the sitemap, not linked from any page (/blog/project/)",(sitemap)
https://pandaexteriors.com/blog/project/panda-ext-8566/,"listed only in the sitemap, not linked from any page (/blog/project/)",(sitemap)
https://pandaexteriors.com/blog/project/panda-ext-8567/,"listed only in the sitemap, not linked from any page (/blog/project/)",(sitemap)
https://pandaexteriors.com/blog/project/panda-ext-8568/,"listed only in the sitemap, not linked from any page (/blog/project/)",(sitemap)
https://pandaexteriors.com/blog/project/panda-ext-8569/,"listed only in the sitemap, not linked from any page (/blog/project/)",(sitemap)
https://pandaexteriors.com/blog/project/panda-ext-8571/,"listed only in the sitemap, not linked from any page (/blog/project/)",(sitemap)
https://pandaexteriors.com/blog/project/panda-ext-8573/,"listed only in the sitemap, not linked from any page (/blog/project/)",(sitemap)
https://pandaexteriors.com/blog/project/panda-ext-8576/,"listed only in the sitemap, not linked from any page (/blog/project/)",(sitemap)
https://pandaexteriors.com/blog/project/panda-ext-8578/,"listed only in the sitemap, not linked from any page (/blog/project/)",(sitemap)
https://pandaexteriors.com/blog/project/panda-ext-8579/,"listed only in the sitemap, not linked from any page (/blog/project/)",(sitemap)
https://pandaexteriors.com/blog/project/panda-ext-8581-3/,"listed only in the sitemap, not linked from any page (/blog/project/)",(sitemap)
https://pandaexteriors.com/blog/project/panda-ext-8581-4/,"listed only in the sitemap, not linked from any page (/blog/project/)",(sitemap)
https://pandaexteriors.com/blog/project/panda-ext-8581-5/,"listed only in the sitemap, not linked from any page (/blog/project/)",(sitemap)
https://pandaexteriors.com/blog/project/panda-ext-8581-6/,"listed only in the sitemap, not linked from any page (/blog/project/)",(sitemap)
https://pandaexteriors.com/blog/project/panda-ext-8581/,"listed only in the sitemap, not linked from any page (/blog/project/)",(sitemap)
https://pandaexteriors.com/blog/project/panda-ext-8582/,"listed only in the sitemap, not linked from any page (/blog/project/)",(sitemap)
https://pandaexteriors.com/blog/project/panda-ext-8584/,"listed only in the sitemap, not linked from any page (/blog/project/)",(sitemap)
https://pandaexteriors.com/blog/project/panda-ext-8585/,"listed only in the sitemap, not linked from any page (/blog/project/)",(sitemap)
https://pandaexteriors.com/blog/project/panda-ext-8586/,"listed only in the sitemap, not linked from any page (/blog/project/)",(sitemap)
https://pandaexteriors.com/blog/project/panda-ext-8589/,"listed only in the sitemap, not linked from any page (/blog/project/)",(sitemap)
https://pandaexteriors.com/blog/project/panda-ext-8590/,"listed only in the sitemap, not linked from any page (/blog/project/)",(sitemap)
https://pandaexteriors.com/blog/project/panda-ext-8591/,"listed only in the sitemap, not linked from any page (/blog/project/)",(sitemap)
https://pandaexteriors.com/blog/project/panda-ext-8592/,"listed only in the sitemap, not linked from any page (/blog/project/)",(sitemap)
https://pandaexteriors.com/blog/project/panda-ext-8596/,"listed only in the sitemap, not linked from any page (/blog/project/)",(sitemap)
https://pandaexteriors.com/blog/project/panda-ext-8598/,"listed only in the sitemap, not linked from any page (/blog/project/)",(sitemap)
https://pandaexteriors.com/blog/project/panda-ext-8599/,"listed only in the sitemap, not linked from any page (/blog/project/)",(sitemap)
https://pandaexteriors.com/blog/project/panda-ext-8600/,"listed only in the sitemap, not linked from any page (/blog/project/)",(sitemap)
https://pandaexteriors.com/blog/project/panda-ext-8604/,"listed only in the sitemap, not linked from any page (/blog/project/)",(sitemap)
https://pandaexteriors.com/blog/project/panda-ext-8606/,"listed only in the sitemap, not linked from any page (/blog/project/)",(sitemap)
https://pandaexteriors.com/blog/project/panda-ext-8607-2/,"listed only in the sitemap, not linked from any page (/blog/project/)",(sitemap)
https://pandaexteriors.com/blog/project/panda-ext-8607-3/,"listed only in the sitemap, not linked from any page (/blog/project/)",(sitemap)
https://pandaexteriors.com/blog/project/panda-ext-8607-4/,"listed only in the sitemap, not linked from any page (/blog/project/)",(sitemap)
https://pandaexteriors.com/blog/project/panda-ext-8607-5/,"listed only in the sitemap, not linked from any page (/blog/project/)",(sitemap)
https://pandaexteriors.com/blog/project/panda-ext-8607-6/,"listed only in the sitemap, not linked from any page (/blog/project/)",(sitemap)
https://pandaexteriors.com/blog/project/panda-ext-8607-7/,"listed only in the sitemap, not linked from any page (/blog/project/)",(sitemap)
https://pandaexteriors.com/blog/project/panda-ext-8607-8/,"listed only in the sitemap, not linked from any page (/blog/project/)",(sitemap)
https://pandaexteriors.com/blog/project/panda-ext-8607/,"listed only in the sitemap, not linked from any page (/blog/project/)",(sitemap)
https://pandaexteriors.com/blog/project/panda-ext-8608/,"listed only in the sitemap, not linked from any page (/blog/project/)",(sitemap)
https://pandaexteriors.com/blog/project/panda-ext-8614/,"listed only in the sitemap, not linked from any page (/blog/project/)",(sitemap)
https://pandaexteriors.com/blog/project/panda-ext-8615/,"listed only in the sitemap, not linked from any page (/blog/project/)",(sitemap)
https://pandaexteriors.com/blog/project/panda-ext-8616/,"listed only in the sitemap, not linked from any page (/blog/project/)",(sitemap)
https://pandaexteriors.com/blog/project/panda-ext-8617/,"listed only in the sitemap, not linked from any page (/blog/project/)",(sitemap)
https://pandaexteriors.com/blog/project/panda-ext-8619/,"listed only in the sitemap, not linked from any page (/blog/project/)",(sitemap)
https://pandaexteriors.com/blog/project/panda-ext-8620/,"listed only in the sitemap, not linked from any page (/blog/project/)",(sitemap)
https://pandaexteriors.com/blog/project/panda-ext-8622/,"listed only in the sitemap, not linked from any page (/blog/project/)",(sitemap)
https://pandaexteriors.com/blog/project/panda-ext-8625/,"listed only in the sitemap, not linked from any page (/blog/project/)",(sitemap)
https://pandaexteriors.com/blog/project/panda-ext-8627/,"listed only in the sitemap, not linked from any page (/blog/project/)",(sitemap)
https://pandaexteriors.com/blog/project/panda-ext-8628/,"listed only in the sitemap, not linked from any page (/blog/project/)",(sitemap)
https://pandaexteriors.com/blog/project/panda-ext-8629/,"listed only in the sitemap, not linked from any page (/blog/project/)",(sitemap)
https://pandaexteriors.com/blog/project/panda-ext-8630/,"listed only in the sitemap, not linked from any page (/blog/project/)",(sitemap)
https://pandaexteriors.com/blog/project/panda-ext-8631/,"listed only in the sitemap, not linked from any page (/blog/project/)",(sitemap)
https://pandaexteriors.com/blog/project/panda-ext-8632/,"listed only in the sitemap, not linked from any page (/blog/project/)",(sitemap)
https://pandaexteriors.com/blog/project/panda-ext-8633-2/,"listed only in the sitemap, not linked from any page (/blog/project/)",(sitemap)
https://pandaexteriors.com/blog/project/panda-ext-8633-3/,"listed only in the sitemap, not linked from any page (/blog/project/)",(sitemap)
https://pandaexteriors.com/blog/project/panda-ext-8633-4/,"listed only in the sitemap, not linked from any page (/blog/project/)",(sitemap)
https://pandaexteriors.com/blog/project/panda-ext-8633-5/,"listed only in the sitemap, not linked from any page (/blog/project/)",(sitemap)
https://pandaexteriors.com/blog/project/panda-ext-8633/,"listed only in the sitemap, not linked from any page (/blog/project/)",(sitemap)
https://pandaexteriors.com/blog/project/panda-ext-8636/,"listed only in the sitemap, not linked from any page (/blog/project/)",(sitemap)
https://pandaexteriors.com/blog/project/panda-ext-8637/,"listed only in the sitemap, not linked from any page (/blog/project/)",(sitemap)
https://pandaexteriors.com/blog/project/panda-ext-8640/,"listed only in the sitemap, not linked from any page (/blog/project/)",(sitemap)
https://pandaexteriors.com/blog/project/panda-ext-8643/,"listed only in the sitemap, not linked from any page (/blog/project/)",(sitemap)
https://pandaexteriors.com/blog/project/panda-ext-8644/,"listed only in the sitemap, not linked from any page (/blog/project/)",(sitemap)
https://pandaexteriors.com/blog/project/panda-ext-8647/,"listed only in the sitemap, not linked from any page (/blog/project/)",(sitemap)
https://pandaexteriors.com/blog/project/panda-ext-8649/,"listed only in the sitemap, not linked from any page (/blog/project/)",(sitemap)
https://pandaexteriors.com/blog/project/panda-ext-8650/,"listed only in the sitemap, not linked from any page (/blog/project/)",(sitemap)
https://pandaexteriors.com/blog/project/panda-ext-8651/,"listed only in the sitemap, not linked from any page (/blog/project/)",(sitemap)
https://pandaexteriors.com/blog/project/panda-ext-8653/,"listed only in the sitemap, not linked from any page (/blog/project/)",(sitemap)
https://pandaexteriors.com/blog/project/panda-ext-8654/,"listed only in the sitemap, not linked from any page (/blog/project/)",(sitemap)
https://pandaexteriors.com/blog/project/panda-ext-8656/,"listed only in the sitemap, not linked from any page (/blog/project/)",(sitemap)
https://pandaexteriors.com/blog/project/panda-ext-8657/,"listed only in the sitemap, not linked from any page (/blog/project/)",(sitemap)
https://pandaexteriors.com/blog/project/panda-ext-8659/,"listed only in the sitemap, not linked from any page (/blog/project/)",(sitemap)
https://pandaexteriors.com/blog/project/panda-ext-8661/,"listed only in the sitemap, not linked from any page (/blog/project/)",(sitemap)
https://pandaexteriors.com/blog/project/panda-ext-8667/,"listed only in the sitemap, not linked from any page (/blog/project/)",(sitemap)
https://pandaexteriors.com/blog/project/panda-ext-8668/,"listed only in the sitemap, not linked from any page (/blog/project/)",(sitemap)
https://pandaexteriors.com/blog/project/panda-ext-8669/,"listed only in the sitemap, not linked from any page (/blog/project/)",(sitemap)
https://pandaexteriors.com/blog/project/panda-ext-8670/,"listed only in the sitemap, not linked from any page (/blog/project/)",(sitemap)
https://pandaexteriors.com/blog/project/panda-ext-8671/,"listed only in the sitemap, not linked from any page (/blog/project/)",(sitemap)
https://pandaexteriors.com/blog/project/panda-ext-8672/,"listed only in the sitemap, not linked from any page (/blog/project/)",(sitemap)
https://pandaexteriors.com/blog/project/panda-ext-8678-2/,"listed only in the sitemap, not linked from any page (/blog/project/)",(sitemap)
https://pandaexteriors.com/blog/project/panda-ext-8678-3/,"listed only in the sitemap, not linked from any page (/blog/project/)",(sitemap)
https://pandaexteriors.com/blog/project/panda-ext-8678/,"listed only in the sitemap, not linked from any page (/blog/project/)",(sitemap)
https://pandaexteriors.com/blog/project/panda-ext-8679/,"listed only in the sitemap, not linked from any page (/blog/project/)",(sitemap)
https://pandaexteriors.com/blog/project/panda-ext-8680/,"listed only in the sitemap, not linked from any page (/blog/project/)",(sitemap)
https://pandaexteriors.com/blog/project/panda-ext-8681/,"listed only in the sitemap, not linked from any page (/blog/project/)",(sitemap)
https://pandaexteriors.com/blog/project/panda-ext-8684/,"listed only in the sitemap, not linked from any page (/blog/project/)",(sitemap)
https://pandaexteriors.com/blog/project/panda-ext-8685/,"listed only in the sitemap, not linked from any page (/blog/project/)",(sitemap)
https://pandaexteriors.com/blog/project/panda-ext-8686/,"listed only in the sitemap, not linked from any page (/blog/project/)",(sitemap)
https://pandaexteriors.com/blog/project/panda-ext-8687/,"listed only in the sitemap, not linked from any page (/blog/project/)",(sitemap)
https://pandaexteriors.com/blog/project/panda-ext-8688/,"listed only in the sitemap, not linked from any page (/blog/project/)",(sitemap)
https://pandaexteriors.com/blog/project/panda-ext-8690/,"listed only in the sitemap, not linked from any page (/blog/project/)",(sitemap)
https://pandaexteriors.com/blog/project/panda-ext-8691/,"listed only in the sitemap, not linked from any page (/blog/project/)",(sitemap)
https://pandaexteriors.com/blog/project/panda-ext-8692/,"listed only in the sitemap, not linked from any page (/blog/project/)",(sitemap)
https://pandaexteriors.com/blog/project/panda-ext-8693/,"listed only in the sitemap, not linked from any page (/blog/project/)",(sitemap)
https://pandaexteriors.com/blog/project/panda-ext-8694/,"listed only in the sitemap, not linked from any page (/blog/project/)",(sitemap)
https://pandaexteriors.com/blog/project/panda-ext-8695/,"listed only in the sitemap, not linked from any page (/blog/project/)",(sitemap)
https://pandaexteriors.com/blog/project/panda-ext-8696/,"listed only in the sitemap, not linked from any page (/blog/project/)",(sitemap)
https://pandaexteriors.com/blog/project/panda-ext-8698/,"listed only in the sitemap, not linked from any page (/blog/project/)",(sitemap)
https://pandaexteriors.com/blog/project/panda-ext-8699/,"listed only in the sitemap, not linked from any page (/blog/project/)",(sitemap)
https://pandaexteriors.com/blog/project/panda-ext-8700/,"listed only in the sitemap, not linked from any page (/blog/project/)",(sitemap)
https://pandaexteriors.com/blog/project/panda-ext-8702/,"listed only in the sitemap, not linked from any page (/blog/project/)",(sitemap)
https://pandaexteriors.com/blog/project/panda-ext-8703/,"listed only in the sitemap, not linked from any page (/blog/project/)",(sitemap)
https://pandaexteriors.com/blog/project/panda-ext-8704/,"listed only in the sitemap, not linked from any page (/blog/project/)",(sitemap)
https://pandaexteriors.com/blog/project/panda-ext-8705/,"listed only in the sitemap, not linked from any page (/blog/project/)",(sitemap)
https://pandaexteriors.com/blog/project/panda-ext-8707/,"listed only in the sitemap, not linked from any page (/blog/project/)",(sitemap)
https://pandaexteriors.com/blog/project/panda-ext-8708/,"listed only in the sitemap, not linked from any page (/blog/project/)",(sitemap)
https://pandaexteriors.com/blog/project/panda-ext-8710/,"listed only in the sitemap, not linked from any page (/blog/project/)",(sitemap)
https://pandaexteriors.com/blog/project/panda-ext-8711/,"listed only in the sitemap, not linked from any page (/blog/project/)",(sitemap)
https://pandaexteriors.com/blog/project/panda-ext-8715/,"listed only in the sitemap, not linked from any page (/blog/project/)",(sitemap)
https://pandaexteriors.com/blog/project/panda-ext-8716/,"listed only in the sitemap, not linked from any page (/blog/project/)",(sitemap)
https://pandaexteriors.com/blog/project/panda-ext-8717/,"listed only in the sitemap, not linked from any page (/blog/project/)",(sitemap)
https://pandaexteriors.com/blog/project/panda-ext-8719/,"listed only in the sitemap, not linked from any page (/blog/project/)",(sitemap)
https://pandaexteriors.com/blog/project/panda-ext-8722/,"listed only in the sitemap, not linked from any page (/blog/project/)",(sitemap)
https://pandaexteriors.com/blog/project/panda-ext-8723/,"listed only in the sitemap, not linked from any page (/blog/project/)",(sitemap)
https://pandaexteriors.com/blog/project/panda-ext-8724/,"listed only in the sitemap, not linked from any page (/blog/project/)",(sitemap)
https://pandaexteriors.com/blog/project/panda-ext-8727-2/,"listed only in the sitemap, not linked from any page (/blog/project/)",(sitemap)
https://pandaexteriors.com/blog/project/panda-ext-8727-3/,"listed only in the sitemap, not linked from any page (/blog/project/)",(sitemap)
https://pandaexteriors.com/blog/project/panda-ext-8727-4/,"listed only in the sitemap, not linked from any page (/blog/project/)",(sitemap)
https://pandaexteriors.com/blog/project/panda-ext-8727-5/,"listed only in the sitemap, not linked from any page (/blog/project/)",(sitemap)
https://pandaexteriors.com/blog/project/panda-ext-8727-6/,"listed only in the sitemap, not linked from any page (/blog/project/)",(sitemap)
https://pandaexteriors.com/blog/project/panda-ext-8727-7/,"listed only in the sitemap, not linked from any page (/blog/project/)",(sitemap)
https://pandaexteriors.com/blog/project/panda-ext-8727/,"listed only in the sitemap, not linked from any page (/blog/project/)",(sitemap)
https://pandaexteriors.com/blog/project/panda-ext-8728/,"listed only in the sitemap, not linked from any page (/blog/project/)",(sitemap)
https://pandaexteriors.com/blog/project/panda-ext-8729/,"listed only in the sitemap, not linked from any page (/blog/project/)",(sitemap)
https://pandaexteriors.com/blog/project/panda-ext-8731/,"listed only in the sitemap, not linked from any page (/blog/project/)",(sitemap)
https://pandaexteriors.com/blog/project/panda-ext-8732/,"listed only in the sitemap, not linked from any page (/blog/project/)",(sitemap)
https://pandaexteriors.com/blog/project/panda-ext-8737/,"listed only in the sitemap, not linked from any page (/blog/project/)",(sitemap)
https://pandaexteriors.com/blog/project/panda-ext-8739/,"listed only in the sitemap, not linked from any page (/blog/project/)",(sitemap)
https://pandaexteriors.com/blog/project/panda-ext-8745/,"listed only in the sitemap, not linked from any page (/blog/project/)",(sitemap)
https://pandaexteriors.com/blog/project/panda-ext-8746/,"listed only in the sitemap, not linked from any page (/blog/project/)",(sitemap)
https://pandaexteriors.com/blog/project/panda-ext-8747/,"listed only in the sitemap, not linked from any page (/blog/project/)",(sitemap)
https://pandaexteriors.com/blog/project/panda-ext-8748/,"listed only in the sitemap, not linked from any page (/blog/project/)",(sitemap)
https://pandaexteriors.com/blog/project/panda-ext-8749-2/,"listed only in the sitemap, not linked from any page (/blog/project/)",(sitemap)
https://pandaexteriors.com/blog/project/panda-ext-8749-3/,"listed only in the sitemap, not linked from any page (/blog/project/)",(sitemap)
https://pandaexteriors.com/blog/project/panda-ext-8749-4/,"listed only in the sitemap, not linked from any page (/blog/project/)",(sitemap)
https://pandaexteriors.com/blog/project/panda-ext-8749-5/,"listed only in the sitemap, not linked from any page (/blog/project/)",(sitemap)
https://pandaexteriors.com/blog/project/panda-ext-8749-6/,"listed only in the sitemap, not linked from any page (/blog/project/)",(sitemap)
https://pandaexteriors.com/blog/project/panda-ext-8749-7/,"listed only in the sitemap, not linked from any page (/blog/project/)",(sitemap)
https://pandaexteriors.com/blog/project/panda-ext-8749/,"listed only in the sitemap, not linked from any page (/blog/project/)",(sitemap)
https://pandaexteriors.com/blog/project/panda-ext-8750/,"listed only in the sitemap, not linked from any page (/blog/project/)",(sitemap)
https://pandaexteriors.com/blog/project/panda-ext-8751/,"listed only in the sitemap, not linked from any page (/blog/project/)",(sitemap)
https://pandaexteriors.com/blog/project/panda-ext-8752-2/,"listed only in the sitemap, not linked from any page (/blog/project/)",(sitemap)
https://pandaexteriors.com/blog/project/panda-ext-8752-3/,"listed only in the sitemap, not linked from any page (/blog/project/)",(sitemap)
https://pandaexteriors.com/blog/project/panda-ext-8752-4/,"listed only in the sitemap, not linked from any page (/blog/project/)",(sitemap)
https://pandaexteriors.com/blog/project/panda-ext-8752-5/,"listed only in the sitemap, not linked from any page (/blog/project/)",(sitemap)
https://pandaexteriors.com/blog/project/panda-ext-8752-6/,"listed only in the sitemap, not linked from any page (/blog/project/)",(sitemap)
https://pandaexteriors.com/blog/project/panda-ext-8752-7/,"listed only in the sitemap, not linked from any page (/blog/project/)",(sitemap)
https://pandaexteriors.com/blog/project/panda-ext-8752/,"listed only in the sitemap, not linked from any page (/blog/project/)",(sitemap)
https://pandaexteriors.com/blog/project/panda-ext-8754/,"listed only in the sitemap, not linked from any page (/blog/project/)",(sitemap)
https://pandaexteriors.com/blog/project/panda-ext-8756-2/,"listed only in the sitemap, not linked from any page (/blog/project/)",(sitemap)
https://pandaexteriors.com/blog/project/panda-ext-8756-3/,"listed only in the sitemap, not linked from any page (/blog/project/)",(sitemap)
https://pandaexteriors.com/blog/project/panda-ext-8756-4/,"listed only in the sitemap, not linked from any page (/blog/project/)",(sitemap)
https://pandaexteriors.com/blog/project/panda-ext-8756-5/,"listed only in the sitemap, not linked from any page (/blog/project/)",(sitemap)
https://pandaexteriors.com/blog/project/panda-ext-8756-6/,"listed only in the sitemap, not linked from any page (/blog/project/)",(sitemap)
https://pandaexteriors.com/blog/project/panda-ext-8756-7/,"listed only in the sitemap, not linked from any page (/blog/project/)",(sitemap)
https://pandaexteriors.com/blog/project/panda-ext-8756/,"listed only in the sitemap, not linked from any page (/blog/project/)",(sitemap)
https://pandaexteriors.com/blog/project/panda-ext-8757/,"listed only in the sitemap, not linked from any page (/blog/project/)",(sitemap)
https://pandaexteriors.com/blog/project/panda-ext-8758/,"listed only in the sitemap, not linked from any page (/blog/project/)",(sitemap)
https://pandaexteriors.com/blog/project/panda-ext-8759/,"listed only in the sitemap, not linked from any page (/blog/project/)",(sitemap)
https://pandaexteriors.com/blog/project/panda-ext-8760/,"listed only in the sitemap, not linked from any page (/blog/project/)",(sitemap)
https://pandaexteriors.com/blog/project/panda-ext-8761/,"listed only in the sitemap, not linked from any page (/blog/project/)",(sitemap)
https://pandaexteriors.com/blog/project/panda-ext-8762/,"listed only in the sitemap, not linked from any page (/blog/project/)",(sitemap)
https://pandaexteriors.com/blog/project/panda-ext-8764/,"listed only in the sitemap, not linked from any page (/blog/project/)",(sitemap)
https://pandaexteriors.com/blog/project/panda-ext-8766/,"listed only in the sitemap, not linked from any page (/blog/project/)",(sitemap)
https://pandaexteriors.com/blog/project/panda-ext-8768/,"listed only in the sitemap, not linked from any page (/blog/project/)",(sitemap)
https://pandaexteriors.com/blog/project/panda-ext-8769/,"listed only in the sitemap, not linked from any page (/blog/project/)",(sitemap)
https://pandaexteriors.com/blog/project/panda-ext-8772/,"listed only in the sitemap, not linked from any page (/blog/project/)",(sitemap)
https://pandaexteriors.com/blog/project/panda-ext-8773/,"listed only in the sitemap, not linked from any page (/blog/project/)",(sitemap)
https://pandaexteriors.com/blog/project/panda-ext-8774/,"listed only in the sitemap, not linked from any page (/blog/project/)",(sitemap)
https://pandaexteriors.com/blog/project/panda-ext-8775/,"listed only in the sitemap, not linked from any page (/blog/project/)",(sitemap)
https://pandaexteriors.com/blog/project/panda-ext-8776/,"listed only in the sitemap, not linked from any page (/blog/project/)",(sitemap)
https://pandaexteriors.com/blog/project/panda-ext-8777/,"listed only in the sitemap, not linked from any page (/blog/project/)",(sitemap)
https://pandaexteriors.com/blog/project/panda-ext-8778-2/,"listed only in the sitemap, not linked from any page (/blog/project/)",(sitemap)
https://pandaexteriors.com/blog/project/panda-ext-8778-3/,"listed only in the sitemap, not linked from any page (/blog/project/)",(sitemap)
https://pandaexteriors.com/blog/project/panda-ext-8778-4/,"listed only in the sitemap, not linked from any page (/blog/project/)",(sitemap)
https://pandaexteriors.com/blog/project/panda-ext-8778-5/,"listed only in the sitemap, not linked from any page (/blog/project/)",(sitemap)
https://pandaexteriors.com/blog/project/panda-ext-8778-6/,"listed only in the sitemap, not linked from any page (/blog/project/)",(sitemap)
https://pandaexteriors.com/blog/project/panda-ext-8778-7/,"listed only in the sitemap, not linked from any page (/blog/project/)",(sitemap)
https://pandaexteriors.com/blog/project/panda-ext-8778/,"listed only in the sitemap, not linked from any page (/blog/project/)",(sitemap)
https://pandaexteriors.com/blog/project/panda-ext-8779/,"listed only in the sitemap, not linked from any page (/blog/project/)",(sitemap)
https://pandaexteriors.com/blog/project/panda-ext-8782/,"listed only in the sitemap, not linked from any page (/blog/project/)",(sitemap)
https://pandaexteriors.com/blog/project/panda-ext-8784/,"listed only in the sitemap, not linked from any page (/blog/project/)",(sitemap)
https://pandaexteriors.com/blog/project/panda-ext-8787/,"listed only in the sitemap, not linked from any page (/blog/project/)",(sitemap)
https://pandaexteriors.com/blog/project/panda-ext-8789/,"listed only in the sitemap, not linked from any page (/blog/project/)",(sitemap)
https://pandaexteriors.com/blog/project/panda-ext-8792/,"listed only in the sitemap, not linked from any page (/blog/project/)",(sitemap)
https://pandaexteriors.com/blog/project/panda-ext-8795/,"listed only in the sitemap, not linked from any page (/blog/project/)",(sitemap)
https://pandaexteriors.com/blog/project/panda-ext-8800-2/,"listed only in the sitemap, not linked from any page (/blog/project/)",(sitemap)
https://pandaexteriors.com/blog/project/panda-ext-8800-3/,"listed only in the sitemap, not linked from any page (/blog/project/)",(sitemap)
https://pandaexteriors.com/blog/project/panda-ext-8800-4/,"listed only in the sitemap, not linked from any page (/blog/project/)",(sitemap)
https://pandaexteriors.com/blog/project/panda-ext-8800-5/,"listed only in the sitemap, not linked from any page (/blog/project/)",(sitemap)
https://pandaexteriors.com/blog/project/panda-ext-8800-6/,"listed only in the sitemap, not linked from any page (/blog/project/)",(sitemap)
https://pandaexteriors.com/blog/project/panda-ext-8800-7/,"listed only in the sitemap, not linked from any page (/blog/project/)",(sitemap)
https://pandaexteriors.com/blog/project/panda-ext-8800-8/,"listed only in the sitemap, not linked from any page (/blog/project/)",(sitemap)
https://pandaexteriors.com/blog/project/panda-ext-8800/,"listed only in the sitemap, not linked from any page (/blog/project/)",(sitemap)
https://pandaexteriors.com/blog/project/panda-ext-8804/,"listed only in the sitemap, not linked from any page (/blog/project/)",(sitemap)
https://pandaexteriors.com/blog/project/panda-ext-8805/,"listed only in the sitemap, not linked from any page (/blog/project/)",(sitemap)
https://pandaexteriors.com/blog/project/panda-ext-8808/,"listed only in the sitemap, not linked from any page (/blog/project/)",(sitemap)
https://pandaexteriors.com/blog/project/panda-ext-8809/,"listed only in the sitemap, not linked from any page (/blog/project/)",(sitemap)
https://pandaexteriors.com/blog/project/panda-ext-8810/,"listed only in the sitemap, not linked from any page (/blog/project/)",(sitemap)
https://pandaexteriors.com/blog/project/panda-ext-8812/,"listed only in the sitemap, not linked from any page (/blog/project/)",(sitemap)
https://pandaexteriors.com/blog/project/panda-ext-8813/,"listed only in the sitemap, not linked from any page (/blog/project/)",(sitemap)
https://pandaexteriors.com/blog/project/panda-ext-8819/,"listed only in the sitemap, not linked from any page (/blog/project/)",(sitemap)
https://pandaexteriors.com/blog/project/panda-ext-8821/,"listed only in the sitemap, not linked from any page (/blog/project/)",(sitemap)
https://pandaexteriors.com/blog/project/panda-ext-8822/,"listed only in the sitemap, not linked from any page (/blog/project/)",(sitemap)
https://pandaexteriors.com/blog/project/panda-ext-8823/,"listed only in the sitemap, not linked from any page (/blog/project/)",(sitemap)
https://pandaexteriors.com/blog/project/panda-ext-8824/,"listed only in the sitemap, not linked from any page (/blog/project/)",(sitemap)
https://pandaexteriors.com/blog/project/panda-ext-8827/,"listed only in the sitemap, not linked from any page (/blog/project/)",(sitemap)
https://pandaexteriors.com/blog/project/panda-ext-8828/,"listed only in the sitemap, not linked from any page (/blog/project/)",(sitemap)
https://pandaexteriors.com/blog/project/panda-ext-8829-2/,"listed only in the sitemap, not linked from any page (/blog/project/)",(sitemap)
https://pandaexteriors.com/blog/project/panda-ext-8829-3/,"listed only in the sitemap, not linked from any page (/blog/project/)",(sitemap)
https://pandaexteriors.com/blog/project/panda-ext-8829-4/,"listed only in the sitemap, not linked from any page (/blog/project/)",(sitemap)
https://pandaexteriors.com/blog/project/panda-ext-8829-5/,"listed only in the sitemap, not linked from any page (/blog/project/)",(sitemap)
https://pandaexteriors.com/blog/project/panda-ext-8829-6/,"listed only in the sitemap, not linked from any page (/blog/project/)",(sitemap)
https://pandaexteriors.com/blog/project/panda-ext-8829-7/,"listed only in the sitemap, not linked from any page (/blog/project/)",(sitemap)
https://pandaexteriors.com/blog/project/panda-ext-8829/,"listed only in the sitemap, not linked from any page (/blog/project/)",(sitemap)
https://pandaexteriors.com/blog/project/panda-ext-8833-2/,"listed only in the sitemap, not linked from any page (/blog/project/)",(sitemap)
https://pandaexteriors.com/blog/project/panda-ext-8833-3/,"listed only in the sitemap, not linked from any page (/blog/project/)",(sitemap)
https://pandaexteriors.com/blog/project/panda-ext-8833-4/,"listed only in the sitemap, not linked from any page (/blog/project/)",(sitemap)
https://pandaexteriors.com/blog/project/panda-ext-8833-5/,"listed only in the sitemap, not linked from any page (/blog/project/)",(sitemap)
https://pandaexteriors.com/blog/project/panda-ext-8833/,"listed only in the sitemap, not linked from any page (/blog/project/)",(sitemap)
https://pandaexteriors.com/blog/project/panda-ext-8834/,"listed only in the sitemap, not linked from any page (/blog/project/)",(sitemap)
https://pandaexteriors.com/blog/project/panda-ext-8835/,"listed only in the sitemap, not linked from any page (/blog/project/)",(sitemap)
https://pandaexteriors.com/blog/project/panda-ext-8837/,"listed only in the sitemap, not linked from any page (/blog/project/)",(sitemap)
https://pandaexteriors.com/blog/project/panda-ext-8838/,"listed only in the sitemap, not linked from any page (/blog/project/)",(sitemap)
https://pandaexteriors.com/blog/project/panda-ext-8839/,"listed only in the sitemap, not linked from any page (/blog/project/)",(sitemap)
https://pandaexteriors.com/blog/project/panda-ext-8840/,"listed only in the sitemap, not linked from any page (/blog/project/)",(sitemap)
https://pandaexteriors.com/blog/project/panda-ext-8841/,"listed only in the sitemap, not linked from any page (/blog/project/)",(sitemap)
https://pandaexteriors.com/blog/project/panda-ext-8842/,"listed only in the sitemap, not linked from any page (/blog/project/)",(sitemap)
https://pandaexteriors.com/blog/project/panda-ext-8843/,"listed only in the sitemap, not linked from any page (/blog/project/)",(sitemap)
https://pandaexteriors.com/blog/project/panda-ext-8844/,"listed only in the sitemap, not linked from any page (/blog/project/)",(sitemap)
https://pandaexteriors.com/blog/project/panda-ext-8845/,"listed only in the sitemap, not linked from any page (/blog/project/)",(sitemap)
https://pandaexteriors.com/blog/project/panda-ext-8846/,"listed only in the sitemap, not linked from any page (/blog/project/)",(sitemap)
https://pandaexteriors.com/blog/project/panda-ext-8853-2/,"listed only in the sitemap, not linked from any page (/blog/project/)",(sitemap)
https://pandaexteriors.com/blog/project/panda-ext-8853-3/,"listed only in the sitemap, not linked from any page (/blog/project/)",(sitemap)
https://pandaexteriors.com/blog/project/panda-ext-8853-4/,"listed only in the sitemap, not linked from any page (/blog/project/)",(sitemap)
https://pandaexteriors.com/blog/project/panda-ext-8853-5/,"listed only in the sitemap, not linked from any page (/blog/project/)",(sitemap)
https://pandaexteriors.com/blog/project/panda-ext-8853-6/,"listed only in the sitemap, not linked from any page (/blog/project/)",(sitemap)
https://pandaexteriors.com/blog/project/panda-ext-8853-7/,"listed only in the sitemap, not linked from any page (/blog/project/)",(sitemap)
https://pandaexteriors.com/blog/project/panda-ext-8853-8/,"listed only in the sitemap, not linked from any page (/blog/project/)",(sitemap)
https://pandaexteriors.com/blog/project/panda-ext-8853/,"listed only in the sitemap, not linked from any page (/blog/project/)",(sitemap)
https://pandaexteriors.com/blog/project/panda-ext-8854/,"listed only in the sitemap, not linked from any page (/blog/project/)",(sitemap)
https://pandaexteriors.com/blog/project/panda-ext-8855/,"listed only in the sitemap, not linked from any page (/blog/project/)",(sitemap)
https://pandaexteriors.com/blog/project/panda-ext-8856/,"listed only in the sitemap, not linked from any page (/blog/project/)",(sitemap)
https://pandaexteriors.com/blog/project/panda-ext-8858/,"listed only in the sitemap, not linked from any page (/blog/project/)",(sitemap)
https://pandaexteriors.com/blog/project/panda-ext-8859/,"listed only in the sitemap, not linked from any page (/blog/project/)",(sitemap)
https://pandaexteriors.com/blog/project/panda-ext-8863/,"listed only in the sitemap, not linked from any page (/blog/project/)",(sitemap)
https://pandaexteriors.com/blog/project/panda-ext-8864/,"listed only in the sitemap, not linked from any page (/blog/project/)",(sitemap)
https://pandaexteriors.com/blog/project/panda-ext-8865/,"listed only in the sitemap, not linked from any page (/blog/project/)",(sitemap)
https://pandaexteriors.com/blog/project/panda-ext-8866/,"listed only in the sitemap, not linked from any page (/blog/project/)",(sitemap)
https://pandaexteriors.com/blog/project/panda-ext-8867/,"listed only in the sitemap, not linked from any page (/blog/project/)",(sitemap)
https://pandaexteriors.com/blog/project/panda-ext-8873/,"listed only in the sitemap, not linked from any page (/blog/project/)",(sitemap)
https://pandaexteriors.com/blog/project/panda-ext-8875/,"listed only in the sitemap, not linked from any page (/blog/project/)",(sitemap)
https://pandaexteriors.com/blog/project/panda-ext-8876/,"listed only in the sitemap, not linked from any page (/blog/project/)",(sitemap)
https://pandaexteriors.com/blog/project/panda-ext-8880/,"listed only in the sitemap, not linked from any page (/blog/project/)",(sitemap)
https://pandaexteriors.com/blog/project/panda-ext-8881/,"listed only in the sitemap, not linked from any page (/blog/project/)",(sitemap)
https://pandaexteriors.com/blog/project/panda-ext-8882/,"listed only in the sitemap, not linked from any page (/blog/project/)",(sitemap)
https://pandaexteriors.com/blog/project/panda-ext-8883/,"listed only in the sitemap, not linked from any page (/blog/project/)",(sitemap)
https://pandaexteriors.com/blog/project/panda-ext-8884/,"listed only in the sitemap, not linked from any page (/blog/project/)",(sitemap)
https://pandaexteriors.com/blog/project/panda-ext-8885-2/,"listed only in the sitemap, not linked from any page (/blog/project/)",(sitemap)
https://pandaexteriors.com/blog/project/panda-ext-8885-3/,"listed only in the sitemap, not linked from any page (/blog/project/)",(sitemap)
https://pandaexteriors.com/blog/project/panda-ext-8885-4/,"listed only in the sitemap, not linked from any page (/blog/project/)",(sitemap)
https://pandaexteriors.com/blog/project/panda-ext-8885-5/,"listed only in the sitemap, not linked from any page (/blog/project/)",(sitemap)
https://pandaexteriors.com/blog/project/panda-ext-8885-6/,"listed only in the sitemap, not linked from any page (/blog/project/)",(sitemap)
https://pandaexteriors.com/blog/project/panda-ext-8885-7/,"listed only in the sitemap, not linked from any page (/blog/project/)",(sitemap)
https://pandaexteriors.com/blog/project/panda-ext-8885-8/,"listed only in the sitemap, not linked from any page (/blog/project/)",(sitemap)
https://pandaexteriors.com/blog/project/panda-ext-8885/,"listed only in the sitemap, not linked from any page (/blog/project/)",(sitemap)
https://pandaexteriors.com/blog/project/panda-ext-8886/,"listed only in the sitemap, not linked from any page (/blog/project/)",(sitemap)
https://pandaexteriors.com/blog/project/panda-ext-8887/,"listed only in the sitemap, not linked from any page (/blog/project/)",(sitemap)
https://pandaexteriors.com/blog/project/panda-ext-8888/,"listed only in the sitemap, not linked from any page (/blog/project/)",(sitemap)
https://pandaexteriors.com/blog/project/panda-ext-8889/,"listed only in the sitemap, not linked from any page (/blog/project/)",(sitemap)
https://pandaexteriors.com/blog/project/panda-ext-8891/,"listed only in the sitemap, not linked from any page (/blog/project/)",(sitemap)
https://pandaexteriors.com/blog/project/panda-ext-8893/,"listed only in the sitemap, not linked from any page (/blog/project/)",(sitemap)
https://pandaexteriors.com/blog/project/panda-ext-8894-2/,"listed only in the sitemap, not linked from any page (/blog/project/)",(sitemap)
https://pandaexteriors.com/blog/project/panda-ext-8894-3/,"listed only in the sitemap, not linked from any page (/blog/project/)",(sitemap)
https://pandaexteriors.com/blog/project/panda-ext-8894-4/,"listed only in the sitemap, not linked from any page (/blog/project/)",(sitemap)
https://pandaexteriors.com/blog/project/panda-ext-8894-5/,"listed only in the sitemap, not linked from any page (/blog/project/)",(sitemap)
https://pandaexteriors.com/blog/project/panda-ext-8894-6/,"listed only in the sitemap, not linked from any page (/blog/project/)",(sitemap)
https://pandaexteriors.com/blog/project/panda-ext-8894-7/,"listed only in the sitemap, not linked from any page (/blog/project/)",(sitemap)
https://pandaexteriors.com/blog/project/panda-ext-8894/,"listed only in the sitemap, not linked from any page (/blog/project/)",(sitemap)
https://pandaexteriors.com/blog/project/panda-ext-8897/,"listed only in the sitemap, not linked from any page (/blog/project/)",(sitemap)
https://pandaexteriors.com/blog/project/panda-ext-8898/,"listed only in the sitemap, not linked from any page (/blog/project/)",(sitemap)
https://pandaexteriors.com/blog/project/panda-ext-8899/,"listed only in the sitemap, not linked from any page (/blog/project/)",(sitemap)
https://pandaexteriors.com/blog/project/panda-ext-8900/,"listed only in the sitemap, not linked from any page (/blog/project/)",(sitemap)
https://pandaexteriors.com/blog/project/panda-ext-8901/,"listed only in the sitemap, not linked from any page (/blog/project/)",(sitemap)
https://pandaexteriors.com/blog/project/panda-ext-8902/,"listed only in the sitemap, not linked from any page (/blog/project/)",(sitemap)
https://pandaexteriors.com/blog/project/panda-ext-8903/,"listed only in the sitemap, not linked from any page (/blog/project/)",(sitemap)
https://pandaexteriors.com/blog/project/panda-ext-8905/,"listed only in the sitemap, not linked from any page (/blog/project/)",(sitemap)
https://pandaexteriors.com/blog/project/panda-ext-8909/,"listed only in the sitemap, not linked from any page (/blog/project/)",(sitemap)
https://pandaexteriors.com/blog/project/panda-ext-8910/,"listed only in the sitemap, not linked from any page (/blog/project/)",(sitemap)
https://pandaexteriors.com/blog/project/panda-ext-8911/,"listed only in the sitemap, not linked from any page (/blog/project/)",(sitemap)
https://pandaexteriors.com/blog/project/panda-ext-8917/,"listed only in the sitemap, not linked from any page (/blog/project/)",(sitemap)
https://pandaexteriors.com/blog/project/panda-ext-8918-2/,"listed only in the sitemap, not linked from any page (/blog/project/)",(sitemap)
https://pandaexteriors.com/blog/project/panda-ext-8918-3/,"listed only in the sitemap, not linked from any page (/blog/project/)",(sitemap)
https://pandaexteriors.com/blog/project/panda-ext-8918-4/,"listed only in the sitemap, not linked from any page (/blog/project/)",(sitemap)
https://pandaexteriors.com/blog/project/panda-ext-8918-5/,"listed only in the sitemap, not linked from any page (/blog/project/)",(sitemap)
https://pandaexteriors.com/blog/project/panda-ext-8918-6/,"listed only in the sitemap, not linked from any page (/blog/project/)",(sitemap)
https://pandaexteriors.com/blog/project/panda-ext-8918-7/,"listed only in the sitemap, not linked from any page (/blog/project/)",(sitemap)
https://pandaexteriors.com/blog/project/panda-ext-8918/,"listed only in the sitemap, not linked from any page (/blog/project/)",(sitemap)
https://pandaexteriors.com/blog/project/panda-ext-8919/,"listed only in the sitemap, not linked from any page (/blog/project/)",(sitemap)
https://pandaexteriors.com/blog/project/panda-ext-8920/,"listed only in the sitemap, not linked from any page (/blog/project/)",(sitemap)
https://pandaexteriors.com/blog/project/panda-ext-8924/,"listed only in the sitemap, not linked from any page (/blog/project/)",(sitemap)
https://pandaexteriors.com/blog/project/panda-ext-8925/,"listed only in the sitemap, not linked from any page (/blog/project/)",(sitemap)
https://pandaexteriors.com/blog/project/panda-ext-8927/,"listed only in the sitemap, not linked from any page (/blog/project/)",(sitemap)
https://pandaexteriors.com/blog/project/panda-ext-8930/,"listed only in the sitemap, not linked from any page (/blog/project/)",(sitemap)
https://pandaexteriors.com/blog/project/panda-ext-8931/,"listed only in the sitemap, not linked from any page (/blog/project/)",(sitemap)
https://pandaexteriors.com/blog/project/panda-ext-8932/,"listed only in the sitemap, not linked from any page (/blog/project/)",(sitemap)
https://pandaexteriors.com/blog/project/panda-ext-8934/,"listed only in the sitemap, not linked from any page (/blog/project/)",(sitemap)
https://pandaexteriors.com/blog/project/panda-ext-8935/,"listed only in the sitemap, not linked from any page (/blog/project/)",(sitemap)
https://pandaexteriors.com/blog/project/panda-ext-8938/,"listed only in the sitemap, not linked from any page (/blog/project/)",(sitemap)
https://pandaexteriors.com/blog/project/panda-ext-8939/,"listed only in the sitemap, not linked from any page (/blog/project/)",(sitemap)
https://pandaexteriors.com/blog/project/panda-ext-8941-2/,"listed only in the sitemap, not linked from any page (/blog/project/)",(sitemap)
https://pandaexteriors.com/blog/project/panda-ext-8941-3/,"listed only in the sitemap, not linked from any page (/blog/project/)",(sitemap)
https://pandaexteriors.com/blog/project/panda-ext-8941-4/,"listed only in the sitemap, not linked from any page (/blog/project/)",(sitemap)
https://pandaexteriors.com/blog/project/panda-ext-8941-5/,"listed only in the sitemap, not linked from any page (/blog/project/)",(sitemap)
https://pandaexteriors.com/blog/project/panda-ext-8941-6/,"listed only in the sitemap, not linked from any page (/blog/project/)",(sitemap)
https://pandaexteriors.com/blog/project/panda-ext-8941-7/,"listed only in the sitemap, not linked from any page (/blog/project/)",(sitemap)
https://pandaexteriors.com/blog/project/panda-ext-8941/,"listed only in the sitemap, not linked from any page (/blog/project/)",(sitemap)
https://pandaexteriors.com/blog/project/panda-ext-8943/,"listed only in the sitemap, not linked from any page (/blog/project/)",(sitemap)
https://pandaexteriors.com/blog/project/panda-ext-8945-2/,"listed only in the sitemap, not linked from any page (/blog/project/)",(sitemap)
https://pandaexteriors.com/blog/project/panda-ext-8945-3/,"listed only in the sitemap, not linked from any page (/blog/project/)",(sitemap)
https://pandaexteriors.com/blog/project/panda-ext-8945-4/,"listed only in the sitemap, not linked from any page (/blog/project/)",(sitemap)
https://pandaexteriors.com/blog/project/panda-ext-8945-5/,"listed only in the sitemap, not linked from any page (/blog/project/)",(sitemap)
https://pandaexteriors.com/blog/project/panda-ext-8945-6/,"listed only in the sitemap, not linked from any page (/blog/project/)",(sitemap)
https://pandaexteriors.com/blog/project/panda-ext-8945-7/,"listed only in the sitemap, not linked from any page (/blog/project/)",(sitemap)
https://pandaexteriors.com/blog/project/panda-ext-8945/,"listed only in the sitemap, not linked from any page (/blog/project/)",(sitemap)
https://pandaexteriors.com/blog/project/panda-ext-8946/,"listed only in the sitemap, not linked from any page (/blog/project/)",(sitemap)
https://pandaexteriors.com/blog/project/panda-ext-8947/,"listed only in the sitemap, not linked from any page (/blog/project/)",(sitemap)
https://pandaexteriors.com/blog/project/panda-ext-8949/,"listed only in the sitemap, not linked from any page (/blog/project/)",(sitemap)
https://pandaexteriors.com/blog/project/panda-ext-8950/,"listed only in the sitemap, not linked from any page (/blog/project/)",(sitemap)
https://pandaexteriors.com/blog/project/panda-ext-8951-2/,"listed only in the sitemap, not linked from any page (/blog/project/)",(sitemap)
https://pandaexteriors.com/blog/project/panda-ext-8951-3/,"listed only in the sitemap, not linked from any page (/blog/project/)",(sitemap)
https://pandaexteriors.com/blog/project/panda-ext-8951-4/,"listed only in the sitemap, not linked from any page (/blog/project/)",(sitemap)
https://pandaexteriors.com/blog/project/panda-ext-8951-5/,"listed only in the sitemap, not linked from any page (/blog/project/)",(sitemap)
https://pandaexteriors.com/blog/project/panda-ext-8951-6/,"listed only in the sitemap, not linked from any page (/blog/project/)",(sitemap)
https://pandaexteriors.com/blog/project/panda-ext-8951-7/,"listed only in the sitemap, not linked from any page (/blog/project/)",(sitemap)
https://pandaexteriors.com/blog/project/panda-ext-8951/,"listed only in the sitemap, not linked from any page (/blog/project/)",(sitemap)
https://pandaexteriors.com/blog/project/panda-ext-8953/,"listed only in the sitemap, not linked from any page (/blog/project/)",(sitemap)
https://pandaexteriors.com/blog/project/panda-ext-8955/,"listed only in the sitemap, not linked from any page (/blog/project/)",(sitemap)
https://pandaexteriors.com/blog/project/panda-ext-8956/,"listed only in the sitemap, not linked from any page (/blog/project/)",(sitemap)
https://pandaexteriors.com/blog/project/panda-ext-8957/,"listed only in the sitemap, not linked from any page (/blog/project/)",(sitemap)
https://pandaexteriors.com/blog/project/panda-ext-8960/,"listed only in the sitemap, not linked from any page (/blog/project/)",(sitemap)
https://pandaexteriors.com/blog/project/panda-ext-8964/,"listed only in the sitemap, not linked from any page (/blog/project/)",(sitemap)
https://pandaexteriors.com/blog/project/panda-ext-8965/,"listed only in the sitemap, not linked from any page (/blog/project/)",(sitemap)
https://pandaexteriors.com/blog/project/panda-ext-8966/,"listed only in the sitemap, not linked from any page (/blog/project/)",(sitemap)
https://pandaexteriors.com/blog/project/panda-ext-8969/,"listed only in the sitemap, not linked from any page (/blog/project/)",(sitemap)
https://pandaexteriors.com/blog/project/panda-ext-8972/,"listed only in the sitemap, not linked from any page (/blog/project/)",(sitemap)
https://pandaexteriors.com/blog/project/panda-ext-8973/,"listed only in the sitemap, not linked from any page (/blog/project/)",(sitemap)
https://pandaexteriors.com/blog/project/panda-ext-8975/,"listed only in the sitemap, not linked from any page (/blog/project/)",(sitemap)
https://pandaexteriors.com/blog/project/panda-ext-8977/,"listed only in the sitemap, not linked from any page (/blog/project/)",(sitemap)
https://pandaexteriors.com/blog/project/panda-ext-8978/,"listed only in the sitemap, not linked from any page (/blog/project/)",(sitemap)
https://pandaexteriors.com/blog/project/panda-ext-8979/,"listed only in the sitemap, not linked from any page (/blog/project/)",(sitemap)
https://pandaexteriors.com/blog/project/panda-ext-8980/,"listed only in the sitemap, not linked from any page (/blog/project/)",(sitemap)
https://pandaexteriors.com/blog/project/panda-ext-8981/,"listed only in the sitemap, not linked from any page (/blog/project/)",(sitemap)
https://pandaexteriors.com/blog/project/panda-ext-8983-2/,"listed only in the sitemap, not linked from any page (/blog/project/)",(sitemap)
https://pandaexteriors.com/blog/project/panda-ext-8983-3/,"listed only in the sitemap, not linked from any page (/blog/project/)",(sitemap)
https://pandaexteriors.com/blog/project/panda-ext-8983-4/,"listed only in the sitemap, not linked from any page (/blog/project/)",(sitemap)
https://pandaexteriors.com/blog/project/panda-ext-8983-5/,"listed only in the sitemap, not linked from any page (/blog/project/)",(sitemap)
https://pandaexteriors.com/blog/project/panda-ext-8983-6/,"listed only in the sitemap, not linked from any page (/blog/project/)",(sitemap)
https://pandaexteriors.com/blog/project/panda-ext-8983-7/,"listed only in the sitemap, not linked from any page (/blog/project/)",(sitemap)
https://pandaexteriors.com/blog/project/panda-ext-8983/,"listed only in the sitemap, not linked from any page (/blog/project/)",(sitemap)
https://pandaexteriors.com/blog/project/panda-ext-8986/,"listed only in the sitemap, not linked from any page (/blog/project/)",(sitemap)
https://pandaexteriors.com/blog/project/panda-ext-8987/,"listed only in the sitemap, not linked from any page (/blog/project/)",(sitemap)
https://pandaexteriors.com/blog/project/panda-ext-8990/,"listed only in the sitemap, not linked from any page (/blog/project/)",(sitemap)
https://pandaexteriors.com/blog/project/panda-ext-8991/,"listed only in the sitemap, not linked from any page (/blog/project/)",(sitemap)
https://pandaexteriors.com/blog/project/panda-ext-8992/,"listed only in the sitemap, not linked from any page (/blog/project/)",(sitemap)
https://pandaexteriors.com/blog/project/panda-ext-8994-2/,"listed only in the sitemap, not linked from any page (/blog/project/)",(sitemap)
https://pandaexteriors.com/blog/project/panda-ext-8994-3/,"listed only in the sitemap, not linked from any page (/blog/project/)",(sitemap)
https://pandaexteriors.com/blog/project/panda-ext-8994-4/,"listed only in the sitemap, not linked from any page (/blog/project/)",(sitemap)
https://pandaexteriors.com/blog/project/panda-ext-8994-5/,"listed only in the sitemap, not linked from any page (/blog/project/)",(sitemap)
https://pandaexteriors.com/blog/project/panda-ext-8994/,"listed only in the sitemap, not linked from any page (/blog/project/)",(sitemap)
https://pandaexteriors.com/blog/project/panda-ext-8995/,"listed only in the sitemap, not linked from any page (/blog/project/)",(sitemap)
https://pandaexteriors.com/blog/project/panda-ext-8996/,"listed only in the sitemap, not linked from any page (/blog/project/)",(sitemap)
https://pandaexteriors.com/blog/project/panda-ext-8997/,"listed only in the sitemap, not linked from any page (/blog/project/)",(sitemap)
https://pandaexteriors.com/blog/project/panda-ext-8999/,"listed only in the sitemap, not linked from any page (/blog/project/)",(sitemap)
https://pandaexteriors.com/blog/project/panda-ext-9001/,"listed only in the sitemap, not linked from any page (/blog/project/)",(sitemap)
https://pandaexteriors.com/blog/project/panda-ext-9004/,"listed only in the sitemap, not linked from any page (/blog/project/)",(sitemap)
https://pandaexteriors.com/blog/project/panda-ext-9006/,"listed only in the sitemap, not linked from any page (/blog/project/)",(sitemap)
https://pandaexteriors.com/blog/project/panda-ext-9008/,"listed only in the sitemap, not linked from any page (/blog/project/)",(sitemap)
https://pandaexteriors.com/blog/project/panda-ext-9009/,"listed only in the sitemap, not linked from any page (/blog/project/)",(sitemap)
https://pandaexteriors.com/blog/project/panda-ext-9010/,"listed only in the sitemap, not linked from any page (/blog/project/)",(sitemap)
https://pandaexteriors.com/blog/project/panda-ext-9011/,"listed only in the sitemap, not linked from any page (/blog/project/)",(sitemap)
https://pandaexteriors.com/blog/project/panda-ext-9012/,"listed only in the sitemap, not linked from any page (/blog/project/)",(sitemap)
https://pandaexteriors.com/blog/project/panda-ext-9013/,"listed only in the sitemap, not linked from any page (/blog/project/)",(sitemap)
https://pandaexteriors.com/blog/project/panda-ext-9014/,"listed only in the sitemap, not linked from any page (/blog/project/)",(sitemap)
https://pandaexteriors.com/blog/project/panda-ext-9015/,"listed only in the sitemap, not linked from any page (/blog/project/)",(sitemap)
https://pandaexteriors.com/blog/project/panda-ext-9016/,"listed only in the sitemap, not linked from any page (/blog/project/)",(sitemap)
https://pandaexteriors.com/blog/project/panda-ext-9018/,"listed only in the sitemap, not linked from any page (/blog/project/)",(sitemap)
https://pandaexteriors.com/blog/project/panda-ext-9019/,"listed only in the sitemap, not linked from any page (/blog/project/)",(sitemap)
https://pandaexteriors.com/blog/project/panda-ext-9022/,"listed only in the sitemap, not linked from any page (/blog/project/)",(sitemap)
https://pandaexteriors.com/blog/project/panda-ext-9023/,"listed only in the sitemap, not linked from any page (/blog/project/)",(sitemap)
https://pandaexteriors.com/blog/project/panda-ext-9027/,"listed only in the sitemap, not linked from any page (/blog/project/)",(sitemap)
https://pandaexteriors.com/blog/project/panda-ext-9028/,"listed only in the sitemap, not linked from any page (/blog/project/)",(sitemap)
https://pandaexteriors.com/blog/project/panda-ext-9029/,"listed only in the sitemap, not linked from any page (/blog/project/)",(sitemap)
https://pandaexteriors.com/blog/project/panda-ext-9030/,"listed only in the sitemap, not linked from any page (/blog/project/)",(sitemap)
https://pandaexteriors.com/blog/project/panda-ext-9031/,"listed only in the sitemap, not linked from any page (/blog/project/)",(sitemap)
https://pandaexteriors.com/blog/project/panda-ext-9032/,"listed only in the sitemap, not linked from any page (/blog/project/)",(sitemap)
https://pandaexteriors.com/blog/project/panda-ext-9033-2/,"listed only in the sitemap, not linked from any page (/blog/project/)",(sitemap)
https://pandaexteriors.com/blog/project/panda-ext-9033-3/,"listed only in the sitemap, not linked from any page (/blog/project/)",(sitemap)
https://pandaexteriors.com/blog/project/panda-ext-9033-7/,"listed only in the sitemap, not linked from any page (/blog/project/)",(sitemap)
https://pandaexteriors.com/blog/project/panda-ext-9033-8/,"listed only in the sitemap, not linked from any page (/blog/project/)",(sitemap)
https://pandaexteriors.com/blog/project/panda-ext-9033/,"listed only in the sitemap, not linked from any page (/blog/project/)",(sitemap)
https://pandaexteriors.com/blog/project/panda-ext-9036/,"listed only in the sitemap, not linked from any page (/blog/project/)",(sitemap)
https://pandaexteriors.com/blog/project/panda-ext-9042/,"listed only in the sitemap, not linked from any page (/blog/project/)",(sitemap)
https://pandaexteriors.com/blog/project/panda-ext-9044/,"listed only in the sitemap, not linked from any page (/blog/project/)",(sitemap)
https://pandaexteriors.com/blog/project/panda-ext-9046/,"listed only in the sitemap, not linked from any page (/blog/project/)",(sitemap)
https://pandaexteriors.com/blog/project/panda-ext-9049/,"listed only in the sitemap, not linked from any page (/blog/project/)",(sitemap)
https://pandaexteriors.com/blog/project/panda-ext-9050/,"listed only in the sitemap, not linked from any page (/blog/project/)",(sitemap)
https://pandaexteriors.com/blog/project/panda-ext-9051/,"listed only in the sitemap, not linked from any page (/blog/project/)",(sitemap)
https://pandaexteriors.com/blog/project/panda-ext-9054/,"listed only in the sitemap, not linked from any page (/blog/project/)",(sitemap)
https://pandaexteriors.com/blog/project/panda-ext-9056/,"listed only in the sitemap, not linked from any page (/blog/project/)",(sitemap)
https://pandaexteriors.com/blog/project/panda-ext-9059/,"listed only in the sitemap, not linked from any page (/blog/project/)",(sitemap)
https://pandaexteriors.com/blog/project/panda-ext-9061-2/,"listed only in the sitemap, not linked from any page (/blog/project/)",(sitemap)
https://pandaexteriors.com/blog/project/panda-ext-9061-3/,"listed only in the sitemap, not linked from any page (/blog/project/)",(sitemap)
https://pandaexteriors.com/blog/project/panda-ext-9061-4/,"listed only in the sitemap, not linked from any page (/blog/project/)",(sitemap)
https://pandaexteriors.com/blog/project/panda-ext-9061-5/,"listed only in the sitemap, not linked from any page (/blog/project/)",(sitemap)
https://pandaexteriors.com/blog/project/panda-ext-9061/,"listed only in the sitemap, not linked from any page (/blog/project/)",(sitemap)
https://pandaexteriors.com/blog/project/panda-ext-9062/,"listed only in the sitemap, not linked from any page (/blog/project/)",(sitemap)
https://pandaexteriors.com/blog/project/panda-ext-9063/,"listed only in the sitemap, not linked from any page (/blog/project/)",(sitemap)
https://pandaexteriors.com/blog/project/panda-ext-9064/,"listed only in the sitemap, not linked from any page (/blog/project/)",(sitemap)
https://pandaexteriors.com/blog/project/panda-ext-9065/,"listed only in the sitemap, not linked from any page (/blog/project/)",(sitemap)
https://pandaexteriors.com/blog/project/panda-ext-9067/,"listed only in the sitemap, not linked from any page (/blog/project/)",(sitemap)
https://pandaexteriors.com/blog/project/panda-ext-9068/,"listed only in the sitemap, not linked from any page (/blog/project/)",(sitemap)
https://pandaexteriors.com/blog/project/panda-ext-9071/,"listed only in the sitemap, not linked from any page (/blog/project/)",(sitemap)
https://pandaexteriors.com/blog/project/panda-ext-9072/,"listed only in the sitemap, not linked from any page (/blog/project/)",(sitemap)
https://pandaexteriors.com/blog/project/panda-ext-9073/,"listed only in the sitemap, not linked from any page (/blog/project/)",(sitemap)
https://pandaexteriors.com/blog/project/panda-ext-9074/,"listed only in the sitemap, not linked from any page (/blog/project/)",(sitemap)
https://pandaexteriors.com/blog/project/panda-ext-9075/,"listed only in the sitemap, not linked from any page (/blog/project/)",(sitemap)
https://pandaexteriors.com/blog/project/panda-ext-9078/,"listed only in the sitemap, not linked from any page (/blog/project/)",(sitemap)
https://pandaexteriors.com/blog/project/panda-ext-9080/,"listed only in the sitemap, not linked from any page (/blog/project/)",(sitemap)
https://pandaexteriors.com/blog/project/panda-ext-9081/,"listed only in the sitemap, not linked from any page (/blog/project/)",(sitemap)
https://pandaexteriors.com/blog/project/panda-ext-9082/,"listed only in the sitemap, not linked from any page (/blog/project/)",(sitemap)
https://pandaexteriors.com/blog/project/panda-ext-9084/,"listed only in the sitemap, not linked from any page (/blog/project/)",(sitemap)
https://pandaexteriors.com/blog/project/panda-ext-9086/,"listed only in the sitemap, not linked from any page (/blog/project/)",(sitemap)
https://pandaexteriors.com/blog/project/panda-ext-9087/,"listed only in the sitemap, not linked from any page (/blog/project/)",(sitemap)
https://pandaexteriors.com/blog/project/panda-ext-9089/,"listed only in the sitemap, not linked from any page (/blog/project/)",(sitemap)
https://pandaexteriors.com/blog/project/panda-ext-9090/,"listed only in the sitemap, not linked from any page (/blog/project/)",(sitemap)
https://pandaexteriors.com/blog/project/panda-ext-9091/,"listed only in the sitemap, not linked from any page (/blog/project/)",(sitemap)
https://pandaexteriors.com/blog/project/panda-ext-9092/,"listed only in the sitemap, not linked from any page (/blog/project/)",(sitemap)
https://pandaexteriors.com/blog/project/panda-ext-9094/,"listed only in the sitemap, not linked from any page (/blog/project/)",(sitemap)
https://pandaexteriors.com/blog/project/panda-ext-9096/,"listed only in the sitemap, not linked from any page (/blog/project/)",(sitemap)
https://pandaexteriors.com/blog/project/panda-ext-9098/,"listed only in the sitemap, not linked from any page (/blog/project/)",(sitemap)
https://pandaexteriors.com/blog/project/panda-ext-9099/,"listed only in the sitemap, not linked from any page (/blog/project/)",(sitemap)
https://pandaexteriors.com/blog/project/panda-ext-9102/,"listed only in the sitemap, not linked from any page (/blog/project/)",(sitemap)
https://pandaexteriors.com/blog/project/panda-ext-9104/,"listed only in the sitemap, not linked from any page (/blog/project/)",(sitemap)
https://pandaexteriors.com/blog/project/panda-ext-9105/,"listed only in the sitemap, not linked from any page (/blog/project/)",(sitemap)
https://pandaexteriors.com/blog/project/panda-ext-9107/,"listed only in the sitemap, not linked from any page (/blog/project/)",(sitemap)
https://pandaexteriors.com/blog/project/panda-ext-9108/,"listed only in the sitemap, not linked from any page (/blog/project/)",(sitemap)
https://pandaexteriors.com/blog/project/panda-ext-9109/,"listed only in the sitemap, not linked from any page (/blog/project/)",(sitemap)
https://pandaexteriors.com/blog/project/panda-ext-9110/,"listed only in the sitemap, not linked from any page (/blog/project/)",(sitemap)
https://pandaexteriors.com/blog/project/panda-ext-9112/,"listed only in the sitemap, not linked from any page (/blog/project/)",(sitemap)
https://pandaexteriors.com/blog/project/panda-ext-9114/,"listed only in the sitemap, not linked from any page (/blog/project/)",(sitemap)
https://pandaexteriors.com/blog/project/panda-ext-9115/,"listed only in the sitemap, not linked from any page (/blog/project/)",(sitemap)
https://pandaexteriors.com/blog/project/panda-ext-9116/,"listed only in the sitemap, not linked from any page (/blog/project/)",(sitemap)
https://pandaexteriors.com/blog/project/panda-ext-9118/,"listed only in the sitemap, not linked from any page (/blog/project/)",(sitemap)
https://pandaexteriors.com/blog/project/panda-ext-9119/,"listed only in the sitemap, not linked from any page (/blog/project/)",(sitemap)
https://pandaexteriors.com/blog/project/panda-ext-9121/,"listed only in the sitemap, not linked from any page (/blog/project/)",(sitemap)
https://pandaexteriors.com/blog/project/panda-ext-9122/,"listed only in the sitemap, not linked from any page (/blog/project/)",(sitemap)
https://pandaexteriors.com/blog/project/panda-ext-9124/,"listed only in the sitemap, not linked from any page (/blog/project/)",(sitemap)
https://pandaexteriors.com/blog/project/panda-ext-9125/,"listed only in the sitemap, not linked from any page (/blog/project/)",(sitemap)
https://pandaexteriors.com/blog/project/panda-ext-9126-2/,"listed only in the sitemap, not linked from any page (/blog/project/)",(sitemap)
https://pandaexteriors.com/blog/project/panda-ext-9126-3/,"listed only in the sitemap, not linked from any page (/blog/project/)",(sitemap)
https://pandaexteriors.com/blog/project/panda-ext-9126-4/,"listed only in the sitemap, not linked from any page (/blog/project/)",(sitemap)
https://pandaexteriors.com/blog/project/panda-ext-9126-5/,"listed only in the sitemap, not linked from any page (/blog/project/)",(sitemap)
https://pandaexteriors.com/blog/project/panda-ext-9126/,"listed only in the sitemap, not linked from any page (/blog/project/)",(sitemap)
https://pandaexteriors.com/blog/project/panda-ext-9127/,"listed only in the sitemap, not linked from any page (/blog/project/)",(sitemap)
https://pandaexteriors.com/blog/project/panda-ext-9130/,"listed only in the sitemap, not linked from any page (/blog/project/)",(sitemap)
https://pandaexteriors.com/blog/project/panda-ext-9131/,"listed only in the sitemap, not linked from any page (/blog/project/)",(sitemap)
https://pandaexteriors.com/blog/project/panda-ext-9138/,"listed only in the sitemap, not linked from any page (/blog/project/)",(sitemap)
https://pandaexteriors.com/blog/project/panda-ext-9139/,"listed only in the sitemap, not linked from any page (/blog/project/)",(sitemap)
https://pandaexteriors.com/blog/project/panda-ext-9141/,"listed only in the sitemap, not linked from any page (/blog/project/)",(sitemap)
https://pandaexteriors.com/blog/project/panda-ext-9146/,"listed only in the sitemap, not linked from any page (/blog/project/)",(sitemap)
https://pandaexteriors.com/blog/project/panda-ext-9148/,"listed only in the sitemap, not linked from any page (/blog/project/)",(sitemap)
https://pandaexteriors.com/blog/project/panda-ext-9150/,"listed only in the sitemap, not linked from any page (/blog/project/)",(sitemap)
https://pandaexteriors.com/blog/project/panda-ext-9151/,"listed only in the sitemap, not linked from any page (/blog/project/)",(sitemap)
https://pandaexteriors.com/blog/project/panda-ext-9153/,"listed only in the sitemap, not linked from any page (/blog/project/)",(sitemap)
https://pandaexteriors.com/blog/project/panda-ext-9154/,"listed only in the sitemap, not linked from any page (/blog/project/)",(sitemap)
https://pandaexteriors.com/blog/project/panda-ext-9155/,"listed only in the sitemap, not linked from any page (/blog/project/)",(sitemap)
https://pandaexteriors.com/blog/project/panda-ext-9160/,"listed only in the sitemap, not linked from any page (/blog/project/)",(sitemap)
https://pandaexteriors.com/blog/project/panda-ext-9163/,"listed only in the sitemap, not linked from any page (/blog/project/)",(sitemap)
https://pandaexteriors.com/blog/project/panda-ext-9165/,"listed only in the sitemap, not linked from any page (/blog/project/)",(sitemap)
https://pandaexteriors.com/blog/project/panda-ext-9166/,"listed only in the sitemap, not linked from any page (/blog/project/)",(sitemap)
https://pandaexteriors.com/blog/project/panda-ext-9168/,"listed only in the sitemap, not linked from any page (/blog/project/)",(sitemap)
https://pandaexteriors.com/blog/project/panda-ext-9170/,"listed only in the sitemap, not linked from any page (/blog/project/)",(sitemap)
https://pandaexteriors.com/blog/project/panda-ext-9171/,"listed only in the sitemap, not linked from any page (/blog/project/)",(sitemap)
https://pandaexteriors.com/blog/project/panda-ext-9172/,"listed only in the sitemap, not linked from any page (/blog/project/)",(sitemap)
https://pandaexteriors.com/blog/project/panda-ext-9173/,"listed only in the sitemap, not linked from any page (/blog/project/)",(sitemap)
https://pandaexteriors.com/blog/project/panda-ext-9174-2/,"listed only in the sitemap, not linked from any page (/blog/project/)",(sitemap)
https://pandaexteriors.com/blog/project/panda-ext-9174-3/,"listed only in the sitemap, not linked from any page (/blog/project/)",(sitemap)
https://pandaexteriors.com/blog/project/panda-ext-9174-4/,"listed only in the sitemap, not linked from any page (/blog/project/)",(sitemap)
https://pandaexteriors.com/blog/project/panda-ext-9174-5/,"listed only in the sitemap, not linked from any page (/blog/project/)",(sitemap)
https://pandaexteriors.com/blog/project/panda-ext-9174-6/,"listed only in the sitemap, not linked from any page (/blog/project/)",(sitemap)
https://pandaexteriors.com/blog/project/panda-ext-9174-7/,"listed only in the sitemap, not linked from any page (/blog/project/)",(sitemap)
https://pandaexteriors.com/blog/project/panda-ext-9174/,"listed only in the sitemap, not linked from any page (/blog/project/)",(sitemap)
https://pandaexteriors.com/blog/project/panda-ext-9176/,"listed only in the sitemap, not linked from any page (/blog/project/)",(sitemap)
https://pandaexteriors.com/blog/project/panda-ext-9178/,"listed only in the sitemap, not linked from any page (/blog/project/)",(sitemap)
https://pandaexteriors.com/blog/project/panda-ext-9180/,"listed only in the sitemap, not linked from any page (/blog/project/)",(sitemap)
https://pandaexteriors.com/blog/project/panda-ext-9181/,"listed only in the sitemap, not linked from any page (/blog/project/)",(sitemap)
https://pandaexteriors.com/blog/project/panda-ext-9182-2/,"listed only in the sitemap, not linked from any page (/blog/project/)",(sitemap)
https://pandaexteriors.com/blog/project/panda-ext-9182-3/,"listed only in the sitemap, not linked from any page (/blog/project/)",(sitemap)
https://pandaexteriors.com/blog/project/panda-ext-9182-4/,"listed only in the sitemap, not linked from any page (/blog/project/)",(sitemap)
https://pandaexteriors.com/blog/project/panda-ext-9182-5/,"listed only in the sitemap, not linked from any page (/blog/project/)",(sitemap)
https://pandaexteriors.com/blog/project/panda-ext-9182-6/,"listed only in the sitemap, not linked from any page (/blog/project/)",(sitemap)
https://pandaexteriors.com/blog/project/panda-ext-9182-7/,"listed only in the sitemap, not linked from any page (/blog/project/)",(sitemap)
https://pandaexteriors.com/blog/project/panda-ext-9182-8/,"listed only in the sitemap, not linked from any page (/blog/project/)",(sitemap)
https://pandaexteriors.com/blog/project/panda-ext-9182/,"listed only in the sitemap, not linked from any page (/blog/project/)",(sitemap)
https://pandaexteriors.com/blog/project/panda-ext-9184/,"listed only in the sitemap, not linked from any page (/blog/project/)",(sitemap)
https://pandaexteriors.com/blog/project/panda-ext-9185/,"listed only in the sitemap, not linked from any page (/blog/project/)",(sitemap)
https://pandaexteriors.com/blog/project/panda-ext-9186/,"listed only in the sitemap, not linked from any page (/blog/project/)",(sitemap)
https://pandaexteriors.com/blog/project/panda-ext-9187/,"listed only in the sitemap, not linked from any page (/blog/project/)",(sitemap)
https://pandaexteriors.com/blog/project/panda-ext-9188/,"listed only in the sitemap, not linked from any page (/blog/project/)",(sitemap)
https://pandaexteriors.com/blog/project/panda-ext-9191/,"listed only in the sitemap, not linked from any page (/blog/project/)",(sitemap)
https://pandaexteriors.com/blog/project/panda-ext-9194/,"listed only in the sitemap, not linked from any page (/blog/project/)",(sitemap)
https://pandaexteriors.com/blog/project/panda-ext-9200/,"listed only in the sitemap, not linked from any page (/blog/project/)",(sitemap)
https://pandaexteriors.com/blog/project/panda-ext-9201-2/,"listed only in the sitemap, not linked from any page (/blog/project/)",(sitemap)
https://pandaexteriors.com/blog/project/panda-ext-9201-3/,"listed only in the sitemap, not linked from any page (/blog/project/)",(sitemap)
https://pandaexteriors.com/blog/project/panda-ext-9201-4/,"listed only in the sitemap, not linked from any page (/blog/project/)",(sitemap)
https://pandaexteriors.com/blog/project/panda-ext-9201-5/,"listed only in the sitemap, not linked from any page (/blog/project/)",(sitemap)
https://pandaexteriors.com/blog/project/panda-ext-9201-6/,"listed only in the sitemap, not linked from any page (/blog/project/)",(sitemap)
https://pandaexteriors.com/blog/project/panda-ext-9201-7/,"listed only in the sitemap, not linked from any page (/blog/project/)",(sitemap)
https://pandaexteriors.com/blog/project/panda-ext-9201/,"listed only in the sitemap, not linked from any page (/blog/project/)",(sitemap)
https://pandaexteriors.com/blog/project/panda-ext-9203/,"listed only in the sitemap, not linked from any page (/blog/project/)",(sitemap)
https://pandaexteriors.com/blog/project/panda-ext-9204/,"listed only in the sitemap, not linked from any page (/blog/project/)",(sitemap)
https://pandaexteriors.com/blog/project/panda-ext-9207/,"listed only in the sitemap, not linked from any page (/blog/project/)",(sitemap)
https://pandaexteriors.com/blog/project/panda-ext-9209/,"listed only in the sitemap, not linked from any page (/blog/project/)",(sitemap)
https://pandaexteriors.com/blog/project/panda-ext-9210/,"listed only in the sitemap, not linked from any page (/blog/project/)",(sitemap)
https://pandaexteriors.com/blog/project/panda-ext-9214-2/,"listed only in the sitemap, not linked from any page (/blog/project/)",(sitemap)
https://pandaexteriors.com/blog/project/panda-ext-9214-3/,"listed only in the sitemap, not linked from any page (/blog/project/)",(sitemap)
https://pandaexteriors.com/blog/project/panda-ext-9214-4/,"listed only in the sitemap, not linked from any page (/blog/project/)",(sitemap)
https://pandaexteriors.com/blog/project/panda-ext-9214-5/,"listed only in the sitemap, not linked from any page (/blog/project/)",(sitemap)
https://pandaexteriors.com/blog/project/panda-ext-9214-6/,"listed only in the sitemap, not linked from any page (/blog/project/)",(sitemap)
https://pandaexteriors.com/blog/project/panda-ext-9214-7/,"listed only in the sitemap, not linked from any page (/blog/project/)",(sitemap)
https://pandaexteriors.com/blog/project/panda-ext-9214-8/,"listed only in the sitemap, not linked from any page (/blog/project/)",(sitemap)
https://pandaexteriors.com/blog/project/panda-ext-9214/,"listed only in the sitemap, not linked from any page (/blog/project/)",(sitemap)
https://pandaexteriors.com/blog/project/panda-ext-9215/,"listed only in the sitemap, not linked from any page (/blog/project/)",(sitemap)
https://pandaexteriors.com/blog/project/panda-ext-9218/,"listed only in the sitemap, not linked from any page (/blog/project/)",(sitemap)
https://pandaexteriors.com/blog/project/panda-ext-9219-2/,"listed only in the sitemap, not linked from any page (/blog/project/)",(sitemap)
https://pandaexteriors.com/blog/project/panda-ext-9219-3/,"listed only in the sitemap, not linked from any page (/blog/project/)",(sitemap)
https://pandaexteriors.com/blog/project/panda-ext-9219-4/,"listed only in the sitemap, not linked from any page (/blog/project/)",(sitemap)
https://pandaexteriors.com/blog/project/panda-ext-9219-5/,"listed only in the sitemap, not linked from any page (/blog/project/)",(sitemap)
https://pandaexteriors.com/blog/project/panda-ext-9219-6/,"listed only in the sitemap, not linked from any page (/blog/project/)",(sitemap)
https://pandaexteriors.com/blog/project/panda-ext-9219-7/,"listed only in the sitemap, not linked from any page (/blog/project/)",(sitemap)
https://pandaexteriors.com/blog/project/panda-ext-9219/,"listed only in the sitemap, not linked from any page (/blog/project/)",(sitemap)
https://pandaexteriors.com/blog/project/panda-ext-9224-2/,"listed only in the sitemap, not linked from any page (/blog/project/)",(sitemap)
https://pandaexteriors.com/blog/project/panda-ext-9224-3/,"listed only in the sitemap, not linked from any page (/blog/project/)",(sitemap)
https://pandaexteriors.com/blog/project/panda-ext-9224-4/,"listed only in the sitemap, not linked from any page (/blog/project/)",(sitemap)
https://pandaexteriors.com/blog/project/panda-ext-9224-5/,"listed only in the sitemap, not linked from any page (/blog/project/)",(sitemap)
https://pandaexteriors.com/blog/project/panda-ext-9224-6/,"listed only in the sitemap, not linked from any page (/blog/project/)",(sitemap)
https://pandaexteriors.com/blog/project/panda-ext-9224-7/,"listed only in the sitemap, not linked from any page (/blog/project/)",(sitemap)
https://pandaexteriors.com/blog/project/panda-ext-9224/,"listed only in the sitemap, not linked from any page (/blog/project/)",(sitemap)
https://pandaexteriors.com/blog/project/panda-ext-9225/,"listed only in the sitemap, not linked from any page (/blog/project/)",(sitemap)
https://pandaexteriors.com/blog/project/panda-ext-9227/,"listed only in the sitemap, not linked from any page (/blog/project/)",(sitemap)
https://pandaexteriors.com/blog/project/panda-ext-9228/,"listed only in the sitemap, not linked from any page (/blog/project/)",(sitemap)
https://pandaexteriors.com/blog/project/panda-ext-9229-2/,"listed only in the sitemap, not linked from any page (/blog/project/)",(sitemap)
https://pandaexteriors.com/blog/project/panda-ext-9229-3/,"listed only in the sitemap, not linked from any page (/blog/project/)",(sitemap)
https://pandaexteriors.com/blog/project/panda-ext-9229-4/,"listed only in the sitemap, not linked from any page (/blog/project/)",(sitemap)
https://pandaexteriors.com/blog/project/panda-ext-9229-5/,"listed only in the sitemap, not linked from any page (/blog/project/)",(sitemap)
https://pandaexteriors.com/blog/project/panda-ext-9229-6/,"listed only in the sitemap, not linked from any page (/blog/project/)",(sitemap)
https://pandaexteriors.com/blog/project/panda-ext-9229-7/,"listed only in the sitemap, not linked from any page (/blog/project/)",(sitemap)
https://pandaexteriors.com/blog/project/panda-ext-9229/,"listed only in the sitemap, not linked from any page (/blog/project/)",(sitemap)
https://pandaexteriors.com/blog/project/panda-ext-9230/,"listed only in the sitemap, not linked from any page (/blog/project/)",(sitemap)
https://pandaexteriors.com/blog/project/panda-ext-9231/,"listed only in the sitemap, not linked from any page (/blog/project/)",(sitemap)
https://pandaexteriors.com/blog/project/panda-ext-9233/,"listed only in the sitemap, not linked from any page (/blog/project/)",(sitemap)
https://pandaexteriors.com/blog/project/panda-ext-9234/,"listed only in the sitemap, not linked from any page (/blog/project/)",(sitemap)
https://pandaexteriors.com/blog/project/panda-ext-9236-2/,"listed only in the sitemap, not linked from any page (/blog/project/)",(sitemap)
https://pandaexteriors.com/blog/project/panda-ext-9236-3/,"listed only in the sitemap, not linked from any page (/blog/project/)",(sitemap)
https://pandaexteriors.com/blog/project/panda-ext-9236-4/,"listed only in the sitemap, not linked from any page (/blog/project/)",(sitemap)
https://pandaexteriors.com/blog/project/panda-ext-9236-5/,"listed only in the sitemap, not linked from any page (/blog/project/)",(sitemap)
https://pandaexteriors.com/blog/project/panda-ext-9236-6/,"listed only in the sitemap, not linked from any page (/blog/project/)",(sitemap)
https://pandaexteriors.com/blog/project/panda-ext-9236-7/,"listed only in the sitemap, not linked from any page (/blog/project/)",(sitemap)
https://pandaexteriors.com/blog/project/panda-ext-9236/,"listed only in the sitemap, not linked from any page (/blog/project/)",(sitemap)
https://pandaexteriors.com/blog/project/panda-ext-9237/,"listed only in the sitemap, not linked from any page (/blog/project/)",(sitemap)
https://pandaexteriors.com/blog/project/panda-ext-9238-2/,"listed only in the sitemap, not linked from any page (/blog/project/)",(sitemap)
https://pandaexteriors.com/blog/project/panda-ext-9238-3/,"listed only in the sitemap, not linked from any page (/blog/project/)",(sitemap)
https://pandaexteriors.com/blog/project/panda-ext-9238-4/,"listed only in the sitemap, not linked from any page (/blog/project/)",(sitemap)
https://pandaexteriors.com/blog/project/panda-ext-9238-5/,"listed only in the sitemap, not linked from any page (/blog/project/)",(sitemap)
https://pandaexteriors.com/blog/project/panda-ext-9238-6/,"listed only in the sitemap, not linked from any page (/blog/project/)",(sitemap)
https://pandaexteriors.com/blog/project/panda-ext-9238-7/,"listed only in the sitemap, not linked from any page (/blog/project/)",(sitemap)
https://pandaexteriors.com/blog/project/panda-ext-9238-8/,"listed only in the sitemap, not linked from any page (/blog/project/)",(sitemap)
https://pandaexteriors.com/blog/project/panda-ext-9238/,"listed only in the sitemap, not linked from any page (/blog/project/)",(sitemap)
https://pandaexteriors.com/blog/project/panda-ext-9240/,"listed only in the sitemap, not linked from any page (/blog/project/)",(sitemap)
https://pandaexteriors.com/blog/project/panda-ext-9243/,"listed only in the sitemap, not linked from any page (/blog/project/)",(sitemap)
https://pandaexteriors.com/blog/project/panda-ext-9244/,"listed only in the sitemap, not linked from any page (/blog/project/)",(sitemap)
https://pandaexteriors.com/blog/project/panda-ext-9246/,"listed only in the sitemap, not linked from any page (/blog/project/)",(sitemap)
https://pandaexteriors.com/blog/project/panda-ext-9248/,"listed only in the sitemap, not linked from any page (/blog/project/)",(sitemap)
https://pandaexteriors.com/blog/project/panda-ext-9249-2/,"listed only in the sitemap, not linked from any page (/blog/project/)",(sitemap)
https://pandaexteriors.com/blog/project/panda-ext-9249-3/,"listed only in the sitemap, not linked from any page (/blog/project/)",(sitemap)
https://pandaexteriors.com/blog/project/panda-ext-9249-4/,"listed only in the sitemap, not linked from any page (/blog/project/)",(sitemap)
https://pandaexteriors.com/blog/project/panda-ext-9249-5/,"listed only in the sitemap, not linked from any page (/blog/project/)",(sitemap)
https://pandaexteriors.com/blog/project/panda-ext-9249-6/,"listed only in the sitemap, not linked from any page (/blog/project/)",(sitemap)
https://pandaexteriors.com/blog/project/panda-ext-9249-7/,"listed only in the sitemap, not linked from any page (/blog/project/)",(sitemap)
https://pandaexteriors.com/blog/project/panda-ext-9249/,"listed only in the sitemap, not linked from any page (/blog/project/)",(sitemap)
https://pandaexteriors.com/blog/project/panda-ext-9250/,"listed only in the sitemap, not linked from any page (/blog/project/)",(sitemap)
https://pandaexteriors.com/blog/project/panda-ext-9253/,"listed only in the sitemap, not linked from any page (/blog/project/)",(sitemap)
https://pandaexteriors.com/blog/project/panda-ext-9254/,"listed only in the sitemap, not linked from any page (/blog/project/)",(sitemap)
https://pandaexteriors.com/blog/project/panda-ext-9255/,"listed only in the sitemap, not linked from any page (/blog/project/)",(sitemap)
https://pandaexteriors.com/blog/project/panda-ext-9256/,"listed only in the sitemap, not linked from any page (/blog/project/)",(sitemap)
https://pandaexteriors.com/blog/project/panda-ext-9257-2/,"listed only in the sitemap, not linked from any page (/blog/project/)",(sitemap)
https://pandaexteriors.com/blog/project/panda-ext-9257-3/,"listed only in the sitemap, not linked from any page (/blog/project/)",(sitemap)
https://pandaexteriors.com/blog/project/panda-ext-9257-4/,"listed only in the sitemap, not linked from any page (/blog/project/)",(sitemap)
https://pandaexteriors.com/blog/project/panda-ext-9257-5/,"listed only in the sitemap, not linked from any page (/blog/project/)",(sitemap)
https://pandaexteriors.com/blog/project/panda-ext-9257/,"listed only in the sitemap, not linked from any page (/blog/project/)",(sitemap)
https://pandaexteriors.com/blog/project/panda-ext-9258/,"listed only in the sitemap, not linked from any page (/blog/project/)",(sitemap)
https://pandaexteriors.com/blog/project/panda-ext-9265/,"listed only in the sitemap, not linked from any page (/blog/project/)",(sitemap)
https://pandaexteriors.com/blog/project/panda-ext-9268/,"listed only in the sitemap, not linked from any page (/blog/project/)",(sitemap)
https://pandaexteriors.com/blog/project/panda-ext-9269/,"listed only in the sitemap, not linked from any page (/blog/project/)",(sitemap)
https://pandaexteriors.com/blog/project/panda-ext-9271/,"listed only in the sitemap, not linked from any page (/blog/project/)",(sitemap)
https://pandaexteriors.com/blog/project/panda-ext-9272/,"listed only in the sitemap, not linked from any page (/blog/project/)",(sitemap)
https://pandaexteriors.com/blog/project/panda-ext-9273/,"listed only in the sitemap, not linked from any page (/blog/project/)",(sitemap)
https://pandaexteriors.com/blog/project/panda-ext-9275/,"listed only in the sitemap, not linked from any page (/blog/project/)",(sitemap)
https://pandaexteriors.com/blog/project/panda-ext-9278/,"listed only in the sitemap, not linked from any page (/blog/project/)",(sitemap)
https://pandaexteriors.com/blog/project/panda-ext-9279/,"listed only in the sitemap, not linked from any page (/blog/project/)",(sitemap)
https://pandaexteriors.com/blog/project/panda-ext-9281/,"listed only in the sitemap, not linked from any page (/blog/project/)",(sitemap)
https://pandaexteriors.com/blog/project/panda-ext-9283/,"listed only in the sitemap, not linked from any page (/blog/project/)",(sitemap)
https://pandaexteriors.com/blog/project/panda-ext-9287-2/,"listed only in the sitemap, not linked from any page (/blog/project/)",(sitemap)
https://pandaexteriors.com/blog/project/panda-ext-9287-3/,"listed only in the sitemap, not linked from any page (/blog/project/)",(sitemap)
https://pandaexteriors.com/blog/project/panda-ext-9287-4/,"listed only in the sitemap, not linked from any page (/blog/project/)",(sitemap)
https://pandaexteriors.com/blog/project/panda-ext-9287-5/,"listed only in the sitemap, not linked from any page (/blog/project/)",(sitemap)
https://pandaexteriors.com/blog/project/panda-ext-9287/,"listed only in the sitemap, not linked from any page (/blog/project/)",(sitemap)
https://pandaexteriors.com/blog/project/panda-ext-9290/,"listed only in the sitemap, not linked from any page (/blog/project/)",(sitemap)
https://pandaexteriors.com/blog/project/panda-ext-9292/,"listed only in the sitemap, not linked from any page (/blog/project/)",(sitemap)
https://pandaexteriors.com/blog/project/panda-ext-9295/,"listed only in the sitemap, not linked from any page (/blog/project/)",(sitemap)
https://pandaexteriors.com/blog/project/panda-ext-9296/,"listed only in the sitemap, not linked from any page (/blog/project/)",(sitemap)
https://pandaexteriors.com/blog/project/panda-ext-9297/,"listed only in the sitemap, not linked from any page (/blog/project/)",(sitemap)
https://pandaexteriors.com/blog/project/panda-ext-9298/,"listed only in the sitemap, not linked from any page (/blog/project/)",(sitemap)
https://pandaexteriors.com/blog/project/panda-ext-9299/,"listed only in the sitemap, not linked from any page (/blog/project/)",(sitemap)
https://pandaexteriors.com/blog/project/panda-ext-9302/,"listed only in the sitemap, not linked from any page (/blog/project/)",(sitemap)
https://pandaexteriors.com/blog/project/panda-ext-9303/,"listed only in the sitemap, not linked from any page (/blog/project/)",(sitemap)
https://pandaexteriors.com/blog/project/panda-ext-9304/,"listed only in the sitemap, not linked from any page (/blog/project/)",(sitemap)
https://pandaexteriors.com/blog/project/panda-ext-9307/,"listed only in the sitemap, not linked from any page (/blog/project/)",(sitemap)
https://pandaexteriors.com/blog/project/panda-ext-9308/,"listed only in the sitemap, not linked from any page (/blog/project/)",(sitemap)
https://pandaexteriors.com/blog/project/panda-ext-9311-2/,"listed only in the sitemap, not linked from any page (/blog/project/)",(sitemap)
https://pandaexteriors.com/blog/project/panda-ext-9311-3/,"listed only in the sitemap, not linked from any page (/blog/project/)",(sitemap)
https://pandaexteriors.com/blog/project/panda-ext-9311-4/,"listed only in the sitemap, not linked from any page (/blog/project/)",(sitemap)
https://pandaexteriors.com/blog/project/panda-ext-9311-5/,"listed only in the sitemap, not linked from any page (/blog/project/)",(sitemap)
https://pandaexteriors.com/blog/project/panda-ext-9311-6/,"listed only in the sitemap, not linked from any page (/blog/project/)",(sitemap)
https://pandaexteriors.com/blog/project/panda-ext-9311-7/,"listed only in the sitemap, not linked from any page (/blog/project/)",(sitemap)
https://pandaexteriors.com/blog/project/panda-ext-9311/,"listed only in the sitemap, not linked from any page (/blog/project/)",(sitemap)
https://pandaexteriors.com/blog/project/panda-ext-9312/,"listed only in the sitemap, not linked from any page (/blog/project/)",(sitemap)
https://pandaexteriors.com/blog/project/panda-ext-9313-3/,"listed only in the sitemap, not linked from any page (/blog/project/)",(sitemap)
https://pandaexteriors.com/blog/project/panda-ext-9313-4/,"listed only in the sitemap, not linked from any page (/blog/project/)",(sitemap)
https://pandaexteriors.com/blog/project/panda-ext-9313-5/,"listed only in the sitemap, not linked from any page (/blog/project/)",(sitemap)
https://pandaexteriors.com/blog/project/panda-ext-9318/,"listed only in the sitemap, not linked from any page (/blog/project/)",(sitemap)
https://pandaexteriors.com/blog/project/panda-ext-9319/,"listed only in the sitemap, not linked from any page (/blog/project/)",(sitemap)
https://pandaexteriors.com/blog/project/panda-ext-9320/,"listed only in the sitemap, not linked from any page (/blog/project/)",(sitemap)
https://pandaexteriors.com/blog/project/panda-ext-9321/,"listed only in the sitemap, not linked from any page (/blog/project/)",(sitemap)
https://pandaexteriors.com/blog/project/panda-ext-9322/,"listed only in the sitemap, not linked from any page (/blog/project/)",(sitemap)
https://pandaexteriors.com/blog/project/panda-ext-9323/,"listed only in the sitemap, not linked from any page (/blog/project/)",(sitemap)
https://pandaexteriors.com/blog/project/panda-ext-9325/,"listed only in the sitemap, not linked from any page (/blog/project/)",(sitemap)
https://pandaexteriors.com/blog/project/panda-ext-9326/,"listed only in the sitemap, not linked from any page (/blog/project/)",(sitemap)
https://pandaexteriors.com/blog/project/panda-ext-9327/,"listed only in the sitemap, not linked from any page (/blog/project/)",(sitemap)
https://pandaexteriors.com/blog/project/panda-ext-9328-2/,"listed only in the sitemap, not linked from any page (/blog/project/)",(sitemap)
https://pandaexteriors.com/blog/project/panda-ext-9328-3/,"listed only in the sitemap, not linked from any page (/blog/project/)",(sitemap)
https://pandaexteriors.com/blog/project/panda-ext-9328-4/,"listed only in the sitemap, not linked from any page (/blog/project/)",(sitemap)
https://pandaexteriors.com/blog/project/panda-ext-9328-5/,"listed only in the sitemap, not linked from any page (/blog/project/)",(sitemap)
https://pandaexteriors.com/blog/project/panda-ext-9328/,"listed only in the sitemap, not linked from any page (/blog/project/)",(sitemap)
https://pandaexteriors.com/blog/project/panda-ext-9334/,"listed only in the sitemap, not linked from any page (/blog/project/)",(sitemap)
https://pandaexteriors.com/blog/project/panda-ext-9336/,"listed only in the sitemap, not linked from any page (/blog/project/)",(sitemap)
https://pandaexteriors.com/blog/project/panda-ext-9337/,"listed only in the sitemap, not linked from any page (/blog/project/)",(sitemap)
https://pandaexteriors.com/blog/project/panda-ext-9342/,"listed only in the sitemap, not linked from any page (/blog/project/)",(sitemap)
https://pandaexteriors.com/blog/project/panda-ext-9346-2/,"listed only in the sitemap, not linked from any page (/blog/project/)",(sitemap)
https://pandaexteriors.com/blog/project/panda-ext-9346-3/,"listed only in the sitemap, not linked from any page (/blog/project/)",(sitemap)
https://pandaexteriors.com/blog/project/panda-ext-9346-4/,"listed only in the sitemap, not linked from any page (/blog/project/)",(sitemap)
https://pandaexteriors.com/blog/project/panda-ext-9346-5/,"listed only in the sitemap, not linked from any page (/blog/project/)",(sitemap)
https://pandaexteriors.com/blog/project/panda-ext-9346-6/,"listed only in the sitemap, not linked from any page (/blog/project/)",(sitemap)
https://pandaexteriors.com/blog/project/panda-ext-9346-7/,"listed only in the sitemap, not linked from any page (/blog/project/)",(sitemap)
https://pandaexteriors.com/blog/project/panda-ext-9346/,"listed only in the sitemap, not linked from any page (/blog/project/)",(sitemap)
https://pandaexteriors.com/blog/project/panda-ext-9347/,"listed only in the sitemap, not linked from any page (/blog/project/)",(sitemap)
https://pandaexteriors.com/blog/project/panda-ext-9348/,"listed only in the sitemap, not linked from any page (/blog/project/)",(sitemap)
https://pandaexteriors.com/blog/project/panda-ext-9349/,"listed only in the sitemap, not linked from any page (/blog/project/)",(sitemap)
https://pandaexteriors.com/blog/project/panda-ext-9350/,"listed only in the sitemap, not linked from any page (/blog/project/)",(sitemap)
https://pandaexteriors.com/blog/project/panda-ext-9351/,"listed only in the sitemap, not linked from any page (/blog/project/)",(sitemap)
https://pandaexteriors.com/blog/project/panda-ext-9352/,"listed only in the sitemap, not linked from any page (/blog/project/)",(sitemap)
https://pandaexteriors.com/blog/project/panda-ext-9353/,"listed only in the sitemap, not linked from any page (/blog/project/)",(sitemap)
https://pandaexteriors.com/blog/project/panda-ext-9354/,"listed only in the sitemap, not linked from any page (/blog/project/)",(sitemap)
https://pandaexteriors.com/blog/project/panda-ext-9358/,"listed only in the sitemap, not linked from any page (/blog/project/)",(sitemap)
https://pandaexteriors.com/blog/project/panda-ext-9359/,"listed only in the sitemap, not linked from any page (/blog/project/)",(sitemap)
https://pandaexteriors.com/blog/project/panda-ext-9362/,"listed only in the sitemap, not linked from any page (/blog/project/)",(sitemap)
https://pandaexteriors.com/blog/project/panda-ext-9364/,"listed only in the sitemap, not linked from any page (/blog/project/)",(sitemap)
https://pandaexteriors.com/blog/project/panda-ext-9365/,"listed only in the sitemap, not linked from any page (/blog/project/)",(sitemap)
https://pandaexteriors.com/blog/project/panda-ext-9366/,"listed only in the sitemap, not linked from any page (/blog/project/)",(sitemap)
https://pandaexteriors.com/blog/project/panda-ext-9367/,"listed only in the sitemap, not linked from any page (/blog/project/)",(sitemap)
https://pandaexteriors.com/blog/project/panda-ext-9369/,"listed only in the sitemap, not linked from any page (/blog/project/)",(sitemap)
https://pandaexteriors.com/blog/project/panda-ext-9370/,"listed only in the sitemap, not linked from any page (/blog/project/)",(sitemap)
https://pandaexteriors.com/blog/project/panda-ext-9372/,"listed only in the sitemap, not linked from any page (/blog/project/)",(sitemap)
https://pandaexteriors.com/blog/project/panda-ext-9374/,"listed only in the sitemap, not linked from any page (/blog/project/)",(sitemap)
https://pandaexteriors.com/blog/project/panda-ext-9375/,"listed only in the sitemap, not linked from any page (/blog/project/)",(sitemap)
https://pandaexteriors.com/blog/project/panda-ext-9377/,"listed only in the sitemap, not linked from any page (/blog/project/)",(sitemap)
https://pandaexteriors.com/blog/project/panda-ext-9379/,"listed only in the sitemap, not linked from any page (/blog/project/)",(sitemap)
https://pandaexteriors.com/blog/project/panda-ext-9382/,"listed only in the sitemap, not linked from any page (/blog/project/)",(sitemap)
https://pandaexteriors.com/blog/project/panda-ext-9385/,"listed only in the sitemap, not linked from any page (/blog/project/)",(sitemap)
https://pandaexteriors.com/blog/project/panda-ext-9387/,"listed only in the sitemap, not linked from any page (/blog/project/)",(sitemap)
https://pandaexteriors.com/blog/project/panda-ext-9390/,"listed only in the sitemap, not linked from any page (/blog/project/)",(sitemap)
https://pandaexteriors.com/blog/project/panda-ext-9391/,"listed only in the sitemap, not linked from any page (/blog/project/)",(sitemap)
https://pandaexteriors.com/blog/project/panda-ext-9398/,"listed only in the sitemap, not linked from any page (/blog/project/)",(sitemap)
https://pandaexteriors.com/blog/project/panda-ext-9399/,"listed only in the sitemap, not linked from any page (/blog/project/)",(sitemap)
https://pandaexteriors.com/blog/project/panda-ext-9401/,"listed only in the sitemap, not linked from any page (/blog/project/)",(sitemap)
https://pandaexteriors.com/blog/project/panda-ext-9403-3/,"listed only in the sitemap, not linked from any page (/blog/project/)",(sitemap)
https://pandaexteriors.com/blog/project/panda-ext-9403-4/,"listed only in the sitemap, not linked from any page (/blog/project/)",(sitemap)
https://pandaexteriors.com/blog/project/panda-ext-9403-5/,"listed only in the sitemap, not linked from any page (/blog/project/)",(sitemap)
https://pandaexteriors.com/blog/project/panda-ext-9403-6/,"listed only in the sitemap, not linked from any page (/blog/project/)",(sitemap)
https://pandaexteriors.com/blog/project/panda-ext-9403-8/,"listed only in the sitemap, not linked from any page (/blog/project/)",(sitemap)
https://pandaexteriors.com/blog/project/panda-ext-9403/,"listed only in the sitemap, not linked from any page (/blog/project/)",(sitemap)
https://pandaexteriors.com/blog/project/panda-ext-9405-2/,"listed only in the sitemap, not linked from any page (/blog/project/)",(sitemap)
https://pandaexteriors.com/blog/project/panda-ext-9405-3/,"listed only in the sitemap, not linked from any page (/blog/project/)",(sitemap)
https://pandaexteriors.com/blog/project/panda-ext-9405-4/,"listed only in the sitemap, not linked from any page (/blog/project/)",(sitemap)
https://pandaexteriors.com/blog/project/panda-ext-9405-5/,"listed only in the sitemap, not linked from any page (/blog/project/)",(sitemap)
https://pandaexteriors.com/blog/project/panda-ext-9405-6/,"listed only in the sitemap, not linked from any page (/blog/project/)",(sitemap)
https://pandaexteriors.com/blog/project/panda-ext-9405-7/,"listed only in the sitemap, not linked from any page (/blog/project/)",(sitemap)
https://pandaexteriors.com/blog/project/panda-ext-9405/,"listed only in the sitemap, not linked from any page (/blog/project/)",(sitemap)
https://pandaexteriors.com/blog/project/panda-ext-9406/,"listed only in the sitemap, not linked from any page (/blog/project/)",(sitemap)
https://pandaexteriors.com/blog/project/panda-ext-9413/,"listed only in the sitemap, not linked from any page (/blog/project/)",(sitemap)
https://pandaexteriors.com/blog/project/panda-ext-9415/,"listed only in the sitemap, not linked from any page (/blog/project/)",(sitemap)
https://pandaexteriors.com/blog/project/panda-ext-9416/,"listed only in the sitemap, not linked from any page (/blog/project/)",(sitemap)
https://pandaexteriors.com/blog/project/panda-ext-9417/,"listed only in the sitemap, not linked from any page (/blog/project/)",(sitemap)
https://pandaexteriors.com/blog/project/panda-ext-9418/,"listed only in the sitemap, not linked from any page (/blog/project/)",(sitemap)
https://pandaexteriors.com/blog/project/panda-ext-9420/,"listed only in the sitemap, not linked from any page (/blog/project/)",(sitemap)
https://pandaexteriors.com/blog/project/panda-ext-9421-2/,"listed only in the sitemap, not linked from any page (/blog/project/)",(sitemap)
https://pandaexteriors.com/blog/project/panda-ext-9421-3/,"listed only in the sitemap, not linked from any page (/blog/project/)",(sitemap)
https://pandaexteriors.com/blog/project/panda-ext-9421-4/,"listed only in the sitemap, not linked from any page (/blog/project/)",(sitemap)
https://pandaexteriors.com/blog/project/panda-ext-9421-5/,"listed only in the sitemap, not linked from any page (/blog/project/)",(sitemap)
https://pandaexteriors.com/blog/project/panda-ext-9421-6/,"listed only in the sitemap, not linked from any page (/blog/project/)",(sitemap)
https://pandaexteriors.com/blog/project/panda-ext-9421-7/,"listed only in the sitemap, not linked from any page (/blog/project/)",(sitemap)
https://pandaexteriors.com/blog/project/panda-ext-9421-8/,"listed only in the sitemap, not linked from any page (/blog/project/)",(sitemap)
https://pandaexteriors.com/blog/project/panda-ext-9421/,"listed only in the sitemap, not linked from any page (/blog/project/)",(sitemap)
https://pandaexteriors.com/blog/project/panda-ext-9426/,"listed only in the sitemap, not linked from any page (/blog/project/)",(sitemap)
https://pandaexteriors.com/blog/project/panda-ext-9427/,"listed only in the sitemap, not linked from any page (/blog/project/)",(sitemap)
https://pandaexteriors.com/blog/project/panda-ext-9428/,"listed only in the sitemap, not linked from any page (/blog/project/)",(sitemap)
https://pandaexteriors.com/blog/project/panda-ext-9430-2/,"listed only in the sitemap, not linked from any page (/blog/project/)",(sitemap)
https://pandaexteriors.com/blog/project/panda-ext-9430-3/,"listed only in the sitemap, not linked from any page (/blog/project/)",(sitemap)
https://pandaexteriors.com/blog/project/panda-ext-9430-4/,"listed only in the sitemap, not linked from any page (/blog/project/)",(sitemap)
https://pandaexteriors.com/blog/project/panda-ext-9430-5/,"listed only in the sitemap, not linked from any page (/blog/project/)",(sitemap)
https://pandaexteriors.com/blog/project/panda-ext-9430-6/,"listed only in the sitemap, not linked from any page (/blog/project/)",(sitemap)
https://pandaexteriors.com/blog/project/panda-ext-9430-7/,"listed only in the sitemap, not linked from any page (/blog/project/)",(sitemap)
https://pandaexteriors.com/blog/project/panda-ext-9430-8/,"listed only in the sitemap, not linked from any page (/blog/project/)",(sitemap)
https://pandaexteriors.com/blog/project/panda-ext-9430/,"listed only in the sitemap, not linked from any page (/blog/project/)",(sitemap)
https://pandaexteriors.com/blog/project/panda-ext-9432/,"listed only in the sitemap, not linked from any page (/blog/project/)",(sitemap)
https://pandaexteriors.com/blog/project/panda-ext-9433-2/,"listed only in the sitemap, not linked from any page (/blog/project/)",(sitemap)
https://pandaexteriors.com/blog/project/panda-ext-9433-3/,"listed only in the sitemap, not linked from any page (/blog/project/)",(sitemap)
https://pandaexteriors.com/blog/project/panda-ext-9433-4/,"listed only in the sitemap, not linked from any page (/blog/project/)",(sitemap)
https://pandaexteriors.com/blog/project/panda-ext-9433-5/,"listed only in the sitemap, not linked from any page (/blog/project/)",(sitemap)
https://pandaexteriors.com/blog/project/panda-ext-9433-6/,"listed only in the sitemap, not linked from any page (/blog/project/)",(sitemap)
https://pandaexteriors.com/blog/project/panda-ext-9433-7/,"listed only in the sitemap, not linked from any page (/blog/project/)",(sitemap)
https://pandaexteriors.com/blog/project/panda-ext-9433/,"listed only in the sitemap, not linked from any page (/blog/project/)",(sitemap)
https://pandaexteriors.com/blog/project/panda-ext-9435/,"listed only in the sitemap, not linked from any page (/blog/project/)",(sitemap)
https://pandaexteriors.com/blog/project/panda-ext-9436/,"listed only in the sitemap, not linked from any page (/blog/project/)",(sitemap)
https://pandaexteriors.com/blog/project/panda-ext-9438/,"listed only in the sitemap, not linked from any page (/blog/project/)",(sitemap)
https://pandaexteriors.com/blog/project/panda-ext-9440/,"listed only in the sitemap, not linked from any page (/blog/project/)",(sitemap)
https://pandaexteriors.com/blog/project/panda-ext-9443/,"listed only in the sitemap, not linked from any page (/blog/project/)",(sitemap)
https://pandaexteriors.com/blog/project/panda-ext-9444/,"listed only in the sitemap, not linked from any page (/blog/project/)",(sitemap)
https://pandaexteriors.com/blog/project/panda-ext-9445/,"listed only in the sitemap, not linked from any page (/blog/project/)",(sitemap)
https://pandaexteriors.com/blog/project/panda-ext-9448/,"listed only in the sitemap, not linked from any page (/blog/project/)",(sitemap)
https://pandaexteriors.com/blog/project/panda-ext-9452/,"listed only in the sitemap, not linked from any page (/blog/project/)",(sitemap)
https://pandaexteriors.com/blog/project/panda-ext-9453/,"listed only in the sitemap, not linked from any page (/blog/project/)",(sitemap)
https://pandaexteriors.com/blog/project/panda-ext-9454/,"listed only in the sitemap, not linked from any page (/blog/project/)",(sitemap)
https://pandaexteriors.com/blog/project/panda-ext-9455/,"listed only in the sitemap, not linked from any page (/blog/project/)",(sitemap)
https://pandaexteriors.com/blog/project/panda-ext-9456/,"listed only in the sitemap, not linked from any page (/blog/project/)",(sitemap)
https://pandaexteriors.com/blog/project/panda-ext-9457/,"listed only in the sitemap, not linked from any page (/blog/project/)",(sitemap)
https://pandaexteriors.com/blog/project/panda-ext-9458/,"listed only in the sitemap, not linked from any page (/blog/project/)",(sitemap)
https://pandaexteriors.com/blog/project/panda-ext-9459/,"listed only in the sitemap, not linked from any page (/blog/project/)",(sitemap)
https://pandaexteriors.com/blog/project/panda-ext-9463/,"listed only in the sitemap, not linked from any page (/blog/project/)",(sitemap)
https://pandaexteriors.com/blog/project/panda-ext-9464-2/,"listed only in the sitemap, not linked from any page (/blog/project/)",(sitemap)
https://pandaexteriors.com/blog/project/panda-ext-9464-3/,"listed only in the sitemap, not linked from any page (/blog/project/)",(sitemap)
https://pandaexteriors.com/blog/project/panda-ext-9464-4/,"listed only in the sitemap, not linked from any page (/blog/project/)",(sitemap)
https://pandaexteriors.com/blog/project/panda-ext-9464-5/,"listed only in the sitemap, not linked from any page (/blog/project/)",(sitemap)
https://pandaexteriors.com/blog/project/panda-ext-9464/,"listed only in the sitemap, not linked from any page (/blog/project/)",(sitemap)
https://pandaexteriors.com/blog/project/panda-ext-9466/,"listed only in the sitemap, not linked from any page (/blog/project/)",(sitemap)
https://pandaexteriors.com/blog/project/panda-ext-9467/,"listed only in the sitemap, not linked from any page (/blog/project/)",(sitemap)
https://pandaexteriors.com/blog/project/panda-ext-9468/,"listed only in the sitemap, not linked from any page (/blog/project/)",(sitemap)
https://pandaexteriors.com/blog/project/panda-ext-9469/,"listed only in the sitemap, not linked from any page (/blog/project/)",(sitemap)
https://pandaexteriors.com/blog/project/panda-ext-9472-2/,"listed only in the sitemap, not linked from any page (/blog/project/)",(sitemap)
https://pandaexteriors.com/blog/project/panda-ext-9472-3/,"listed only in the sitemap, not linked from any page (/blog/project/)",(sitemap)
https://pandaexteriors.com/blog/project/panda-ext-9472-4/,"listed only in the sitemap, not linked from any page (/blog/project/)",(sitemap)
https://pandaexteriors.com/blog/project/panda-ext-9472-5/,"listed only in the sitemap, not linked from any page (/blog/project/)",(sitemap)
https://pandaexteriors.com/blog/project/panda-ext-9472/,"listed only in the sitemap, not linked from any page (/blog/project/)",(sitemap)
https://pandaexteriors.com/blog/project/panda-ext-9474/,"listed only in the sitemap, not linked from any page (/blog/project/)",(sitemap)
https://pandaexteriors.com/blog/project/panda-ext-9477/,"listed only in the sitemap, not linked from any page (/blog/project/)",(sitemap)
https://pandaexteriors.com/blog/project/panda-ext-9478/,"listed only in the sitemap, not linked from any page (/blog/project/)",(sitemap)
https://pandaexteriors.com/blog/project/panda-ext-9479-2/,"listed only in the sitemap, not linked from any page (/blog/project/)",(sitemap)
https://pandaexteriors.com/blog/project/panda-ext-9479-3/,"listed only in the sitemap, not linked from any page (/blog/project/)",(sitemap)
https://pandaexteriors.com/blog/project/panda-ext-9479-4/,"listed only in the sitemap, not linked from any page (/blog/project/)",(sitemap)
https://pandaexteriors.com/blog/project/panda-ext-9479-5/,"listed only in the sitemap, not linked from any page (/blog/project/)",(sitemap)
https://pandaexteriors.com/blog/project/panda-ext-9479-6/,"listed only in the sitemap, not linked from any page (/blog/project/)",(sitemap)
https://pandaexteriors.com/blog/project/panda-ext-9479-7/,"listed only in the sitemap, not linked from any page (/blog/project/)",(sitemap)
https://pandaexteriors.com/blog/project/panda-ext-9479-8/,"listed only in the sitemap, not linked from any page (/blog/project/)",(sitemap)
https://pandaexteriors.com/blog/project/panda-ext-9479/,"listed only in the sitemap, not linked from any page (/blog/project/)",(sitemap)
https://pandaexteriors.com/blog/project/panda-ext-9480/,"listed only in the sitemap, not linked from any page (/blog/project/)",(sitemap)
https://pandaexteriors.com/blog/project/panda-ext-9481/,"listed only in the sitemap, not linked from any page (/blog/project/)",(sitemap)
https://pandaexteriors.com/blog/project/panda-ext-9482/,"listed only in the sitemap, not linked from any page (/blog/project/)",(sitemap)
https://pandaexteriors.com/blog/project/panda-ext-9483/,"listed only in the sitemap, not linked from any page (/blog/project/)",(sitemap)
https://pandaexteriors.com/blog/project/panda-ext-9484/,"listed only in the sitemap, not linked from any page (/blog/project/)",(sitemap)
https://pandaexteriors.com/blog/project/panda-ext-9485/,"listed only in the sitemap, not linked from any page (/blog/project/)",(sitemap)
https://pandaexteriors.com/blog/project/panda-ext-9488/,"listed only in the sitemap, not linked from any page (/blog/project/)",(sitemap)
https://pandaexteriors.com/blog/project/panda-ext-9492-2/,"listed only in the sitemap, not linked from any page (/blog/project/)",(sitemap)
https://pandaexteriors.com/blog/project/panda-ext-9492-3/,"listed only in the sitemap, not linked from any page (/blog/project/)",(sitemap)
https://pandaexteriors.com/blog/project/panda-ext-9492-4/,"listed only in the sitemap, not linked from any page (/blog/project/)",(sitemap)
https://pandaexteriors.com/blog/project/panda-ext-9492-5/,"listed only in the sitemap, not linked from any page (/blog/project/)",(sitemap)
https://pandaexteriors.com/blog/project/panda-ext-9492/,"listed only in the sitemap, not linked from any page (/blog/project/)",(sitemap)
https://pandaexteriors.com/blog/project/panda-ext-9494/,"listed only in the sitemap, not linked from any page (/blog/project/)",(sitemap)
https://pandaexteriors.com/blog/project/panda-ext-9495/,"listed only in the sitemap, not linked from any page (/blog/project/)",(sitemap)
https://pandaexteriors.com/blog/project/panda-ext-9496/,"listed only in the sitemap, not linked from any page (/blog/project/)",(sitemap)
https://pandaexteriors.com/blog/project/panda-ext-9497-2/,"listed only in the sitemap, not linked from any page (/blog/project/)",(sitemap)
https://pandaexteriors.com/blog/project/panda-ext-9497-3/,"listed only in the sitemap, not linked from any page (/blog/project/)",(sitemap)
https://pandaexteriors.com/blog/project/panda-ext-9497-4/,"listed only in the sitemap, not linked from any page (/blog/project/)",(sitemap)
https://pandaexteriors.com/blog/project/panda-ext-9497-5/,"listed only in the sitemap, not linked from any page (/blog/project/)",(sitemap)
https://pandaexteriors.com/blog/project/panda-ext-9497/,"listed only in the sitemap, not linked from any page (/blog/project/)",(sitemap)
https://pandaexteriors.com/blog/project/panda-ext-9499/,"listed only in the sitemap, not linked from any page (/blog/project/)",(sitemap)
https://pandaexteriors.com/blog/project/panda-ext-9505/,"listed only in the sitemap, not linked from any page (/blog/project/)",(sitemap)
https://pandaexteriors.com/blog/project/panda-ext-9506/,"listed only in the sitemap, not linked from any page (/blog/project/)",(sitemap)
https://pandaexteriors.com/blog/project/panda-ext-9507/,"listed only in the sitemap, not linked from any page (/blog/project/)",(sitemap)
https://pandaexteriors.com/blog/project/panda-ext-9508/,"listed only in the sitemap, not linked from any page (/blog/project/)",(sitemap)
https://pandaexteriors.com/blog/project/panda-ext-9511/,"listed only in the sitemap, not linked from any page (/blog/project/)",(sitemap)
https://pandaexteriors.com/blog/project/panda-ext-9512/,"listed only in the sitemap, not linked from any page (/blog/project/)",(sitemap)
https://pandaexteriors.com/blog/project/panda-ext-9513/,"listed only in the sitemap, not linked from any page (/blog/project/)",(sitemap)
https://pandaexteriors.com/blog/project/panda-ext-9514-2/,"listed only in the sitemap, not linked from any page (/blog/project/)",(sitemap)
https://pandaexteriors.com/blog/project/panda-ext-9514-3/,"listed only in the sitemap, not linked from any page (/blog/project/)",(sitemap)
https://pandaexteriors.com/blog/project/panda-ext-9514-4/,"listed only in the sitemap, not linked from any page (/blog/project/)",(sitemap)
https://pandaexteriors.com/blog/project/panda-ext-9514-5/,"listed only in the sitemap, not linked from any page (/blog/project/)",(sitemap)
https://pandaexteriors.com/blog/project/panda-ext-9514/,"listed only in the sitemap, not linked from any page (/blog/project/)",(sitemap)
https://pandaexteriors.com/blog/project/panda-ext-9515-2/,"listed only in the sitemap, not linked from any page (/blog/project/)",(sitemap)
https://pandaexteriors.com/blog/project/panda-ext-9515-3/,"listed only in the sitemap, not linked from any page (/blog/project/)",(sitemap)
https://pandaexteriors.com/blog/project/panda-ext-9515-4/,"listed only in the sitemap, not linked from any page (/blog/project/)",(sitemap)
https://pandaexteriors.com/blog/project/panda-ext-9515-5/,"listed only in the sitemap, not linked from any page (/blog/project/)",(sitemap)
https://pandaexteriors.com/blog/project/panda-ext-9515-6/,"listed only in the sitemap, not linked from any page (/blog/project/)",(sitemap)
https://pandaexteriors.com/blog/project/panda-ext-9515-7/,"listed only in the sitemap, not linked from any page (/blog/project/)",(sitemap)
https://pandaexteriors.com/blog/project/panda-ext-9515/,"listed only in the sitemap, not linked from any page (/blog/project/)",(sitemap)
https://pandaexteriors.com/blog/project/panda-ext-9516-2/,"listed only in the sitemap, not linked from any page (/blog/project/)",(sitemap)
https://pandaexteriors.com/blog/project/panda-ext-9516-3/,"listed only in the sitemap, not linked from any page (/blog/project/)",(sitemap)
https://pandaexteriors.com/blog/project/panda-ext-9516-4/,"listed only in the sitemap, not linked from any page (/blog/project/)",(sitemap)
https://pandaexteriors.com/blog/project/panda-ext-9516-5/,"listed only in the sitemap, not linked from any page (/blog/project/)",(sitemap)
https://pandaexteriors.com/blog/project/panda-ext-9516-6/,"listed only in the sitemap, not linked from any page (/blog/project/)",(sitemap)
https://pandaexteriors.com/blog/project/panda-ext-9516-7/,"listed only in the sitemap, not linked from any page (/blog/project/)",(sitemap)
https://pandaexteriors.com/blog/project/panda-ext-9516/,"listed only in the sitemap, not linked from any page (/blog/project/)",(sitemap)
https://pandaexteriors.com/blog/project/panda-ext-9517/,"listed only in the sitemap, not linked from any page (/blog/project/)",(sitemap)
https://pandaexteriors.com/blog/project/panda-ext-9518/,"listed only in the sitemap, not linked from any page (/blog/project/)",(sitemap)
https://pandaexteriors.com/blog/project/panda-ext-9519/,"listed only in the sitemap, not linked from any page (/blog/project/)",(sitemap)
https://pandaexteriors.com/blog/project/panda-ext-9521/,"listed only in the sitemap, not linked from any page (/blog/project/)",(sitemap)
https://pandaexteriors.com/blog/project/panda-ext-9522/,"listed only in the sitemap, not linked from any page (/blog/project/)",(sitemap)
https://pandaexteriors.com/blog/project/panda-ext-9524/,"listed only in the sitemap, not linked from any page (/blog/project/)",(sitemap)
https://pandaexteriors.com/blog/project/panda-ext-9525/,"listed only in the sitemap, not linked from any page (/blog/project/)",(sitemap)
https://pandaexteriors.com/blog/project/panda-ext-9526/,"listed only in the sitemap, not linked from any page (/blog/project/)",(sitemap)
https://pandaexteriors.com/blog/project/panda-ext-9527/,"listed only in the sitemap, not linked from any page (/blog/project/)",(sitemap)
https://pandaexteriors.com/blog/project/panda-ext-9528/,"listed only in the sitemap, not linked from any page (/blog/project/)",(sitemap)
https://pandaexteriors.com/blog/project/panda-ext-9529/,"listed only in the sitemap, not linked from any page (/blog/project/)",(sitemap)
https://pandaexteriors.com/blog/project/panda-ext-9535/,"listed only in the sitemap, not linked from any page (/blog/project/)",(sitemap)
https://pandaexteriors.com/blog/project/panda-ext-9536/,"listed only in the sitemap, not linked from any page (/blog/project/)",(sitemap)
https://pandaexteriors.com/blog/project/panda-ext-9537/,"listed only in the sitemap, not linked from any page (/blog/project/)",(sitemap)
https://pandaexteriors.com/blog/project/panda-ext-9539/,"listed only in the sitemap, not linked from any page (/blog/project/)",(sitemap)
https://pandaexteriors.com/blog/project/panda-ext-9540/,"listed only in the sitemap, not linked from any page (/blog/project/)",(sitemap)
https://pandaexteriors.com/blog/project/panda-ext-9541/,"listed only in the sitemap, not linked from any page (/blog/project/)",(sitemap)
https://pandaexteriors.com/blog/project/panda-ext-9542/,"listed only in the sitemap, not linked from any page (/blog/project/)",(sitemap)
https://pandaexteriors.com/blog/project/panda-ext-9543/,"listed only in the sitemap, not linked from any page (/blog/project/)",(sitemap)
https://pandaexteriors.com/blog/project/panda-ext-9544/,"listed only in the sitemap, not linked from any page (/blog/project/)",(sitemap)
https://pandaexteriors.com/blog/project/panda-ext-9545/,"listed only in the sitemap, not linked from any page (/blog/project/)",(sitemap)
https://pandaexteriors.com/blog/project/panda-ext-9546/,"listed only in the sitemap, not linked from any page (/blog/project/)",(sitemap)
https://pandaexteriors.com/blog/project/panda-ext-9549/,"listed only in the sitemap, not linked from any page (/blog/project/)",(sitemap)
https://pandaexteriors.com/blog/project/panda-ext-9550-2/,"listed only in the sitemap, not linked from any page (/blog/project/)",(sitemap)
https://pandaexteriors.com/blog/project/panda-ext-9550-3/,"listed only in the sitemap, not linked from any page (/blog/project/)",(sitemap)
https://pandaexteriors.com/blog/project/panda-ext-9550-4/,"listed only in the sitemap, not linked from any page (/blog/project/)",(sitemap)
https://pandaexteriors.com/blog/project/panda-ext-9550-5/,"listed only in the sitemap, not linked from any page (/blog/project/)",(sitemap)
https://pandaexteriors.com/blog/project/panda-ext-9550/,"listed only in the sitemap, not linked from any page (/blog/project/)",(sitemap)
https://pandaexteriors.com/blog/project/panda-ext-9552/,"listed only in the sitemap, not linked from any page (/blog/project/)",(sitemap)
https://pandaexteriors.com/blog/project/panda-ext-9553/,"listed only in the sitemap, not linked from any page (/blog/project/)",(sitemap)
https://pandaexteriors.com/blog/project/panda-ext-9554-2/,"listed only in the sitemap, not linked from any page (/blog/project/)",(sitemap)
https://pandaexteriors.com/blog/project/panda-ext-9554-3/,"listed only in the sitemap, not linked from any page (/blog/project/)",(sitemap)
https://pandaexteriors.com/blog/project/panda-ext-9554-4/,"listed only in the sitemap, not linked from any page (/blog/project/)",(sitemap)
https://pandaexteriors.com/blog/project/panda-ext-9554-5/,"listed only in the sitemap, not linked from any page (/blog/project/)",(sitemap)
https://pandaexteriors.com/blog/project/panda-ext-9554-6/,"listed only in the sitemap, not linked from any page (/blog/project/)",(sitemap)
https://pandaexteriors.com/blog/project/panda-ext-9554-7/,"listed only in the sitemap, not linked from any page (/blog/project/)",(sitemap)
https://pandaexteriors.com/blog/project/panda-ext-9554-8/,"listed only in the sitemap, not linked from any page (/blog/project/)",(sitemap)
https://pandaexteriors.com/blog/project/panda-ext-9554/,"listed only in the sitemap, not linked from any page (/blog/project/)",(sitemap)
https://pandaexteriors.com/blog/project/panda-ext-9556/,"listed only in the sitemap, not linked from any page (/blog/project/)",(sitemap)
https://pandaexteriors.com/blog/project/panda-ext-9557/,"listed only in the sitemap, not linked from any page (/blog/project/)",(sitemap)
https://pandaexteriors.com/blog/project/panda-ext-9559/,"listed only in the sitemap, not linked from any page (/blog/project/)",(sitemap)
https://pandaexteriors.com/blog/project/panda-ext-9562/,"listed only in the sitemap, not linked from any page (/blog/project/)",(sitemap)
https://pandaexteriors.com/blog/project/panda-ext-9565/,"listed only in the sitemap, not linked from any page (/blog/project/)",(sitemap)
https://pandaexteriors.com/blog/project/panda-ext-9568/,"listed only in the sitemap, not linked from any page (/blog/project/)",(sitemap)
https://pandaexteriors.com/blog/project/panda-ext-9571/,"listed only in the sitemap, not linked from any page (/blog/project/)",(sitemap)
https://pandaexteriors.com/blog/project/panda-ext-9574/,"listed only in the sitemap, not linked from any page (/blog/project/)",(sitemap)
https://pandaexteriors.com/blog/project/panda-ext-9579-2/,"listed only in the sitemap, not linked from any page (/blog/project/)",(sitemap)
https://pandaexteriors.com/blog/project/panda-ext-9579-4/,"listed only in the sitemap, not linked from any page (/blog/project/)",(sitemap)
https://pandaexteriors.com/blog/project/panda-ext-9579/,"listed only in the sitemap, not linked from any page (/blog/project/)",(sitemap)
https://pandaexteriors.com/blog/project/panda-ext-9582/,"listed only in the sitemap, not linked from any page (/blog/project/)",(sitemap)
https://pandaexteriors.com/blog/project/panda-ext-9587/,"listed only in the sitemap, not linked from any page (/blog/project/)",(sitemap)
https://pandaexteriors.com/blog/project/panda-ext-9589/,"listed only in the sitemap, not linked from any page (/blog/project/)",(sitemap)
https://pandaexteriors.com/blog/project/panda-ext-9594/,"listed only in the sitemap, not linked from any page (/blog/project/)",(sitemap)
https://pandaexteriors.com/blog/project/panda-ext-9599/,"listed only in the sitemap, not linked from any page (/blog/project/)",(sitemap)
https://pandaexteriors.com/blog/project/panda-ext-9600/,"listed only in the sitemap, not linked from any page (/blog/project/)",(sitemap)
https://pandaexteriors.com/blog/project/panda-ext-9601/,"listed only in the sitemap, not linked from any page (/blog/project/)",(sitemap)
https://pandaexteriors.com/blog/project/panda-ext-9602/,"listed only in the sitemap, not linked from any page (/blog/project/)",(sitemap)
https://pandaexteriors.com/blog/project/panda-ext-9603/,"listed only in the sitemap, not linked from any page (/blog/project/)",(sitemap)
https://pandaexteriors.com/blog/project/panda-ext-9604/,"listed only in the sitemap, not linked from any page (/blog/project/)",(sitemap)
https://pandaexteriors.com/blog/project/panda-ext-9608/,"listed only in the sitemap, not linked from any page (/blog/project/)",(sitemap)
https://pandaexteriors.com/blog/project/panda-ext-9609/,"listed only in the sitemap, not linked from any page (/blog/project/)",(sitemap)
https://pandaexteriors.com/blog/project/panda-ext-9612/,"listed only in the sitemap, not linked from any page (/blog/project/)",(sitemap)
https://pandaexteriors.com/blog/project/panda-ext-9616/,"listed only in the sitemap, not linked from any page (/blog/project/)",(sitemap)
https://pandaexteriors.com/blog/project/panda-ext-9617/,"listed only in the sitemap, not linked from any page (/blog/project/)",(sitemap)
https://pandaexteriors.com/blog/project/panda-ext-9619/,"listed only in the sitemap, not linked from any page (/blog/project/)",(sitemap)
https://pandaexteriors.com/blog/project/panda-ext-9621/,"listed only in the sitemap, not linked from any page (/blog/project/)",(sitemap)
https://pandaexteriors.com/blog/project/panda-ext-9624/,"listed only in the sitemap, not linked from any page (/blog/project/)",(sitemap)
https://pandaexteriors.com/blog/project/panda-ext-9625-2/,"listed only in the sitemap, not linked from any page (/blog/project/)",(sitemap)
https://pandaexteriors.com/blog/project/panda-ext-9625-3/,"listed only in the sitemap, not linked from any page (/blog/project/)",(sitemap)
https://pandaexteriors.com/blog/project/panda-ext-9625-5/,"listed only in the sitemap, not linked from any page (/blog/project/)",(sitemap)
https://pandaexteriors.com/blog/project/panda-ext-9625-6/,"listed only in the sitemap, not linked from any page (/blog/project/)",(sitemap)
https://pandaexteriors.com/blog/project/panda-ext-9625-7/,"listed only in the sitemap, not linked from any page (/blog/project/)",(sitemap)
https://pandaexteriors.com/blog/project/panda-ext-9625/,"listed only in the sitemap, not linked from any page (/blog/project/)",(sitemap)
https://pandaexteriors.com/blog/project/panda-ext-9628-2/,"listed only in the sitemap, not linked from any page (/blog/project/)",(sitemap)
https://pandaexteriors.com/blog/project/panda-ext-9628-3/,"listed only in the sitemap, not linked from any page (/blog/project/)",(sitemap)
https://pandaexteriors.com/blog/project/panda-ext-9628-4/,"listed only in the sitemap, not linked from any page (/blog/project/)",(sitemap)
https://pandaexteriors.com/blog/project/panda-ext-9628-5/,"listed only in the sitemap, not linked from any page (/blog/project/)",(sitemap)
https://pandaexteriors.com/blog/project/panda-ext-9628-6/,"listed only in the sitemap, not linked from any page (/blog/project/)",(sitemap)
https://pandaexteriors.com/blog/project/panda-ext-9628-7/,"listed only in the sitemap, not linked from any page (/blog/project/)",(sitemap)
https://pandaexteriors.com/blog/project/panda-ext-9628/,"listed only in the sitemap, not linked from any page (/blog/project/)",(sitemap)
https://pandaexteriors.com/blog/project/panda-ext-9633/,"listed only in the sitemap, not linked from any page (/blog/project/)",(sitemap)
https://pandaexteriors.com/blog/project/panda-ext-9634/,"listed only in the sitemap, not linked from any page (/blog/project/)",(sitemap)
https://pandaexteriors.com/blog/project/panda-ext-9635/,"listed only in the sitemap, not linked from any page (/blog/project/)",(sitemap)
https://pandaexteriors.com/blog/project/panda-ext-9636/,"listed only in the sitemap, not linked from any page (/blog/project/)",(sitemap)
https://pandaexteriors.com/blog/project/panda-ext-9638/,"listed only in the sitemap, not linked from any page (/blog/project/)",(sitemap)
https://pandaexteriors.com/blog/project/panda-ext-9639/,"listed only in the sitemap, not linked from any page (/blog/project/)",(sitemap)
https://pandaexteriors.com/blog/project/panda-ext-9640/,"listed only in the sitemap, not linked from any page (/blog/project/)",(sitemap)
https://pandaexteriors.com/blog/project/panda-ext-9641/,"listed only in the sitemap, not linked from any page (/blog/project/)",(sitemap)
https://pandaexteriors.com/blog/project/panda-ext-9643/,"listed only in the sitemap, not linked from any page (/blog/project/)",(sitemap)
https://pandaexteriors.com/blog/project/panda-ext-9644-2/,"listed only in the sitemap, not linked from any page (/blog/project/)",(sitemap)
https://pandaexteriors.com/blog/project/panda-ext-9644-3/,"listed only in the sitemap, not linked from any page (/blog/project/)",(sitemap)
https://pandaexteriors.com/blog/project/panda-ext-9644-4/,"listed only in the sitemap, not linked from any page (/blog/project/)",(sitemap)
https://pandaexteriors.com/blog/project/panda-ext-9644-5/,"listed only in the sitemap, not linked from any page (/blog/project/)",(sitemap)
https://pandaexteriors.com/blog/project/panda-ext-9644/,"listed only in the sitemap, not linked from any page (/blog/project/)",(sitemap)
https://pandaexteriors.com/blog/project/panda-ext-9645/,"listed only in the sitemap, not linked from any page (/blog/project/)",(sitemap)
https://pandaexteriors.com/blog/project/panda-ext-9646/,"listed only in the sitemap, not linked from any page (/blog/project/)",(sitemap)
https://pandaexteriors.com/blog/project/panda-ext-9650/,"listed only in the sitemap, not linked from any page (/blog/project/)",(sitemap)
https://pandaexteriors.com/blog/project/panda-ext-9652/,"listed only in the sitemap, not linked from any page (/blog/project/)",(sitemap)
https://pandaexteriors.com/blog/project/panda-ext-9653/,"listed only in the sitemap, not linked from any page (/blog/project/)",(sitemap)
https://pandaexteriors.com/blog/project/panda-ext-9656/,"listed only in the sitemap, not linked from any page (/blog/project/)",(sitemap)
https://pandaexteriors.com/blog/project/panda-ext-9658/,"listed only in the sitemap, not linked from any page (/blog/project/)",(sitemap)
https://pandaexteriors.com/blog/project/panda-ext-9659/,"listed only in the sitemap, not linked from any page (/blog/project/)",(sitemap)
https://pandaexteriors.com/blog/project/panda-ext-9660-2/,"listed only in the sitemap, not linked from any page (/blog/project/)",(sitemap)
https://pandaexteriors.com/blog/project/panda-ext-9660-3/,"listed only in the sitemap, not linked from any page (/blog/project/)",(sitemap)
https://pandaexteriors.com/blog/project/panda-ext-9660-4/,"listed only in the sitemap, not linked from any page (/blog/project/)",(sitemap)
https://pandaexteriors.com/blog/project/panda-ext-9660/,"listed only in the sitemap, not linked from any page (/blog/project/)",(sitemap)
https://pandaexteriors.com/blog/project/panda-ext-9661/,"listed only in the sitemap, not linked from any page (/blog/project/)",(sitemap)
https://pandaexteriors.com/blog/project/panda-ext-9662/,"listed only in the sitemap, not linked from any page (/blog/project/)",(sitemap)
https://pandaexteriors.com/blog/project/panda-ext-9663/,"listed only in the sitemap, not linked from any page (/blog/project/)",(sitemap)
https://pandaexteriors.com/blog/project/panda-ext-9665/,"listed only in the sitemap, not linked from any page (/blog/project/)",(sitemap)
https://pandaexteriors.com/blog/project/panda-ext-9667-2/,"listed only in the sitemap, not linked from any page (/blog/project/)",(sitemap)
https://pandaexteriors.com/blog/project/panda-ext-9667-3/,"listed only in the sitemap, not linked from any page (/blog/project/)",(sitemap)
https://pandaexteriors.com/blog/project/panda-ext-9667-4/,"listed only in the sitemap, not linked from any page (/blog/project/)",(sitemap)
https://pandaexteriors.com/blog/project/panda-ext-9667-5/,"listed only in the sitemap, not linked from any page (/blog/project/)",(sitemap)
https://pandaexteriors.com/blog/project/panda-ext-9667-6/,"listed only in the sitemap, not linked from any page (/blog/project/)",(sitemap)
https://pandaexteriors.com/blog/project/panda-ext-9667-7/,"listed only in the sitemap, not linked from any page (/blog/project/)",(sitemap)
https://pandaexteriors.com/blog/project/panda-ext-9667/,"listed only in the sitemap, not linked from any page (/blog/project/)",(sitemap)
https://pandaexteriors.com/blog/project/panda-ext-9668-2/,"listed only in the sitemap, not linked from any page (/blog/project/)",(sitemap)
https://pandaexteriors.com/blog/project/panda-ext-9668-3/,"listed only in the sitemap, not linked from any page (/blog/project/)",(sitemap)
https://pandaexteriors.com/blog/project/panda-ext-9668-4/,"listed only in the sitemap, not linked from any page (/blog/project/)",(sitemap)
https://pandaexteriors.com/blog/project/panda-ext-9668-5/,"listed only in the sitemap, not linked from any page (/blog/project/)",(sitemap)
https://pandaexteriors.com/blog/project/panda-ext-9668-6/,"listed only in the sitemap, not linked from any page (/blog/project/)",(sitemap)
https://pandaexteriors.com/blog/project/panda-ext-9668-7/,"listed only in the sitemap, not linked from any page (/blog/project/)",(sitemap)
https://pandaexteriors.com/blog/project/panda-ext-9668/,"listed only in the sitemap, not linked from any page (/blog/project/)",(sitemap)
https://pandaexteriors.com/blog/project/panda-ext-9671/,"listed only in the sitemap, not linked from any page (/blog/project/)",(sitemap)
https://pandaexteriors.com/blog/project/panda-ext-9673/,"listed only in the sitemap, not linked from any page (/blog/project/)",(sitemap)
https://pandaexteriors.com/blog/project/panda-ext-9674/,"listed only in the sitemap, not linked from any page (/blog/project/)",(sitemap)
https://pandaexteriors.com/blog/project/panda-ext-9675/,"listed only in the sitemap, not linked from any page (/blog/project/)",(sitemap)
https://pandaexteriors.com/blog/project/panda-ext-9676/,"listed only in the sitemap, not linked from any page (/blog/project/)",(sitemap)
https://pandaexteriors.com/blog/project/panda-ext-9677/,"listed only in the sitemap, not linked from any page (/blog/project/)",(sitemap)
https://pandaexteriors.com/blog/project/panda-ext-9680/,"listed only in the sitemap, not linked from any page (/blog/project/)",(sitemap)
https://pandaexteriors.com/blog/project/panda-ext-9682/,"listed only in the sitemap, not linked from any page (/blog/project/)",(sitemap)
https://pandaexteriors.com/blog/project/panda-ext-9683/,"listed only in the sitemap, not linked from any page (/blog/project/)",(sitemap)
https://pandaexteriors.com/blog/project/panda-ext-9684/,"listed only in the sitemap, not linked from any page (/blog/project/)",(sitemap)
https://pandaexteriors.com/blog/project/panda-ext-9685/,"listed only in the sitemap, not linked from any page (/blog/project/)",(sitemap)
https://pandaexteriors.com/blog/project/panda-ext-9686-2/,"listed only in the sitemap, not linked from any page (/blog/project/)",(sitemap)
https://pandaexteriors.com/blog/project/panda-ext-9686-3/,"listed only in the sitemap, not linked from any page (/blog/project/)",(sitemap)
https://pandaexteriors.com/blog/project/panda-ext-9686-4/,"listed only in the sitemap, not linked from any page (/blog/project/)",(sitemap)
https://pandaexteriors.com/blog/project/panda-ext-9686-5/,"listed only in the sitemap, not linked from any page (/blog/project/)",(sitemap)
https://pandaexteriors.com/blog/project/panda-ext-9686-6/,"listed only in the sitemap, not linked from any page (/blog/project/)",(sitemap)
https://pandaexteriors.com/blog/project/panda-ext-9686-7/,"listed only in the sitemap, not linked from any page (/blog/project/)",(sitemap)
https://pandaexteriors.com/blog/project/panda-ext-9686/,"listed only in the sitemap, not linked from any page (/blog/project/)",(sitemap)
https://pandaexteriors.com/blog/project/panda-ext-9687/,"listed only in the sitemap, not linked from any page (/blog/project/)",(sitemap)
https://pandaexteriors.com/blog/project/panda-ext-9688/,"listed only in the sitemap, not linked from any page (/blog/project/)",(sitemap)
https://pandaexteriors.com/blog/project/panda-ext-9690/,"listed only in the sitemap, not linked from any page (/blog/project/)",(sitemap)
https://pandaexteriors.com/blog/project/panda-ext-9691/,"listed only in the sitemap, not linked from any page (/blog/project/)",(sitemap)
https://pandaexteriors.com/blog/project/panda-ext-9692-2/,"listed only in the sitemap, not linked from any page (/blog/project/)",(sitemap)
https://pandaexteriors.com/blog/project/panda-ext-9692-3/,"listed only in the sitemap, not linked from any page (/blog/project/)",(sitemap)
https://pandaexteriors.com/blog/project/panda-ext-9692-4/,"listed only in the sitemap, not linked from any page (/blog/project/)",(sitemap)
https://pandaexteriors.com/blog/project/panda-ext-9692-5/,"listed only in the sitemap, not linked from any page (/blog/project/)",(sitemap)
https://pandaexteriors.com/blog/project/panda-ext-9692-6/,"listed only in the sitemap, not linked from any page (/blog/project/)",(sitemap)
https://pandaexteriors.com/blog/project/panda-ext-9692-7/,"listed only in the sitemap, not linked from any page (/blog/project/)",(sitemap)
https://pandaexteriors.com/blog/project/panda-ext-9692-8/,"listed only in the sitemap, not linked from any page (/blog/project/)",(sitemap)
https://pandaexteriors.com/blog/project/panda-ext-9692/,"listed only in the sitemap, not linked from any page (/blog/project/)",(sitemap)
https://pandaexteriors.com/blog/project/panda-ext-9694/,"listed only in the sitemap, not linked from any page (/blog/project/)",(sitemap)
https://pandaexteriors.com/blog/project/panda-ext-9697/,"listed only in the sitemap, not linked from any page (/blog/project/)",(sitemap)
https://pandaexteriors.com/blog/project/panda-ext-9698/,"listed only in the sitemap, not linked from any page (/blog/project/)",(sitemap)
https://pandaexteriors.com/blog/project/panda-ext-9701/,"listed only in the sitemap, not linked from any page (/blog/project/)",(sitemap)
https://pandaexteriors.com/blog/project/panda-ext-9702/,"listed only in the sitemap, not linked from any page (/blog/project/)",(sitemap)
https://pandaexteriors.com/blog/project/panda-ext-9704/,"listed only in the sitemap, not linked from any page (/blog/project/)",(sitemap)
https://pandaexteriors.com/blog/project/panda-ext-9711/,"listed only in the sitemap, not linked from any page (/blog/project/)",(sitemap)
https://pandaexteriors.com/blog/project/panda-ext-9714/,"listed only in the sitemap, not linked from any page (/blog/project/)",(sitemap)
https://pandaexteriors.com/blog/project/panda-ext-9715-2/,"listed only in the sitemap, not linked from any page (/blog/project/)",(sitemap)
https://pandaexteriors.com/blog/project/panda-ext-9715-3/,"listed only in the sitemap, not linked from any page (/blog/project/)",(sitemap)
https://pandaexteriors.com/blog/project/panda-ext-9715-4/,"listed only in the sitemap, not linked from any page (/blog/project/)",(sitemap)
https://pandaexteriors.com/blog/project/panda-ext-9715-5/,"listed only in the sitemap, not linked from any page (/blog/project/)",(sitemap)
https://pandaexteriors.com/blog/project/panda-ext-9715-6/,"listed only in the sitemap, not linked from any page (/blog/project/)",(sitemap)
https://pandaexteriors.com/blog/project/panda-ext-9715-7/,"listed only in the sitemap, not linked from any page (/blog/project/)",(sitemap)
https://pandaexteriors.com/blog/project/panda-ext-9715-8/,"listed only in the sitemap, not linked from any page (/blog/project/)",(sitemap)
https://pandaexteriors.com/blog/project/panda-ext-9715/,"listed only in the sitemap, not linked from any page (/blog/project/)",(sitemap)
https://pandaexteriors.com/blog/project/panda-ext-9716/,"listed only in the sitemap, not linked from any page (/blog/project/)",(sitemap)
https://pandaexteriors.com/blog/project/panda-ext-9717/,"listed only in the sitemap, not linked from any page (/blog/project/)",(sitemap)
https://pandaexteriors.com/blog/project/panda-ext-9719-2/,"listed only in the sitemap, not linked from any page (/blog/project/)",(sitemap)
https://pandaexteriors.com/blog/project/panda-ext-9719-3/,"listed only in the sitemap, not linked from any page (/blog/project/)",(sitemap)
https://pandaexteriors.com/blog/project/panda-ext-9719-4/,"listed only in the sitemap, not linked from any page (/blog/project/)",(sitemap)
https://pandaexteriors.com/blog/project/panda-ext-9719-5/,"listed only in the sitemap, not linked from any page (/blog/project/)",(sitemap)
https://pandaexteriors.com/blog/project/panda-ext-9719-6/,"listed only in the sitemap, not linked from any page (/blog/project/)",(sitemap)
https://pandaexteriors.com/blog/project/panda-ext-9719-7/,"listed only in the sitemap, not linked from any page (/blog/project/)",(sitemap)
https://pandaexteriors.com/blog/project/panda-ext-9719/,"listed only in the sitemap, not linked from any page (/blog/project/)",(sitemap)
https://pandaexteriors.com/blog/project/panda-ext-9723-2/,"listed only in the sitemap, not linked from any page (/blog/project/)",(sitemap)
https://pandaexteriors.com/blog/project/panda-ext-9723-3/,"listed only in the sitemap, not linked from any page (/blog/project/)",(sitemap)
https://pandaexteriors.com/blog/project/panda-ext-9723-4/,"listed only in the sitemap, not linked from any page (/blog/project/)",(sitemap)
https://pandaexteriors.com/blog/project/panda-ext-9723-5/,"listed only in the sitemap, not linked from any page (/blog/project/)",(sitemap)
https://pandaexteriors.com/blog/project/panda-ext-9723/,"listed only in the sitemap, not linked from any page (/blog/project/)",(sitemap)
https://pandaexteriors.com/blog/project/panda-ext-9726/,"listed only in the sitemap, not linked from any page (/blog/project/)",(sitemap)
https://pandaexteriors.com/blog/project/panda-ext-9728/,"listed only in the sitemap, not linked from any page (/blog/project/)",(sitemap)
https://pandaexteriors.com/blog/project/panda-ext-9737/,"listed only in the sitemap, not linked from any page (/blog/project/)",(sitemap)
https://pandaexteriors.com/blog/project/panda-ext-9738/,"listed only in the sitemap, not linked from any page (/blog/project/)",(sitemap)
https://pandaexteriors.com/blog/project/panda-ext-9739/,"listed only in the sitemap, not linked from any page (/blog/project/)",(sitemap)
https://pandaexteriors.com/blog/project/panda-ext-9740/,"listed only in the sitemap, not linked from any page (/blog/project/)",(sitemap)
https://pandaexteriors.com/blog/project/panda-ext-9743-2/,"listed only in the sitemap, not linked from any page (/blog/project/)",(sitemap)
https://pandaexteriors.com/blog/project/panda-ext-9743-3/,"listed only in the sitemap, not linked from any page (/blog/project/)",(sitemap)
https://pandaexteriors.com/blog/project/panda-ext-9743-4/,"listed only in the sitemap, not linked from any page (/blog/project/)",(sitemap)
https://pandaexteriors.com/blog/project/panda-ext-9743-5/,"listed only in the sitemap, not linked from any page (/blog/project/)",(sitemap)
https://pandaexteriors.com/blog/project/panda-ext-9743/,"listed only in the sitemap, not linked from any page (/blog/project/)",(sitemap)
https://pandaexteriors.com/blog/project/panda-ext-9744/,"listed only in the sitemap, not linked from any page (/blog/project/)",(sitemap)
https://pandaexteriors.com/blog/project/panda-ext-9745-2/,"listed only in the sitemap, not linked from any page (/blog/project/)",(sitemap)
https://pandaexteriors.com/blog/project/panda-ext-9745-3/,"listed only in the sitemap, not linked from any page (/blog/project/)",(sitemap)
https://pandaexteriors.com/blog/project/panda-ext-9745-4/,"listed only in the sitemap, not linked from any page (/blog/project/)",(sitemap)
https://pandaexteriors.com/blog/project/panda-ext-9745-5/,"listed only in the sitemap, not linked from any page (/blog/project/)",(sitemap)
https://pandaexteriors.com/blog/project/panda-ext-9745/,"listed only in the sitemap, not linked from any page (/blog/project/)",(sitemap)
https://pandaexteriors.com/blog/project/panda-ext-9750/,"listed only in the sitemap, not linked from any page (/blog/project/)",(sitemap)
https://pandaexteriors.com/blog/project/panda-ext-9752/,"listed only in the sitemap, not linked from any page (/blog/project/)",(sitemap)
https://pandaexteriors.com/blog/project/panda-ext-9753/,"listed only in the sitemap, not linked from any page (/blog/project/)",(sitemap)
https://pandaexteriors.com/blog/project/panda-ext-9755/,"listed only in the sitemap, not linked from any page (/blog/project/)",(sitemap)
https://pandaexteriors.com/blog/project/panda-ext-9756/,"listed only in the sitemap, not linked from any page (/blog/project/)",(sitemap)
https://pandaexteriors.com/blog/project/panda-ext-9757/,"listed only in the sitemap, not linked from any page (/blog/project/)",(sitemap)
https://pandaexteriors.com/blog/project/panda-ext-9758/,"listed only in the sitemap, not linked from any page (/blog/project/)",(sitemap)
https://pandaexteriors.com/blog/project/panda-ext-9760/,"listed only in the sitemap, not linked from any page (/blog/project/)",(sitemap)
https://pandaexteriors.com/blog/project/panda-ext-9761/,"listed only in the sitemap, not linked from any page (/blog/project/)",(sitemap)
https://pandaexteriors.com/blog/project/panda-ext-9763/,"listed only in the sitemap, not linked from any page (/blog/project/)",(sitemap)
https://pandaexteriors.com/blog/project/panda-ext-9765-2/,"listed only in the sitemap, not linked from any page (/blog/project/)",(sitemap)
https://pandaexteriors.com/blog/project/panda-ext-9765-3/,"listed only in the sitemap, not linked from any page (/blog/project/)",(sitemap)
https://pandaexteriors.com/blog/project/panda-ext-9765-4/,"listed only in the sitemap, not linked from any page (/blog/project/)",(sitemap)
https://pandaexteriors.com/blog/project/panda-ext-9765-5/,"listed only in the sitemap, not linked from any page (/blog/project/)",(sitemap)
https://pandaexteriors.com/blog/project/panda-ext-9765-6/,"listed only in the sitemap, not linked from any page (/blog/project/)",(sitemap)
https://pandaexteriors.com/blog/project/panda-ext-9765-7/,"listed only in the sitemap, not linked from any page (/blog/project/)",(sitemap)
https://pandaexteriors.com/blog/project/panda-ext-9765-8/,"listed only in the sitemap, not linked from any page (/blog/project/)",(sitemap)
https://pandaexteriors.com/blog/project/panda-ext-9765/,"listed only in the sitemap, not linked from any page (/blog/project/)",(sitemap)
https://pandaexteriors.com/blog/project/panda-ext-9766/,"listed only in the sitemap, not linked from any page (/blog/project/)",(sitemap)
https://pandaexteriors.com/blog/project/panda-ext-9768/,"listed only in the sitemap, not linked from any page (/blog/project/)",(sitemap)
https://pandaexteriors.com/blog/project/panda-ext-9769/,"listed only in the sitemap, not linked from any page (/blog/project/)",(sitemap)
https://pandaexteriors.com/blog/project/panda-ext-9770/,"listed only in the sitemap, not linked from any page (/blog/project/)",(sitemap)
https://pandaexteriors.com/blog/project/panda-ext-9772/,"listed only in the sitemap, not linked from any page (/blog/project/)",(sitemap)
https://pandaexteriors.com/blog/project/panda-ext-9775/,"listed only in the sitemap, not linked from any page (/blog/project/)",(sitemap)
https://pandaexteriors.com/blog/project/panda-ext-9782/,"listed only in the sitemap, not linked from any page (/blog/project/)",(sitemap)
https://pandaexteriors.com/blog/project/panda-ext-9784-2/,"listed only in the sitemap, not linked from any page (/blog/project/)",(sitemap)
https://pandaexteriors.com/blog/project/panda-ext-9784-3/,"listed only in the sitemap, not linked from any page (/blog/project/)",(sitemap)
https://pandaexteriors.com/blog/project/panda-ext-9784-4/,"listed only in the sitemap, not linked from any page (/blog/project/)",(sitemap)
https://pandaexteriors.com/blog/project/panda-ext-9784-5/,"listed only in the sitemap, not linked from any page (/blog/project/)",(sitemap)
https://pandaexteriors.com/blog/project/panda-ext-9784-6/,"listed only in the sitemap, not linked from any page (/blog/project/)",(sitemap)
https://pandaexteriors.com/blog/project/panda-ext-9784-7/,"listed only in the sitemap, not linked from any page (/blog/project/)",(sitemap)
https://pandaexteriors.com/blog/project/panda-ext-9784/,"listed only in the sitemap, not linked from any page (/blog/project/)",(sitemap)
https://pandaexteriors.com/blog/project/panda-ext-9787/,"listed only in the sitemap, not linked from any page (/blog/project/)",(sitemap)
https://pandaexteriors.com/blog/project/panda-ext-9788/,"listed only in the sitemap, not linked from any page (/blog/project/)",(sitemap)
https://pandaexteriors.com/blog/project/panda-ext-9791/,"listed only in the sitemap, not linked from any page (/blog/project/)",(sitemap)
https://pandaexteriors.com/blog/project/panda-ext-9792/,"listed only in the sitemap, not linked from any page (/blog/project/)",(sitemap)
https://pandaexteriors.com/blog/project/panda-ext-9793/,"listed only in the sitemap, not linked from any page (/blog/project/)",(sitemap)
https://pandaexteriors.com/blog/project/panda-ext-9795/,"listed only in the sitemap, not linked from any page (/blog/project/)",(sitemap)
https://pandaexteriors.com/blog/project/panda-ext-9796/,"listed only in the sitemap, not linked from any page (/blog/project/)",(sitemap)
https://pandaexteriors.com/blog/project/panda-ext-9797-2/,"listed only in the sitemap, not linked from any page (/blog/project/)",(sitemap)
https://pandaexteriors.com/blog/project/panda-ext-9797-3/,"listed only in the sitemap, not linked from any page (/blog/project/)",(sitemap)
https://pandaexteriors.com/blog/project/panda-ext-9797-4/,"listed only in the sitemap, not linked from any page (/blog/project/)",(sitemap)
https://pandaexteriors.com/blog/project/panda-ext-9797-5/,"listed only in the sitemap, not linked from any page (/blog/project/)",(sitemap)
https://pandaexteriors.com/blog/project/panda-ext-9797/,"listed only in the sitemap, not linked from any page (/blog/project/)",(sitemap)
https://pandaexteriors.com/blog/project/panda-ext-9798/,"listed only in the sitemap, not linked from any page (/blog/project/)",(sitemap)
https://pandaexteriors.com/blog/project/panda-ext-9799/,"listed only in the sitemap, not linked from any page (/blog/project/)",(sitemap)
https://pandaexteriors.com/blog/project/panda-ext-9801/,"listed only in the sitemap, not linked from any page (/blog/project/)",(sitemap)
https://pandaexteriors.com/blog/project/panda-ext-9802/,"listed only in the sitemap, not linked from any page (/blog/project/)",(sitemap)
https://pandaexteriors.com/blog/project/panda-ext-9804/,"listed only in the sitemap, not linked from any page (/blog/project/)",(sitemap)
https://pandaexteriors.com/blog/project/panda-ext-9807/,"listed only in the sitemap, not linked from any page (/blog/project/)",(sitemap)
https://pandaexteriors.com/blog/project/panda-ext-9808/,"listed only in the sitemap, not linked from any page (/blog/project/)",(sitemap)
https://pandaexteriors.com/blog/project/panda-ext-9812/,"listed only in the sitemap, not linked from any page (/blog/project/)",(sitemap)
https://pandaexteriors.com/blog/project/panda-ext-9813/,"listed only in the sitemap, not linked from any page (/blog/project/)",(sitemap)
https://pandaexteriors.com/blog/project/panda-ext-9814/,"listed only in the sitemap, not linked from any page (/blog/project/)",(sitemap)
https://pandaexteriors.com/blog/project/panda-ext-9815/,"listed only in the sitemap, not linked from any page (/blog/project/)",(sitemap)
https://pandaexteriors.com/blog/project/panda-ext-9816/,"listed only in the sitemap, not linked from any page (/blog/project/)",(sitemap)
https://pandaexteriors.com/blog/project/panda-ext-9821/,"listed only in the sitemap, not linked from any page (/blog/project/)",(sitemap)
https://pandaexteriors.com/blog/project/panda-ext-9823/,"listed only in the sitemap, not linked from any page (/blog/project/)",(sitemap)
https://pandaexteriors.com/blog/project/panda-ext-9824/,"listed only in the sitemap, not linked from any page (/blog/project/)",(sitemap)
https://pandaexteriors.com/blog/project/panda-ext-9825/,"listed only in the sitemap, not linked from any page (/blog/project/)",(sitemap)
https://pandaexteriors.com/blog/project/panda-ext-9829/,"listed only in the sitemap, not linked from any page (/blog/project/)",(sitemap)
https://pandaexteriors.com/blog/project/panda-ext-9830/,"listed only in the sitemap, not linked from any page (/blog/project/)",(sitemap)
https://pandaexteriors.com/blog/project/panda-ext-9831/,"listed only in the sitemap, not linked from any page (/blog/project/)",(sitemap)
https://pandaexteriors.com/blog/project/panda-ext-9832/,"listed only in the sitemap, not linked from any page (/blog/project/)",(sitemap)
https://pandaexteriors.com/blog/project/panda-ext-9833/,"listed only in the sitemap, not linked from any page (/blog/project/)",(sitemap)
https://pandaexteriors.com/blog/project/panda-ext-9835/,"listed only in the sitemap, not linked from any page (/blog/project/)",(sitemap)
https://pandaexteriors.com/blog/project/panda-ext-9836/,"listed only in the sitemap, not linked from any page (/blog/project/)",(sitemap)
https://pandaexteriors.com/blog/project/panda-ext-9838/,"listed only in the sitemap, not linked from any page (/blog/project/)",(sitemap)
https://pandaexteriors.com/blog/project/panda-ext-9841/,"listed only in the sitemap, not linked from any page (/blog/project/)",(sitemap)
https://pandaexteriors.com/blog/project/panda-ext-9842/,"listed only in the sitemap, not linked from any page (/blog/project/)",(sitemap)
https://pandaexteriors.com/blog/project/panda-ext-9843/,"listed only in the sitemap, not linked from any page (/blog/project/)",(sitemap)
https://pandaexteriors.com/blog/project/panda-ext-9846/,"listed only in the sitemap, not linked from any page (/blog/project/)",(sitemap)
https://pandaexteriors.com/blog/project/panda-ext-9850/,"listed only in the sitemap, not linked from any page (/blog/project/)",(sitemap)
https://pandaexteriors.com/blog/project/panda-ext-9853/,"listed only in the sitemap, not linked from any page (/blog/project/)",(sitemap)
https://pandaexteriors.com/blog/project/panda-ext-9854-2/,"listed only in the sitemap, not linked from any page (/blog/project/)",(sitemap)
https://pandaexteriors.com/blog/project/panda-ext-9854-3/,"listed only in the sitemap, not linked from any page (/blog/project/)",(sitemap)
https://pandaexteriors.com/blog/project/panda-ext-9854-4/,"listed only in the sitemap, not linked from any page (/blog/project/)",(sitemap)
https://pandaexteriors.com/blog/project/panda-ext-9854-5/,"listed only in the sitemap, not linked from any page (/blog/project/)",(sitemap)
https://pandaexteriors.com/blog/project/panda-ext-9854-6/,"listed only in the sitemap, not linked from any page (/blog/project/)",(sitemap)
https://pandaexteriors.com/blog/project/panda-ext-9854-7/,"listed only in the sitemap, not linked from any page (/blog/project/)",(sitemap)
https://pandaexteriors.com/blog/project/panda-ext-9854/,"listed only in the sitemap, not linked from any page (/blog/project/)",(sitemap)
https://pandaexteriors.com/blog/project/panda-ext-9856/,"listed only in the sitemap, not linked from any page (/blog/project/)",(sitemap)
https://pandaexteriors.com/blog/project/panda-ext-9859-2/,"listed only in the sitemap, not linked from any page (/blog/project/)",(sitemap)
https://pandaexteriors.com/blog/project/panda-ext-9859-3/,"listed only in the sitemap, not linked from any page (/blog/project/)",(sitemap)
https://pandaexteriors.com/blog/project/panda-ext-9859-4/,"listed only in the sitemap, not linked from any page (/blog/project/)",(sitemap)
https://pandaexteriors.com/blog/project/panda-ext-9859-5/,"listed only in the sitemap, not linked from any page (/blog/project/)",(sitemap)
https://pandaexteriors.com/blog/project/panda-ext-9859-6/,"listed only in the sitemap, not linked from any page (/blog/project/)",(sitemap)
https://pandaexteriors.com/blog/project/panda-ext-9859-7/,"listed only in the sitemap, not linked from any page (/blog/project/)",(sitemap)
https://pandaexteriors.com/blog/project/panda-ext-9859/,"listed only in the sitemap, not linked from any page (/blog/project/)",(sitemap)
https://pandaexteriors.com/blog/project/panda-ext-9860/,"listed only in the sitemap, not linked from any page (/blog/project/)",(sitemap)
https://pandaexteriors.com/blog/project/panda-ext-9862/,"listed only in the sitemap, not linked from any page (/blog/project/)",(sitemap)
https://pandaexteriors.com/blog/project/panda-ext-9863/,"listed only in the sitemap, not linked from any page (/blog/project/)",(sitemap)
https://pandaexteriors.com/blog/project/panda-ext-9864/,"listed only in the sitemap, not linked from any page (/blog/project/)",(sitemap)
https://pandaexteriors.com/blog/project/panda-ext-9867/,"listed only in the sitemap, not linked from any page (/blog/project/)",(sitemap)
https://pandaexteriors.com/blog/project/panda-ext-9871/,"listed only in the sitemap, not linked from any page (/blog/project/)",(sitemap)
https://pandaexteriors.com/blog/project/panda-ext-9872/,"listed only in the sitemap, not linked from any page (/blog/project/)",(sitemap)
https://pandaexteriors.com/blog/project/panda-ext-9876/,"listed only in the sitemap, not linked from any page (/blog/project/)",(sitemap)
https://pandaexteriors.com/blog/project/panda-ext-9880/,"listed only in the sitemap, not linked from any page (/blog/project/)",(sitemap)
https://pandaexteriors.com/blog/project/panda-ext-9882/,"listed only in the sitemap, not linked from any page (/blog/project/)",(sitemap)
https://pandaexteriors.com/blog/project/panda-ext-9883/,"listed only in the sitemap, not linked from any page (/blog/project/)",(sitemap)
https://pandaexteriors.com/blog/project/panda-ext-9884/,"listed only in the sitemap, not linked from any page (/blog/project/)",(sitemap)
https://pandaexteriors.com/blog/project/panda-ext-9887/,"listed only in the sitemap, not linked from any page (/blog/project/)",(sitemap)
https://pandaexteriors.com/blog/project/panda-ext-9888/,"listed only in the sitemap, not linked from any page (/blog/project/)",(sitemap)
https://pandaexteriors.com/blog/project/panda-ext-9889/,"listed only in the sitemap, not linked from any page (/blog/project/)",(sitemap)
https://pandaexteriors.com/blog/project/panda-ext-9890/,"listed only in the sitemap, not linked from any page (/blog/project/)",(sitemap)
https://pandaexteriors.com/blog/project/panda-ext-9893/,"listed only in the sitemap, not linked from any page (/blog/project/)",(sitemap)
https://pandaexteriors.com/blog/project/panda-ext-9898-2/,"listed only in the sitemap, not linked from any page (/blog/project/)",(sitemap)
https://pandaexteriors.com/blog/project/panda-ext-9898-3/,"listed only in the sitemap, not linked from any page (/blog/project/)",(sitemap)
https://pandaexteriors.com/blog/project/panda-ext-9898-4/,"listed only in the sitemap, not linked from any page (/blog/project/)",(sitemap)
https://pandaexteriors.com/blog/project/panda-ext-9898-5/,"listed only in the sitemap, not linked from any page (/blog/project/)",(sitemap)
https://pandaexteriors.com/blog/project/panda-ext-9898-6/,"listed only in the sitemap, not linked from any page (/blog/project/)",(sitemap)
https://pandaexteriors.com/blog/project/panda-ext-9898-7/,"listed only in the sitemap, not linked from any page (/blog/project/)",(sitemap)
https://pandaexteriors.com/blog/project/panda-ext-9898/,"listed only in the sitemap, not linked from any page (/blog/project/)",(sitemap)
https://pandaexteriors.com/blog/project/panda-ext-9899-2/,"listed only in the sitemap, not linked from any page (/blog/project/)",(sitemap)
https://pandaexteriors.com/blog/project/panda-ext-9899-3/,"listed only in the sitemap, not linked from any page (/blog/project/)",(sitemap)
https://pandaexteriors.com/blog/project/panda-ext-9899-4/,"listed only in the sitemap, not linked from any page (/blog/project/)",(sitemap)
https://pandaexteriors.com/blog/project/panda-ext-9899-5/,"listed only in the sitemap, not linked from any page (/blog/project/)",(sitemap)
https://pandaexteriors.com/blog/project/panda-ext-9899/,"listed only in the sitemap, not linked from any page (/blog/project/)",(sitemap)
https://pandaexteriors.com/blog/project/panda-ext-9901/,"listed only in the sitemap, not linked from any page (/blog/project/)",(sitemap)
https://pandaexteriors.com/blog/project/panda-ext-9902/,"listed only in the sitemap, not linked from any page (/blog/project/)",(sitemap)
https://pandaexteriors.com/blog/project/panda-ext-9903-2/,"listed only in the sitemap, not linked from any page (/blog/project/)",(sitemap)
https://pandaexteriors.com/blog/project/panda-ext-9903-3/,"listed only in the sitemap, not linked from any page (/blog/project/)",(sitemap)
https://pandaexteriors.com/blog/project/panda-ext-9903-4/,"listed only in the sitemap, not linked from any page (/blog/project/)",(sitemap)
https://pandaexteriors.com/blog/project/panda-ext-9903-5/,"listed only in the sitemap, not linked from any page (/blog/project/)",(sitemap)
https://pandaexteriors.com/blog/project/panda-ext-9903-6/,"listed only in the sitemap, not linked from any page (/blog/project/)",(sitemap)
https://pandaexteriors.com/blog/project/panda-ext-9903-7/,"listed only in the sitemap, not linked from any page (/blog/project/)",(sitemap)
https://pandaexteriors.com/blog/project/panda-ext-9903/,"listed only in the sitemap, not linked from any page (/blog/project/)",(sitemap)
https://pandaexteriors.com/blog/project/panda-ext-9904/,"listed only in the sitemap, not linked from any page (/blog/project/)",(sitemap)
https://pandaexteriors.com/blog/project/panda-ext-9905/,"listed only in the sitemap, not linked from any page (/blog/project/)",(sitemap)
https://pandaexteriors.com/blog/project/panda-ext-9909/,"listed only in the sitemap, not linked from any page (/blog/project/)",(sitemap)
https://pandaexteriors.com/blog/project/panda-ext-9910/,"listed only in the sitemap, not linked from any page (/blog/project/)",(sitemap)
https://pandaexteriors.com/blog/project/panda-ext-9917/,"listed only in the sitemap, not linked from any page (/blog/project/)",(sitemap)
https://pandaexteriors.com/blog/project/panda-ext-9919/,"listed only in the sitemap, not linked from any page (/blog/project/)",(sitemap)
https://pandaexteriors.com/blog/project/panda-ext-9920/,"listed only in the sitemap, not linked from any page (/blog/project/)",(sitemap)
https://pandaexteriors.com/blog/project/panda-ext-9921/,"listed only in the sitemap, not linked from any page (/blog/project/)",(sitemap)
https://pandaexteriors.com/blog/project/panda-ext-9922/,"listed only in the sitemap, not linked from any page (/blog/project/)",(sitemap)
https://pandaexteriors.com/blog/project/panda-ext-9923/,"listed only in the sitemap, not linked from any page (/blog/project/)",(sitemap)
https://pandaexteriors.com/blog/project/panda-ext-9925-2/,"listed only in the sitemap, not linked from any page (/blog/project/)",(sitemap)
https://pandaexteriors.com/blog/project/panda-ext-9925-3/,"listed only in the sitemap, not linked from any page (/blog/project/)",(sitemap)
https://pandaexteriors.com/blog/project/panda-ext-9925-4/,"listed only in the sitemap, not linked from any page (/blog/project/)",(sitemap)
https://pandaexteriors.com/blog/project/panda-ext-9925-5/,"listed only in the sitemap, not linked from any page (/blog/project/)",(sitemap)
https://pandaexteriors.com/blog/project/panda-ext-9925-6/,"listed only in the sitemap, not linked from any page (/blog/project/)",(sitemap)
https://pandaexteriors.com/blog/project/panda-ext-9925-7/,"listed only in the sitemap, not linked from any page (/blog/project/)",(sitemap)
https://pandaexteriors.com/blog/project/panda-ext-9925-8/,"listed only in the sitemap, not linked from any page (/blog/project/)",(sitemap)
https://pandaexteriors.com/blog/project/panda-ext-9925/,"listed only in the sitemap, not linked from any page (/blog/project/)",(sitemap)
https://pandaexteriors.com/blog/project/panda-ext-9926/,"listed only in the sitemap, not linked from any page (/blog/project/)",(sitemap)
https://pandaexteriors.com/blog/project/panda-ext-9929-2/,"listed only in the sitemap, not linked from any page (/blog/project/)",(sitemap)
https://pandaexteriors.com/blog/project/panda-ext-9929-3/,"listed only in the sitemap, not linked from any page (/blog/project/)",(sitemap)
https://pandaexteriors.com/blog/project/panda-ext-9929-4/,"listed only in the sitemap, not linked from any page (/blog/project/)",(sitemap)
https://pandaexteriors.com/blog/project/panda-ext-9929-5/,"listed only in the sitemap, not linked from any page (/blog/project/)",(sitemap)
https://pandaexteriors.com/blog/project/panda-ext-9929-6/,"listed only in the sitemap, not linked from any page (/blog/project/)",(sitemap)
https://pandaexteriors.com/blog/project/panda-ext-9929-7/,"listed only in the sitemap, not linked from any page (/blog/project/)",(sitemap)
https://pandaexteriors.com/blog/project/panda-ext-9929/,"listed only in the sitemap, not linked from any page (/blog/project/)",(sitemap)
https://pandaexteriors.com/blog/project/panda-ext-9932/,"listed only in the sitemap, not linked from any page (/blog/project/)",(sitemap)
https://pandaexteriors.com/blog/project/panda-ext-9933/,"listed only in the sitemap, not linked from any page (/blog/project/)",(sitemap)
https://pandaexteriors.com/blog/project/panda-ext-9944/,"listed only in the sitemap, not linked from any page (/blog/project/)",(sitemap)
https://pandaexteriors.com/blog/project/panda-ext-9946/,"listed only in the sitemap, not linked from any page (/blog/project/)",(sitemap)
https://pandaexteriors.com/blog/project/panda-ext-9952-2/,"listed only in the sitemap, not linked from any page (/blog/project/)",(sitemap)
https://pandaexteriors.com/blog/project/panda-ext-9952-3/,"listed only in the sitemap, not linked from any page (/blog/project/)",(sitemap)
https://pandaexteriors.com/blog/project/panda-ext-9952-4/,"listed only in the sitemap, not linked from any page (/blog/project/)",(sitemap)
https://pandaexteriors.com/blog/project/panda-ext-9952-5/,"listed only in the sitemap, not linked from any page (/blog/project/)",(sitemap)
https://pandaexteriors.com/blog/project/panda-ext-9952-6/,"listed only in the sitemap, not linked from any page (/blog/project/)",(sitemap)
https://pandaexteriors.com/blog/project/panda-ext-9952-7/,"listed only in the sitemap, not linked from any page (/blog/project/)",(sitemap)
https://pandaexteriors.com/blog/project/panda-ext-9952/,"listed only in the sitemap, not linked from any page (/blog/project/)",(sitemap)
https://pandaexteriors.com/blog/project/panda-ext-9953/,"listed only in the sitemap, not linked from any page (/blog/project/)",(sitemap)
https://pandaexteriors.com/blog/project/panda-ext-9955/,"listed only in the sitemap, not linked from any page (/blog/project/)",(sitemap)
https://pandaexteriors.com/blog/project/panda-ext-9956/,"listed only in the sitemap, not linked from any page (/blog/project/)",(sitemap)
https://pandaexteriors.com/blog/project/panda-ext-9958/,"listed only in the sitemap, not linked from any page (/blog/project/)",(sitemap)
https://pandaexteriors.com/blog/project/panda-ext-9961/,"listed only in the sitemap, not linked from any page (/blog/project/)",(sitemap)
https://pandaexteriors.com/blog/project/panda-ext-9964-2/,"listed only in the sitemap, not linked from any page (/blog/project/)",(sitemap)
https://pandaexteriors.com/blog/project/panda-ext-9964-3/,"listed only in the sitemap, not linked from any page (/blog/project/)",(sitemap)
https://pandaexteriors.com/blog/project/panda-ext-9964-4/,"listed only in the sitemap, not linked from any page (/blog/project/)",(sitemap)
https://pandaexteriors.com/blog/project/panda-ext-9964-5/,"listed only in the sitemap, not linked from any page (/blog/project/)",(sitemap)
https://pandaexteriors.com/blog/project/panda-ext-9964-6/,"listed only in the sitemap, not linked from any page (/blog/project/)",(sitemap)
https://pandaexteriors.com/blog/project/panda-ext-9964-7/,"listed only in the sitemap, not linked from any page (/blog/project/)",(sitemap)
https://pandaexteriors.com/blog/project/panda-ext-9964-8/,"listed only in the sitemap, not linked from any page (/blog/project/)",(sitemap)
https://pandaexteriors.com/blog/project/panda-ext-9964/,"listed only in the sitemap, not linked from any page (/blog/project/)",(sitemap)
https://pandaexteriors.com/blog/project/panda-ext-9970-2/,"listed only in the sitemap, not linked from any page (/blog/project/)",(sitemap)
https://pandaexteriors.com/blog/project/panda-ext-9970-3/,"listed only in the sitemap, not linked from any page (/blog/project/)",(sitemap)
https://pandaexteriors.com/blog/project/panda-ext-9970-4/,"listed only in the sitemap, not linked from any page (/blog/project/)",(sitemap)
https://pandaexteriors.com/blog/project/panda-ext-9970-5/,"listed only in the sitemap, not linked from any page (/blog/project/)",(sitemap)
https://pandaexteriors.com/blog/project/panda-ext-9970-6/,"listed only in the sitemap, not linked from any page (/blog/project/)",(sitemap)
https://pandaexteriors.com/blog/project/panda-ext-9970-7/,"listed only in the sitemap, not linked from any page (/blog/project/)",(sitemap)
https://pandaexteriors.com/blog/project/panda-ext-9970/,"listed only in the sitemap, not linked from any page (/blog/project/)",(sitemap)
https://pandaexteriors.com/blog/project/panda-ext-9971/,"listed only in the sitemap, not linked from any page (/blog/project/)",(sitemap)
https://pandaexteriors.com/blog/project/panda-ext-9972/,"listed only in the sitemap, not linked from any page (/blog/project/)",(sitemap)
https://pandaexteriors.com/blog/project/panda-ext-9974/,"listed only in the sitemap, not linked from any page (/blog/project/)",(sitemap)
https://pandaexteriors.com/blog/project/panda-ext-9977/,"listed only in the sitemap, not linked from any page (/blog/project/)",(sitemap)
https://pandaexteriors.com/blog/project/panda-ext-9978/,"listed only in the sitemap, not linked from any page (/blog/project/)",(sitemap)
https://pandaexteriors.com/blog/project/panda-ext-9982/,"listed only in the sitemap, not linked from any page (/blog/project/)",(sitemap)
https://pandaexteriors.com/blog/project/panda-ext-9983/,"listed only in the sitemap, not linked from any page (/blog/project/)",(sitemap)
https://pandaexteriors.com/blog/project/panda-ext-9984/,"listed only in the sitemap, not linked from any page (/blog/project/)",(sitemap)
https://pandaexteriors.com/blog/project/panda-ext-9986/,"listed only in the sitemap, not linked from any page (/blog/project/)",(sitemap)
https://pandaexteriors.com/blog/project/panda-ext-9987/,"listed only in the sitemap, not linked from any page (/blog/project/)",(sitemap)
https://pandaexteriors.com/blog/project/panda-ext-9991/,"listed only in the sitemap, not linked from any page (/blog/project/)",(sitemap)
https://pandaexteriors.com/blog/project/panda-ext-9992/,"listed only in the sitemap, not linked from any page (/blog/project/)",(sitemap)
https://pandaexteriors.com/blog/project/panda-ext-9996-2/,"listed only in the sitemap, not linked from any page (/blog/project/)",(sitemap)
https://pandaexteriors.com/blog/project/panda-ext-9996-3/,"listed only in the sitemap, not linked from any page (/blog/project/)",(sitemap)
https://pandaexteriors.com/blog/project/panda-ext-9996-4/,"listed only in the sitemap, not linked from any page (/blog/project/)",(sitemap)
https://pandaexteriors.com/blog/project/panda-ext-9996-5/,"listed only in the sitemap, not linked from any page (/blog/project/)",(sitemap)
https://pandaexteriors.com/blog/project/panda-ext-9996/,"listed only in the sitemap, not linked from any page (/blog/project/)",(sitemap)
https://pandaexteriors.com/blog/project/panda-ext-9998/,"listed only in the sitemap, not linked from any page (/blog/project/)",(sitemap)
https://pandaexteriors.com/blog/project/panda-ext-9999/,"listed only in the sitemap, not linked from any page (/blog/project/)",(sitemap)
https://pandaexteriors.com/blog/project/panda-pxt-14147/,"listed only in the sitemap, not linked from any page (/blog/project/)",(sitemap)
https://pandaexteriors.com/baltimore-md/,part of separate sub-site /baltimore-md/,
https://pandaexteriors.com/baltimore-md/about/,part of separate sub-site /baltimore-md/,https://pandaexteriors.com/baltimore-md/
https://pandaexteriors.com/baltimore-md/blog/,part of separate sub-site /baltimore-md/,https://pandaexteriors.com/baltimore-md/
https://pandaexteriors.com/baltimore-md/blog/offer/10-off-roof-replacement/,part of separate sub-site /baltimore-md/,https://pandaexteriors.com/baltimore-md/
https://pandaexteriors.com/baltimore-md/blog/offer/1500-off-solar-project/,part of separate sub-site /baltimore-md/,https://pandaexteriors.com/baltimore-md/
https://pandaexteriors.com/baltimore-md/blog/offer/find-out-about-our-no-interest-financial-options/,part of separate sub-site /baltimore-md/,https://pandaexteriors.com/baltimore-md/
https://pandaexteriors.com/baltimore-md/blog/offer/professional-remodels-backed-by-a-100-satisfaction-guarantee/,part of separate sub-site /baltimore-md/,https://pandaexteriors.com/baltimore-md/
https://pandaexteriors.com/baltimore-md/charity-and-community/,part of separate sub-site /baltimore-md/,https://pandaexteriors.com/baltimore-md/
https://pandaexteriors.com/baltimore-md/commerical-roofing/,part of separate sub-site /baltimore-md/,https://pandaexteriors.com/baltimore-md/
https://pandaexteriors.com/baltimore-md/commerical-roofing/roof-replacement/,part of separate sub-site /baltimore-md/,https://pandaexteriors.com/baltimore-md/
https://pandaexteriors.com/baltimore-md/commerical-roofing/roof-types/,part of separate sub-site /baltimore-md/,https://pandaexteriors.com/baltimore-md/
https://pandaexteriors.com/baltimore-md/contact-us/,part of separate sub-site /baltimore-md/,https://pandaexteriors.com/baltimore-md/
https://pandaexteriors.com/baltimore-md/customer-service/,part of separate sub-site /baltimore-md/,https://pandaexteriors.com/baltimore-md/
https://pandaexteriors.com/baltimore-md/faqs/,part of separate sub-site /baltimore-md/,https://pandaexteriors.com/baltimore-md/
https://pandaexteriors.com/baltimore-md/gallery/,part of separate sub-site /baltimore-md/,https://pandaexteriors.com/baltimore-md/
https://pandaexteriors.com/baltimore-md/gutters/,part of separate sub-site /baltimore-md/,https://pandaexteriors.com/baltimore-md/
https://pandaexteriors.com/baltimore-md/gutters/gutter-guards/,part of separate sub-site /baltimore-md/,https://pandaexteriors.com/baltimore-md/
https://pandaexteriors.com/baltimore-md/offers/,part of separate sub-site /baltimore-md/,https://pandaexteriors.com/baltimore-md/
https://pandaexteriors.com/baltimore-md/past-projects/,part of separate sub-site /baltimore-md/,https://pandaexteriors.com/baltimore-md/
https://pandaexteriors.com/baltimore-md/privacy-policy/,part of separate sub-site /baltimore-md/,https://pandaexteriors.com/baltimore-md/
https://pandaexteriors.com/baltimore-md/reviews/,part of separate sub-site /baltimore-md/,https://pandaexteriors.com/baltimore-md/
https://pandaexteriors.com/baltimore-md/roofing-costs/,part of separate sub-site /baltimore-md/,https://pandaexteriors.com/baltimore-md/
https://pandaexteriors.com/baltimore-md/roofing/,part of separate sub-site /baltimore-md/,https://pandaexteriors.com/baltimore-md/
https://pandaexteriors.com/baltimore-md/roofing/attic-insulation/,part of separate sub-site /baltimore-md/,https://pandaexteriors.com/baltimore-md/
https://pandaexteriors.com/baltimore-md/roofing/repairs/,part of separate sub-site /baltimore-md/,https://pandaexteriors.com/baltimore-md/
https://pandaexteriors.com/baltimore-md/roofing/replacement/,part of separate sub-site /baltimore-md/,https://pandaexteriors.com/baltimore-md/
https://pandaexteriors.com/baltimore-md/roofing/residential/,part of separate sub-site /baltimore-md/,https://pandaexteriors.com/baltimore-md/
https://pandaexteriors.com/baltimore-md/roofing/types/,part of separate sub-site /baltimore-md/,https://pandaexteriors.com/baltimore-md/
https://pandaexteriors.com/baltimore-md/services/,part of separate sub-site /baltimore-md/,https://pandaexteriors.com/baltimore-md/
https://pandaexteriors.com/baltimore-md/siding/,part of separate sub-site /baltimore-md/,https://pandaexteriors.com/baltimore-md/
https://pandaexteriors.com/baltimore-md/site-map/,part of separate sub-site /baltimore-md/,https://pandaexteriors.com/baltimore-md/
https://pandaexteriors.com/baltimore-md/solar/,part of separate sub-site /baltimore-md/,https://pandaexteriors.com/baltimore-md/
https://pandaexteriors.com/baltimore-md/solar/gaf-solar-roof/,part of separate sub-site /baltimore-md/,https://pandaexteriors.com/baltimore-md/
https://pandaexteriors.com/baltimore-md/solar/solar-panel-installations/,part of separate sub-site /baltimore-md/,https://pandaexteriors.com/baltimore-md/
https://pandaexteriors.com/baltimore-md/terms-and-conditions/,part of separate sub-site /baltimore-md/,https://pandaexteriors.com/baltimore-md/
https://pandaexteriors.com/charlotte-nc/,part of separate sub-site /charlotte-nc/,
https://pandaexteriors.com/charlotte-nc/about/,part of separate sub-site /charlotte-nc/,https://pandaexteriors.com/charlotte-nc/
https://pandaexteriors.com/charlotte-nc/blog/,part of separate sub-site /charlotte-nc/,https://pandaexteriors.com/charlotte-nc/
https://pandaexteriors.com/charlotte-nc/blog/offer/10-off-roof-replacement/,part of separate sub-site /charlotte-nc/,https://pandaexteriors.com/charlotte-nc/
https://pandaexteriors.com/charlotte-nc/blog/offer/1500-off-solar-project/,part of separate sub-site /charlotte-nc/,https://pandaexteriors.com/charlotte-nc/
https://pandaexteriors.com/charlotte-nc/blog/offer/find-out-about-our-no-interest-financial-options/,part of separate sub-site /charlotte-nc/,https://pandaexteriors.com/charlotte-nc/
https://pandaexteriors.com/charlotte-nc/blog/offer/professional-remodels-backed-by-a-100-satisfaction-guarantee/,part of separate sub-site /charlotte-nc/,https://pandaexteriors.com/charlotte-nc/
https://pandaexteriors.com/charlotte-nc/charity-and-community/,part of separate sub-site /charlotte-nc/,https://pandaexteriors.com/charlotte-nc/
https://pandaexteriors.com/charlotte-nc/commerical-roofing/,part of separate sub-site /charlotte-nc/,https://pandaexteriors.com/charlotte-nc/
https://pandaexteriors.com/charlotte-nc/commerical-roofing/roof-replacement/,part of separate sub-site /charlotte-nc/,https://pandaexteriors.com/charlotte-nc/
https://pandaexteriors.com/charlotte-nc/commerical-roofing/roof-types/,part of separate sub-site /charlotte-nc/,https://pandaexteriors.com/charlotte-nc/
https://pandaexteriors.com/charlotte-nc/contact-us/,part of separate sub-site /charlotte-nc/,https://pandaexteriors.com/charlotte-nc/
https://pandaexteriors.com/charlotte-nc/customer-service/,part of separate sub-site /charlotte-nc/,https://pandaexteriors.com/charlotte-nc/
https://pandaexteriors.com/charlotte-nc/faqs/,part of separate sub-site /charlotte-nc/,https://pandaexteriors.com/charlotte-nc/
https://pandaexteriors.com/charlotte-nc/gallery/,part of separate sub-site /charlotte-nc/,https://pandaexteriors.com/charlotte-nc/
https://pandaexteriors.com/charlotte-nc/gutters/,part of separate sub-site /charlotte-nc/,https://pandaexteriors.com/charlotte-nc/
https://pandaexteriors.com/charlotte-nc/gutters/gutter-guards/,part of separate sub-site /charlotte-nc/,https://pandaexteriors.com/charlotte-nc/
https://pandaexteriors.com/charlotte-nc/offers/,part of separate sub-site /charlotte-nc/,https://pandaexteriors.com/charlotte-nc/
https://pandaexteriors.com/charlotte-nc/past-projects/,part of separate sub-site /charlotte-nc/,https://pandaexteriors.com/charlotte-nc/
https://pandaexteriors.com/charlotte-nc/privacy-policy/,part of separate sub-site /charlotte-nc/,https://pandaexteriors.com/charlotte-nc/
https://pandaexteriors.com/charlotte-nc/reviews/,part of separate sub-site /charlotte-nc/,https://pandaexteriors.com/charlotte-nc/
https://pandaexteriors.com/charlotte-nc/roofing-costs/,part of separate sub-site /charlotte-nc/,https://pandaexteriors.com/charlotte-nc/
https://pandaexteriors.com/charlotte-nc/roofing/,part of separate sub-site /charlotte-nc/,https://pandaexteriors.com/charlotte-nc/
https://pandaexteriors.com/charlotte-nc/roofing/attic-insulation/,part of separate sub-site /charlotte-nc/,https://pandaexteriors.com/charlotte-nc/
https://pandaexteriors.com/charlotte-nc/roofing/repairs/,part of separate sub-site /charlotte-nc/,https://pandaexteriors.com/charlotte-nc/
https://pandaexteriors.com/charlotte-nc/roofing/replacement/,part of separate sub-site /charlotte-nc/,https://pandaexteriors.com/charlotte-nc/
https://pandaexteriors.com/charlotte-nc/roofing/residential/,part of separate sub-site /charlotte-nc/,https://pandaexteriors.com/charlotte-nc/
https://pandaexteriors.com/charlotte-nc/roofing/types/,part of separate sub-site /charlotte-nc/,https://pandaexteriors.com/charlotte-nc/
https://pandaexteriors.com/charlotte-nc/services/,part of separate sub-site /charlotte-nc/,https://pandaexteriors.com/charlotte-nc/
https://pandaexteriors.com/charlotte-nc/siding/,part of separate sub-site /charlotte-nc/,https://pandaexteriors.com/charlotte-nc/
https://pandaexteriors.com/charlotte-nc/site-map/,part of separate sub-site /charlotte-nc/,https://pandaexteriors.com/charlotte-nc/
https://pandaexteriors.com/charlotte-nc/solar/,part of separate sub-site /charlotte-nc/,https://pandaexteriors.com/charlotte-nc/
https://pandaexteriors.com/charlotte-nc/solar/gaf-solar-roof/,part of separate sub-site /charlotte-nc/,https://pandaexteriors.com/charlotte-nc/
https://pandaexteriors.com/charlotte-nc/solar/solar-panel-installations/,part of separate sub-site /charlotte-nc/,https://pandaexteriors.com/charlotte-nc/
https://pandaexteriors.com/charlotte-nc/terms-and-conditions/,part of separate sub-site /charlotte-nc/,https://pandaexteriors.com/charlotte-nc/
https://pandaexteriors.com/cherry-hill-nj/,part of separate sub-site /cherry-hill-nj/,
https://pandaexteriors.com/cherry-hill-nj/about/,part of separate sub-site /cherry-hill-nj/,https://pandaexteriors.com/cherry-hill-nj/
https://pandaexteriors.com/cherry-hill-nj/blog/,part of separate sub-site /cherry-hill-nj/,https://pandaexteriors.com/cherry-hill-nj/
https://pandaexteriors.com/cherry-hill-nj/blog/offer/10-off-roof-replacement/,part of separate sub-site /cherry-hill-nj/,https://pandaexteriors.com/cherry-hill-nj/
https://pandaexteriors.com/cherry-hill-nj/blog/offer/1500-off-solar-project/,part of separate sub-site /cherry-hill-nj/,https://pandaexteriors.com/cherry-hill-nj/
https://pandaexteriors.com/cherry-hill-nj/blog/offer/find-out-about-our-no-interest-financial-options/,part of separate sub-site /cherry-hill-nj/,https://pandaexteriors.com/cherry-hill-nj/
https://pandaexteriors.com/cherry-hill-nj/blog/offer/professional-remodels-backed-by-a-100-satisfaction-guarantee/,part of separate sub-site /cherry-hill-nj/,https://pandaexteriors.com/cherry-hill-nj/
https://pandaexteriors.com/cherry-hill-nj/charity-and-community/,part of separate sub-site /cherry-hill-nj/,https://pandaexteriors.com/cherry-hill-nj/
https://pandaexteriors.com/cherry-hill-nj/commerical-roofing/,part of separate sub-site /cherry-hill-nj/,https://pandaexteriors.com/cherry-hill-nj/
https://pandaexteriors.com/cherry-hill-nj/commerical-roofing/roof-replacement/,part of separate sub-site /cherry-hill-nj/,https://pandaexteriors.com/cherry-hill-nj/
https://pandaexteriors.com/cherry-hill-nj/commerical-roofing/roof-types/,part of separate sub-site /cherry-hill-nj/,https://pandaexteriors.com/cherry-hill-nj/
https://pandaexteriors.com/cherry-hill-nj/contact-us/,part of separate sub-site /cherry-hill-nj/,https://pandaexteriors.com/cherry-hill-nj/
https://pandaexteriors.com/cherry-hill-nj/customer-service/,part of separate sub-site /cherry-hill-nj/,https://pandaexteriors.com/cherry-hill-nj/
https://pandaexteriors.com/cherry-hill-nj/faqs/,part of separate sub-site /cherry-hill-nj/,https://pandaexteriors.com/cherry-hill-nj/
https://pandaexteriors.com/cherry-hill-nj/gallery/,part of separate sub-site /cherry-hill-nj/,https://pandaexteriors.com/cherry-hill-nj/
https://pandaexteriors.com/cherry-hill-nj/gutters/,part of separate sub-site /cherry-hill-nj/,https://pandaexteriors.com/cherry-hill-nj/
https://pandaexteriors.com/cherry-hill-nj/gutters/gutter-guards/,part of separate sub-site /cherry-hill-nj/,https://pandaexteriors.com/cherry-hill-nj/
https://pandaexteriors.com/cherry-hill-nj/offers/,part of separate sub-site /cherry-hill-nj/,https://pandaexteriors.com/cherry-hill-nj/
https://pandaexteriors.com/cherry-hill-nj/past-projects/,part of separate sub-site /cherry-hill-nj/,https://pandaexteriors.com/cherry-hill-nj/
https://pandaexteriors.com/cherry-hill-nj/privacy-policy/,part of separate sub-site /cherry-hill-nj/,https://pandaexteriors.com/cherry-hill-nj/
https://pandaexteriors.com/cherry-hill-nj/reviews/,part of separate sub-site /cherry-hill-nj/,https://pandaexteriors.com/cherry-hill-nj/
https://pandaexteriors.com/cherry-hill-nj/roofing-costs/,part of separate sub-site /cherry-hill-nj/,https://pandaexteriors.com/cherry-hill-nj/
https://pandaexteriors.com/cherry-hill-nj/roofing/,part of separate sub-site /cherry-hill-nj/,https://pandaexteriors.com/cherry-hill-nj/
https://pandaexteriors.com/cherry-hill-nj/roofing/attic-insulation/,part of separate sub-site /cherry-hill-nj/,https://pandaexteriors.com/cherry-hill-nj/
https://pandaexteriors.com/cherry-hill-nj/roofing/repairs/,part of separate sub-site /cherry-hill-nj/,https://pandaexteriors.com/cherry-hill-nj/
https://pandaexteriors.com/cherry-hill-nj/roofing/replacement/,part of separate sub-site /cherry-hill-nj/,https://pandaexteriors.com/cherry-hill-nj/
https://pandaexteriors.com/cherry-hill-nj/roofing/residential/,part of separate sub-site /cherry-hill-nj/,https://pandaexteriors.com/cherry-hill-nj/
https://pandaexteriors.com/cherry-hill-nj/roofing/types/,part of separate sub-site /cherry-hill-nj/,https://pandaexteriors.com/cherry-hill-nj/
https://pandaexteriors.com/cherry-hill-nj/services/,part of separate sub-site /cherry-hill-nj/,https://pandaexteriors.com/cherry-hill-nj/
https://pandaexteriors.com/cherry-hill-nj/siding/,part of separate sub-site /cherry-hill-nj/,https://pandaexteriors.com/cherry-hill-nj/
https://pandaexteriors.com/cherry-hill-nj/site-map/,part of separate sub-site /cherry-hill-nj/,https://pandaexteriors.com/cherry-hill-nj/
https://pandaexteriors.com/cherry-hill-nj/solar/,part of separate sub-site /cherry-hill-nj/,https://pandaexteriors.com/cherry-hill-nj/
https://pandaexteriors.com/cherry-hill-nj/solar/gaf-solar-roof/,part of separate sub-site /cherry-hill-nj/,https://pandaexteriors.com/cherry-hill-nj/
https://pandaexteriors.com/cherry-hill-nj/solar/solar-panel-installations/,part of separate sub-site /cherry-hill-nj/,https://pandaexteriors.com/cherry-hill-nj/
https://pandaexteriors.com/cherry-hill-nj/terms-and-conditions/,part of separate sub-site /cherry-hill-nj/,https://pandaexteriors.com/cherry-hill-nj/
https://pandaexteriors.com/dover-de/,part of separate sub-site /dover-de/,
https://pandaexteriors.com/dover-de/about/,part of separate sub-site /dover-de/,https://pandaexteriors.com/dover-de/
https://pandaexteriors.com/dover-de/blog/,part of separate sub-site /dover-de/,https://pandaexteriors.com/dover-de/
https://pandaexteriors.com/dover-de/blog/offer/10-off-roof-replacement/,part of separate sub-site /dover-de/,https://pandaexteriors.com/dover-de/
https://pandaexteriors.com/dover-de/blog/offer/1500-off-solar-project/,part of separate sub-site /dover-de/,https://pandaexteriors.com/dover-de/
https://pandaexteriors.com/dover-de/blog/offer/find-out-about-our-no-interest-financial-options/,part of separate sub-site /dover-de/,https://pandaexteriors.com/dover-de/
https://pandaexteriors.com/dover-de/blog/offer/professional-remodels-backed-by-a-100-satisfaction-guarantee/,part of separate sub-site /dover-de/,https://pandaexteriors.com/dover-de/
https://pandaexteriors.com/dover-de/charity-and-community/,part of separate sub-site /dover-de/,https://pandaexteriors.com/dover-de/
https://pandaexteriors.com/dover-de/commerical-roofing/,part of separate sub-site /dover-de/,https://pandaexteriors.com/dover-de/
https://pandaexteriors.com/dover-de/commerical-roofing/roof-replacement/,part of separate sub-site /dover-de/,https://pandaexteriors.com/dover-de/
https://pandaexteriors.com/dover-de/commerical-roofing/roof-types/,part of separate sub-site /dover-de/,https://pandaexteriors.com/dover-de/
https://pandaexteriors.com/dover-de/contact-us/,part of separate sub-site /dover-de/,https://pandaexteriors.com/dover-de/
https://pandaexteriors.com/dover-de/customer-service/,part of separate sub-site /dover-de/,https://pandaexteriors.com/dover-de/
https://pandaexteriors.com/dover-de/faqs/,part of separate sub-site /dover-de/,https://pandaexteriors.com/dover-de/
https://pandaexteriors.com/dover-de/gallery/,part of separate sub-site /dover-de/,https://pandaexteriors.com/dover-de/
https://pandaexteriors.com/dover-de/gutters/,part of separate sub-site /dover-de/,https://pandaexteriors.com/dover-de/
https://pandaexteriors.com/dover-de/gutters/gutter-guards/,part of separate sub-site /dover-de/,https://pandaexteriors.com/dover-de/
https://pandaexteriors.com/dover-de/offers/,part of separate sub-site /dover-de/,https://pandaexteriors.com/dover-de/
https://pandaexteriors.com/dover-de/past-projects/,part of separate sub-site /dover-de/,https://pandaexteriors.com/dover-de/
https://pandaexteriors.com/dover-de/privacy-policy/,part of separate sub-site /dover-de/,https://pandaexteriors.com/dover-de/
https://pandaexteriors.com/dover-de/reviews/,part of separate sub-site /dover-de/,https://pandaexteriors.com/dover-de/
https://pandaexteriors.com/dover-de/roofing-costs/,part of separate sub-site /dover-de/,https://pandaexteriors.com/dover-de/
https://pandaexteriors.com/dover-de/roofing/,part of separate sub-site /dover-de/,https://pandaexteriors.com/dover-de/
https://pandaexteriors.com/dover-de/roofing/attic-insulation/,part of separate sub-site /dover-de/,https://pandaexteriors.com/dover-de/
https://pandaexteriors.com/dover-de/roofing/repairs/,part of separate sub-site /dover-de/,https://pandaexteriors.com/dover-de/
https://pandaexteriors.com/dover-de/roofing/replacement/,part of separate sub-site /dover-de/,https://pandaexteriors.com/dover-de/
https://pandaexteriors.com/dover-de/roofing/residential/,part of separate sub-site /dover-de/,https://pandaexteriors.com/dover-de/
https://pandaexteriors.com/dover-de/roofing/types/,part of separate sub-site /dover-de/,https://pandaexteriors.com/dover-de/
https://pandaexteriors.com/dover-de/services/,part of separate sub-site /dover-de/,https://pandaexteriors.com/dover-de/
https://pandaexteriors.com/dover-de/siding/,part of separate sub-site /dover-de/,https://pandaexteriors.com/dover-de/
https://pandaexteriors.com/dover-de/site-map/,part of separate sub-site /dover-de/,https://pandaexteriors.com/dover-de/
https://pandaexteriors.com/dover-de/solar/,part of separate sub-site /dover-de/,https://pandaexteriors.com/dover-de/
https://pandaexteriors.com/dover-de/solar/gaf-solar-roof/,part of separate sub-site /dover-de/,https://pandaexteriors.com/dover-de/
https://pandaexteriors.com/dover-de/solar/solar-panel-installations/,part of separate sub-site /dover-de/,https://pandaexteriors.com/dover-de/
https://pandaexteriors.com/dover-de/terms-and-conditions/,part of separate sub-site /dover-de/,https://pandaexteriors.com/dover-de/
https://www.pandaexteriors.com/dover-de/,part of separate sub-site /dover-de/,https://pandaexteriors.com/site-map/
https://pandaexteriors.com/fairfax-va/,part of separate sub-site /fairfax-va/,
https://pandaexteriors.com/fairfax-va/about/,part of separate sub-site /fairfax-va/,https://pandaexteriors.com/fairfax-va/
https://pandaexteriors.com/fairfax-va/blog/,part of separate sub-site /fairfax-va/,https://pandaexteriors.com/fairfax-va/
https://pandaexteriors.com/fairfax-va/blog/offer/10-off-roof-replacement/,part of separate sub-site /fairfax-va/,https://pandaexteriors.com/fairfax-va/
https://pandaexteriors.com/fairfax-va/blog/offer/1500-off-solar-project/,part of separate sub-site /fairfax-va/,https://pandaexteriors.com/fairfax-va/
https://pandaexteriors.com/fairfax-va/blog/offer/find-out-about-our-no-interest-financial-options/,part of separate sub-site /fairfax-va/,https://pandaexteriors.com/fairfax-va/
https://pandaexteriors.com/fairfax-va/blog/offer/professional-remodels-backed-by-a-100-satisfaction-guarantee/,part of separate sub-site /fairfax-va/,https://pandaexteriors.com/fairfax-va/
https://pandaexteriors.com/fairfax-va/charity-and-community/,part of separate sub-site /fairfax-va/,https://pandaexteriors.com/fairfax-va/
https://pandaexteriors.com/fairfax-va/commerical-roofing/,part of separate sub-site /fairfax-va/,https://pandaexteriors.com/fairfax-va/
https://pandaexteriors.com/fairfax-va/commerical-roofing/roof-replacement/,part of separate sub-site /fairfax-va/,https://pandaexteriors.com/fairfax-va/
https://pandaexteriors.com/fairfax-va/commerical-roofing/roof-types/,part of separate sub-site /fairfax-va/,https://pandaexteriors.com/fairfax-va/
https://pandaexteriors.com/fairfax-va/contact-us/,part of separate sub-site /fairfax-va/,https://pandaexteriors.com/fairfax-va/
https://pandaexteriors.com/fairfax-va/customer-service/,part of separate sub-site /fairfax-va/,https://pandaexteriors.com/fairfax-va/
https://pandaexteriors.com/fairfax-va/faqs/,part of separate sub-site /fairfax-va/,https://pandaexteriors.com/fairfax-va/
https://pandaexteriors.com/fairfax-va/gallery/,part of separate sub-site /fairfax-va/,https://pandaexteriors.com/fairfax-va/
https://pandaexteriors.com/fairfax-va/gutters/,part of separate sub-site /fairfax-va/,https://pandaexteriors.com/fairfax-va/
https://pandaexteriors.com/fairfax-va/gutters/gutter-guards/,part of separate sub-site /fairfax-va/,https://pandaexteriors.com/fairfax-va/
https://pandaexteriors.com/fairfax-va/offers/,part of separate sub-site /fairfax-va/,https://pandaexteriors.com/fairfax-va/
https://pandaexteriors.com/fairfax-va/past-projects/,part of separate sub-site /fairfax-va/,https://pandaexteriors.com/fairfax-va/
https://pandaexteriors.com/fairfax-va/privacy-policy/,part of separate sub-site /fairfax-va/,https://pandaexteriors.com/fairfax-va/
https://pandaexteriors.com/fairfax-va/reviews/,part of separate sub-site /fairfax-va/,https://pandaexteriors.com/fairfax-va/
https://pandaexteriors.com/fairfax-va/roofing-costs/,part of separate sub-site /fairfax-va/,https://pandaexteriors.com/fairfax-va/
https://pandaexteriors.com/fairfax-va/roofing/,part of separate sub-site /fairfax-va/,https://pandaexteriors.com/fairfax-va/
https://pandaexteriors.com/fairfax-va/roofing/attic-insulation/,part of separate sub-site /fairfax-va/,https://pandaexteriors.com/fairfax-va/
https://pandaexteriors.com/fairfax-va/roofing/repairs/,part of separate sub-site /fairfax-va/,https://pandaexteriors.com/fairfax-va/
https://pandaexteriors.com/fairfax-va/roofing/replacement/,part of separate sub-site /fairfax-va/,https://pandaexteriors.com/fairfax-va/
https://pandaexteriors.com/fairfax-va/roofing/residential/,part of separate sub-site /fairfax-va/,https://pandaexteriors.com/fairfax-va/
https://pandaexteriors.com/fairfax-va/roofing/types/,part of separate sub-site /fairfax-va/,https://pandaexteriors.com/fairfax-va/
https://pandaexteriors.com/fairfax-va/services/,part of separate sub-site /fairfax-va/,https://pandaexteriors.com/fairfax-va/
https://pandaexteriors.com/fairfax-va/siding/,part of separate sub-site /fairfax-va/,https://pandaexteriors.com/fairfax-va/
https://pandaexteriors.com/fairfax-va/site-map/,part of separate sub-site /fairfax-va/,https://pandaexteriors.com/fairfax-va/
https://pandaexteriors.com/fairfax-va/solar/,part of separate sub-site /fairfax-va/,https://pandaexteriors.com/fairfax-va/
https://pandaexteriors.com/fairfax-va/solar/gaf-solar-roof/,part of separate sub-site /fairfax-va/,https://pandaexteriors.com/fairfax-va/
https://pandaexteriors.com/fairfax-va/solar/solar-panel-installations/,part of separate sub-site /fairfax-va/,https://pandaexteriors.com/fairfax-va/
https://pandaexteriors.com/fairfax-va/terms-and-conditions/,part of separate sub-site /fairfax-va/,https://pandaexteriors.com/fairfax-va/
https://www.pandaexteriors.com/fairfax-va/,part of separate sub-site /fairfax-va/,https://pandaexteriors.com/site-map/
https://pandaexteriors.com/greentree-nj/,part of separate sub-site /greentree-nj/,
https://pandaexteriors.com/greentree-nj/about/,part of separate sub-site /greentree-nj/,https://pandaexteriors.com/greentree-nj/
https://pandaexteriors.com/greentree-nj/blog/,part of separate sub-site /greentree-nj/,https://pandaexteriors.com/greentree-nj/
https://pandaexteriors.com/greentree-nj/blog/offer/10-off-roof-replacement/,part of separate sub-site /greentree-nj/,https://pandaexteriors.com/greentree-nj/
https://pandaexteriors.com/greentree-nj/blog/offer/1500-off-solar-project/,part of separate sub-site /greentree-nj/,https://pandaexteriors.com/greentree-nj/
https://pandaexteriors.com/greentree-nj/blog/offer/find-out-about-our-no-interest-financial-options/,part of separate sub-site /greentree-nj/,https://pandaexteriors.com/greentree-nj/
https://pandaexteriors.com/greentree-nj/blog/offer/professional-remodels-backed-by-a-100-satisfaction-guarantee/,part of separate sub-site /greentree-nj/,https://pandaexteriors.com/greentree-nj/
https://pandaexteriors.com/greentree-nj/charity-and-community/,part of separate sub-site /greentree-nj/,https://pandaexteriors.com/greentree-nj/
https://pandaexteriors.com/greentree-nj/commerical-roofing/,part of separate sub-site /greentree-nj/,https://pandaexteriors.com/greentree-nj/
https://pandaexteriors.com/greentree-nj/commerical-roofing/roof-replacement/,part of separate sub-site /greentree-nj/,https://pandaexteriors.com/greentree-nj/
https://pandaexteriors.com/greentree-nj/commerical-roofing/roof-types/,part of separate sub-site /greentree-nj/,https://pandaexteriors.com/greentree-nj/
https://pandaexteriors.com/greentree-nj/contact-us/,part of separate sub-site /greentree-nj/,https://pandaexteriors.com/greentree-nj/
https://pandaexteriors.com/greentree-nj/customer-service/,part of separate sub-site /greentree-nj/,https://pandaexteriors.com/greentree-nj/
https://pandaexteriors.com/greentree-nj/faqs/,part of separate sub-site /greentree-nj/,https://pandaexteriors.com/greentree-nj/
https://pandaexteriors.com/greentree-nj/gallery/,part of separate sub-site /greentree-nj/,https://pandaexteriors.com/greentree-nj/
https://pandaexteriors.com/greentree-nj/gutters/,part of separate sub-site /greentree-nj/,https://pandaexteriors.com/greentree-nj/
https://pandaexteriors.com/greentree-nj/gutters/gutter-guards/,part of separate sub-site /greentree-nj/,https://pandaexteriors.com/greentree-nj/
https://pandaexteriors.com/greentree-nj/offers/,part of separate sub-site /greentree-nj/,https://pandaexteriors.com/greentree-nj/
https://pandaexteriors.com/greentree-nj/past-projects/,part of separate sub-site /greentree-nj/,https://pandaexteriors.com/greentree-nj/
https://pandaexteriors.com/greentree-nj/privacy-policy/,part of separate sub-site /greentree-nj/,https://pandaexteriors.com/greentree-nj/
https://pandaexteriors.com/greentree-nj/reviews/,part of separate sub-site /greentree-nj/,https://pandaexteriors.com/greentree-nj/
https://pandaexteriors.com/greentree-nj/roofing-costs/,part of separate sub-site /greentree-nj/,https://pandaexteriors.com/greentree-nj/
https://pandaexteriors.com/greentree-nj/roofing/,part of separate sub-site /greentree-nj/,https://pandaexteriors.com/greentree-nj/
https://pandaexteriors.com/greentree-nj/roofing/attic-insulation/,part of separate sub-site /greentree-nj/,https://pandaexteriors.com/greentree-nj/
https://pandaexteriors.com/greentree-nj/roofing/repairs/,part of separate sub-site /greentree-nj/,https://pandaexteriors.com/greentree-nj/
https://pandaexteriors.com/greentree-nj/roofing/replacement/,part of separate sub-site /greentree-nj/,https://pandaexteriors.com/greentree-nj/
https://pandaexteriors.com/greentree-nj/roofing/residential/,part of separate sub-site /greentree-nj/,https://pandaexteriors.com/greentree-nj/
https://pandaexteriors.com/greentree-nj/roofing/types/,part of separate sub-site /greentree-nj/,https://pandaexteriors.com/greentree-nj/
https://pandaexteriors.com/greentree-nj/services/,part of separate sub-site /greentree-nj/,https://pandaexteriors.com/greentree-nj/
https://pandaexteriors.com/greentree-nj/siding/,part of separate sub-site /greentree-nj/,https://pandaexteriors.com/greentree-nj/
https://pandaexteriors.com/greentree-nj/site-map/,part of separate sub-site /greentree-nj/,https://pandaexteriors.com/greentree-nj/
https://pandaexteriors.com/greentree-nj/solar/,part of separate sub-site /greentree-nj/,https://pandaexteriors.com/greentree-nj/
https://pandaexteriors.com/greentree-nj/solar/gaf-solar-roof/,part of separate sub-site /greentree-nj/,https://pandaexteriors.com/greentree-nj/
https://pandaexteriors.com/greentree-nj/solar/solar-panel-installations/,part of separate sub-site /greentree-nj/,https://pandaexteriors.com/greentree-nj/
https://pandaexteriors.com/greentree-nj/terms-and-conditions/,part of separate sub-site /greentree-nj/,https://pandaexteriors.com/greentree-nj/
https://www.pandaexteriors.com/greentree-nj/,part of separate sub-site /greentree-nj/,https://pandaexteriors.com/site-map/
https://pandaexteriors.com/huntersville-nc/,part of separate sub-site /huntersville-nc/,
https://pandaexteriors.com/huntersville-nc/about/,part of separate sub-site /huntersville-nc/,https://pandaexteriors.com/huntersville-nc/
https://pandaexteriors.com/huntersville-nc/blog/,part of separate sub-site /huntersville-nc/,https://pandaexteriors.com/huntersville-nc/
https://pandaexteriors.com/huntersville-nc/blog/offer/10-off-roof-replacement/,part of separate sub-site /huntersville-nc/,https://pandaexteriors.com/huntersville-nc/
https://pandaexteriors.com/huntersville-nc/blog/offer/1500-off-solar-project/,part of separate sub-site /huntersville-nc/,https://pandaexteriors.com/huntersville-nc/
https://pandaexteriors.com/huntersville-nc/blog/offer/find-out-about-our-no-interest-financial-options/,part of separate sub-site /huntersville-nc/,https://pandaexteriors.com/huntersville-nc/
https://pandaexteriors.com/huntersville-nc/blog/offer/professional-remodels-backed-by-a-100-satisfaction-guarantee/,part of separate sub-site /huntersville-nc/,https://pandaexteriors.com/huntersville-nc/
https://pandaexteriors.com/huntersville-nc/charity-and-community/,part of separate sub-site /huntersville-nc/,https://pandaexteriors.com/huntersville-nc/
https://pandaexteriors.com/huntersville-nc/commerical-roofing/,part of separate sub-site /huntersville-nc/,https://pandaexteriors.com/huntersville-nc/
https://pandaexteriors.com/huntersville-nc/commerical-roofing/roof-replacement/,part of separate sub-site /huntersville-nc/,https://pandaexteriors.com/huntersville-nc/
https://pandaexteriors.com/huntersville-nc/commerical-roofing/roof-types/,part of separate sub-site /huntersville-nc/,https://pandaexteriors.com/huntersville-nc/
https://pandaexteriors.com/huntersville-nc/contact-us/,part of separate sub-site /huntersville-nc/,https://pandaexteriors.com/huntersville-nc/
https://pandaexteriors.com/huntersville-nc/customer-service/,part of separate sub-site /huntersville-nc/,https://pandaexteriors.com/huntersville-nc/
https://pandaexteriors.com/huntersville-nc/faqs/,part of separate sub-site /huntersville-nc/,https://pandaexteriors.com/huntersville-nc/
https://pandaexteriors.com/huntersville-nc/gallery/,part of separate sub-site /huntersville-nc/,https://pandaexteriors.com/huntersville-nc/
https://pandaexteriors.com/huntersville-nc/gutters/,part of separate sub-site /huntersville-nc/,https://pandaexteriors.com/huntersville-nc/
https://pandaexteriors.com/huntersville-nc/gutters/gutter-guards/,part of separate sub-site /huntersville-nc/,https://pandaexteriors.com/huntersville-nc/
https://pandaexteriors.com/huntersville-nc/offers/,part of separate sub-site /huntersville-nc/,https://pandaexteriors.com/huntersville-nc/
https://pandaexteriors.com/huntersville-nc/past-projects/,part of separate sub-site /huntersville-nc/,https://pandaexteriors.com/huntersville-nc/
https://pandaexteriors.com/huntersville-nc/powerwash/,part of separate sub-site /huntersville-nc/,https://pandaexteriors.com/huntersville-nc/
https://pandaexteriors.com/huntersville-nc/privacy-policy/,part of separate sub-site /huntersville-nc/,https://pandaexteriors.com/huntersville-nc/
https://pandaexteriors.com/huntersville-nc/reviews/,part of separate sub-site /huntersville-nc/,https://pandaexteriors.com/huntersville-nc/
https://pandaexteriors.com/huntersville-nc/roofing-costs/,part of separate sub-site /huntersville-nc/,https://pandaexteriors.com/huntersville-nc/
https://pandaexteriors.com/huntersville-nc/roofing/,part of separate sub-site /huntersville-nc/,https://pandaexteriors.com/huntersville-nc/
https://pandaexteriors.com/huntersville-nc/roofing/attic-insulation/,part of separate sub-site /huntersville-nc/,https://pandaexteriors.com/huntersville-nc/
https://pandaexteriors.com/huntersville-nc/roofing/repairs/,part of separate sub-site /huntersville-nc/,https://pandaexteriors.com/huntersville-nc/
https://pandaexteriors.com/huntersville-nc/roofing/replacement/,part of separate sub-site /huntersville-nc/,https://pandaexteriors.com/huntersville-nc/
https://pandaexteriors.com/huntersville-nc/roofing/residential/,part of separate sub-site /huntersville-nc/,https://pandaexteriors.com/huntersville-nc/
https://pandaexteriors.com/huntersville-nc/roofing/types/,part of separate sub-site /huntersville-nc/,https://pandaexteriors.com/huntersville-nc/
https://pandaexteriors.com/huntersville-nc/services/,part of separate sub-site /huntersville-nc/,https://pandaexteriors.com/huntersville-nc/
https://pandaexteriors.com/huntersville-nc/siding/,part of separate sub-site /huntersville-nc/,https://pandaexteriors.com/huntersville-nc/
https://pandaexteriors.com/huntersville-nc/site-map/,part of separate sub-site /huntersville-nc/,https://pandaexteriors.com/huntersville-nc/
https://pandaexteriors.com/huntersville-nc/solar/,part of separate sub-site /huntersville-nc/,https://pandaexteriors.com/huntersville-nc/
https://pandaexteriors.com/huntersville-nc/solar/gaf-solar-roof/,part of separate sub-site /huntersville-nc/,https://pandaexteriors.com/huntersville-nc/
https://pandaexteriors.com/huntersville-nc/solar/solar-panel-installations/,part of separate sub-site /huntersville-nc/,https://pandaexteriors.com/huntersville-nc/
https://pandaexteriors.com/huntersville-nc/terms-and-conditions/,part of separate sub-site /huntersville-nc/,https://pandaexteriors.com/huntersville-nc/
https://pandaexteriors.com/huntersville-nc/window-replacement/,part of separate sub-site /huntersville-nc/,https://pandaexteriors.com/huntersville-nc/
https://www.pandaexteriors.com/huntersville-nc/,part of separate sub-site /huntersville-nc/,https://pandaexteriors.com/site-map/
https://pandaexteriors.com/king-of-prussia-pa/,part of separate sub-site /king-of-prussia-pa/,
https://pandaexteriors.com/king-of-prussia-pa/about/,part of separate sub-site /king-of-prussia-pa/,https://pandaexteriors.com/king-of-prussia-pa/
https://pandaexteriors.com/king-of-prussia-pa/blog/,part of separate sub-site /king-of-prussia-pa/,https://pandaexteriors.com/king-of-prussia-pa/
https://pandaexteriors.com/king-of-prussia-pa/blog/offer/10-off-roof-replacement/,part of separate sub-site /king-of-prussia-pa/,https://pandaexteriors.com/king-of-prussia-pa/
https://pandaexteriors.com/king-of-prussia-pa/blog/offer/1500-off-solar-project/,part of separate sub-site /king-of-prussia-pa/,https://pandaexteriors.com/king-of-prussia-pa/
https://pandaexteriors.com/king-of-prussia-pa/blog/offer/find-out-about-our-no-interest-financial-options/,part of separate sub-site /king-of-prussia-pa/,https://pandaexteriors.com/king-of-prussia-pa/
https://pandaexteriors.com/king-of-prussia-pa/blog/offer/professional-remodels-backed-by-a-100-satisfaction-guarantee/,part of separate sub-site /king-of-prussia-pa/,https://pandaexteriors.com/king-of-prussia-pa/
https://pandaexteriors.com/king-of-prussia-pa/charity-and-community/,part of separate sub-site /king-of-prussia-pa/,https://pandaexteriors.com/king-of-prussia-pa/
https://pandaexteriors.com/king-of-prussia-pa/commerical-roofing/,part of separate sub-site /king-of-prussia-pa/,https://pandaexteriors.com/king-of-prussia-pa/
https://pandaexteriors.com/king-of-prussia-pa/commerical-roofing/roof-replacement/,part of separate sub-site /king-of-prussia-pa/,https://pandaexteriors.com/king-of-prussia-pa/
https://pandaexteriors.com/king-of-prussia-pa/commerical-roofing/roof-types/,part of separate sub-site /king-of-prussia-pa/,https://pandaexteriors.com/king-of-prussia-pa/
https://pandaexteriors.com/king-of-prussia-pa/contact-us/,part of separate sub-site /king-of-prussia-pa/,https://pandaexteriors.com/king-of-prussia-pa/
https://pandaexteriors.com/king-of-prussia-pa/customer-service/,part of separate sub-site /king-of-prussia-pa/,https://pandaexteriors.com/king-of-prussia-pa/
https://pandaexteriors.com/king-of-prussia-pa/faqs/,part of separate sub-site /king-of-prussia-pa/,https://pandaexteriors.com/king-of-prussia-pa/
https://pandaexteriors.com/king-of-prussia-pa/gallery/,part of separate sub-site /king-of-prussia-pa/,https://pandaexteriors.com/king-of-prussia-pa/
https://pandaexteriors.com/king-of-prussia-pa/gutters/,part of separate sub-site /king-of-prussia-pa/,https://pandaexteriors.com/king-of-prussia-pa/
https://pandaexteriors.com/king-of-prussia-pa/gutters/gutter-guards/,part of separate sub-site /king-of-prussia-pa/,https://pandaexteriors.com/king-of-prussia-pa/
https://pandaexteriors.com/king-of-prussia-pa/offers/,part of separate sub-site /king-of-prussia-pa/,https://pandaexteriors.com/king-of-prussia-pa/
https://pandaexteriors.com/king-of-prussia-pa/past-projects/,part of separate sub-site /king-of-prussia-pa/,https://pandaexteriors.com/king-of-prussia-pa/
https://pandaexteriors.com/king-of-prussia-pa/privacy-policy/,part of separate sub-site /king-of-prussia-pa/,https://pandaexteriors.com/king-of-prussia-pa/
https://pandaexteriors.com/king-of-prussia-pa/reviews/,part of separate sub-site /king-of-prussia-pa/,https://pandaexteriors.com/king-of-prussia-pa/
https://pandaexteriors.com/king-of-prussia-pa/roofing-costs/,part of separate sub-site /king-of-prussia-pa/,https://pandaexteriors.com/king-of-prussia-pa/
https://pandaexteriors.com/king-of-prussia-pa/roofing/,part of separate sub-site /king-of-prussia-pa/,https://pandaexteriors.com/king-of-prussia-pa/
https://pandaexteriors.com/king-of-prussia-pa/roofing/attic-insulation/,part of separate sub-site /king-of-prussia-pa/,https://pandaexteriors.com/king-of-prussia-pa/
https://pandaexteriors.com/king-of-prussia-pa/roofing/repairs/,part of separate sub-site /king-of-prussia-pa/,https://pandaexteriors.com/king-of-prussia-pa/
https://pandaexteriors.com/king-of-prussia-pa/roofing/replacement/,part of separate sub-site /king-of-prussia-pa/,https://pandaexteriors.com/king-of-prussia-pa/
https://pandaexteriors.com/king-of-prussia-pa/roofing/residential/,part of separate sub-site /king-of-prussia-pa/,https://pandaexteriors.com/king-of-prussia-pa/
https://pandaexteriors.com/king-of-prussia-pa/roofing/types/,part of separate sub-site /king-of-prussia-pa/,https://pandaexteriors.com/king-of-prussia-pa/
https://pandaexteriors.com/king-of-prussia-pa/services/,part of separate sub-site /king-of-prussia-pa/,https://pandaexteriors.com/king-of-prussia-pa/
https://pandaexteriors.com/king-of-prussia-pa/siding/,part of separate sub-site /king-of-prussia-pa/,https://pandaexteriors.com/king-of-prussia-pa/
https://pandaexteriors.com/king-of-prussia-pa/site-map/,part of separate sub-site /king-of-prussia-pa/,https://pandaexteriors.com/king-of-prussia-pa/
https://pandaexteriors.com/king-of-prussia-pa/solar/,part of separate sub-site /king-of-prussia-pa/,https://pandaexteriors.com/king-of-prussia-pa/
https://pandaexteriors.com/king-of-prussia-pa/solar/gaf-solar-roof/,part of separate sub-site /king-of-prussia-pa/,https://pandaexteriors.com/king-of-prussia-pa/
https://pandaexteriors.com/king-of-prussia-pa/solar/solar-panel-installations/,part of separate sub-site /king-of-prussia-pa/,https://pandaexteriors.com/king-of-prussia-pa/
https://pandaexteriors.com/king-of-prussia-pa/terms-and-conditions/,part of separate sub-site /king-of-prussia-pa/,https://pandaexteriors.com/king-of-prussia-pa/
https://www.pandaexteriors.com/king-of-prussia-pa/,part of separate sub-site /king-of-prussia-pa/,https://pandaexteriors.com/site-map/
https://pandaexteriors.com/laurel-md/,part of separate sub-site /laurel-md/,
https://pandaexteriors.com/laurel-md/about/,part of separate sub-site /laurel-md/,https://pandaexteriors.com/laurel-md/
https://pandaexteriors.com/laurel-md/blog/,part of separate sub-site /laurel-md/,https://pandaexteriors.com/laurel-md/
https://pandaexteriors.com/laurel-md/blog/offer/10-off-roof-replacement/,part of separate sub-site /laurel-md/,https://pandaexteriors.com/laurel-md/
https://pandaexteriors.com/laurel-md/blog/offer/1500-off-solar-project/,part of separate sub-site /laurel-md/,https://pandaexteriors.com/laurel-md/
https://pandaexteriors.com/laurel-md/blog/offer/find-out-about-our-no-interest-financial-options/,part of separate sub-site /laurel-md/,https://pandaexteriors.com/laurel-md/
https://pandaexteriors.com/laurel-md/blog/offer/professional-remodels-backed-by-a-100-satisfaction-guarantee/,part of separate sub-site /laurel-md/,https://pandaexteriors.com/laurel-md/
https://pandaexteriors.com/laurel-md/charity-and-community/,part of separate sub-site /laurel-md/,https://pandaexteriors.com/laurel-md/
https://pandaexteriors.com/laurel-md/commerical-roofing/,part of separate sub-site /laurel-md/,https://pandaexteriors.com/laurel-md/
https://pandaexteriors.com/laurel-md/commerical-roofing/roof-replacement/,part of separate sub-site /laurel-md/,https://pandaexteriors.com/laurel-md/
https://pandaexteriors.com/laurel-md/commerical-roofing/roof-types/,part of separate sub-site /laurel-md/,https://pandaexteriors.com/laurel-md/
https://pandaexteriors.com/laurel-md/contact-us/,part of separate sub-site /laurel-md/,https://pandaexteriors.com/laurel-md/
https://pandaexteriors.com/laurel-md/customer-service/,part of separate sub-site /laurel-md/,https://pandaexteriors.com/laurel-md/
https://pandaexteriors.com/laurel-md/faqs/,part of separate sub-site /laurel-md/,https://pandaexteriors.com/laurel-md/
https://pandaexteriors.com/laurel-md/gallery/,part of separate sub-site /laurel-md/,https://pandaexteriors.com/laurel-md/
https://pandaexteriors.com/laurel-md/gutters/,part of separate sub-site /laurel-md/,https://pandaexteriors.com/laurel-md/
https://pandaexteriors.com/laurel-md/gutters/gutter-guards/,part of separate sub-site /laurel-md/,https://pandaexteriors.com/laurel-md/
https://pandaexteriors.com/laurel-md/offers/,part of separate sub-site /laurel-md/,https://pandaexteriors.com/laurel-md/
https://pandaexteriors.com/laurel-md/past-projects/,part of separate sub-site /laurel-md/,https://pandaexteriors.com/laurel-md/
https://pandaexteriors.com/laurel-md/privacy-policy/,part of separate sub-site /laurel-md/,https://pandaexteriors.com/laurel-md/
https://pandaexteriors.com/laurel-md/reviews/,part of separate sub-site /laurel-md/,https://pandaexteriors.com/laurel-md/
https://pandaexteriors.com/laurel-md/roofing-costs/,part of separate sub-site /laurel-md/,https://pandaexteriors.com/laurel-md/
https://pandaexteriors.com/laurel-md/roofing/,part of separate sub-site /laurel-md/,https://pandaexteriors.com/laurel-md/
https://pandaexteriors.com/laurel-md/roofing/attic-insulation/,part of separate sub-site /laurel-md/,https://pandaexteriors.com/laurel-md/
https://pandaexteriors.com/laurel-md/roofing/repairs/,part of separate sub-site /laurel-md/,https://pandaexteriors.com/laurel-md/
https://pandaexteriors.com/laurel-md/roofing/replacement/,part of separate sub-site /laurel-md/,https://pandaexteriors.com/laurel-md/
https://pandaexteriors.com/laurel-md/roofing/residential/,part of separate sub-site /laurel-md/,https://pandaexteriors.com/laurel-md/
https://pandaexteriors.com/laurel-md/roofing/types/,part of separate sub-site /laurel-md/,https://pandaexteriors.com/laurel-md/
https://pandaexteriors.com/laurel-md/services/,part of separate sub-site /laurel-md/,https://pandaexteriors.com/laurel-md/
https://pandaexteriors.com/laurel-md/siding/,part of separate sub-site /laurel-md/,https://pandaexteriors.com/laurel-md/
https://pandaexteriors.com/laurel-md/site-map/,part of separate sub-site /laurel-md/,https://pandaexteriors.com/laurel-md/
https://pandaexteriors.com/laurel-md/solar/,part of separate sub-site /laurel-md/,https://pandaexteriors.com/laurel-md/
https://pandaexteriors.com/laurel-md/solar/gaf-solar-roof/,part of separate sub-site /laurel-md/,https://pandaexteriors.com/laurel-md/
https://pandaexteriors.com/laurel-md/solar/solar-panel-installations/,part of separate sub-site /laurel-md/,https://pandaexteriors.com/laurel-md/
https://pandaexteriors.com/laurel-md/terms-and-conditions/,part of separate sub-site /laurel-md/,https://pandaexteriors.com/laurel-md/
https://www.pandaexteriors.com/laurel-md/,part of separate sub-site /laurel-md/,https://pandaexteriors.com/site-map/
https://pandaexteriors.com/marlton-nj/,part of separate sub-site /marlton-nj/,
https://pandaexteriors.com/marlton-nj/about/,part of separate sub-site /marlton-nj/,https://pandaexteriors.com/marlton-nj/
https://pandaexteriors.com/marlton-nj/blog/,part of separate sub-site /marlton-nj/,https://pandaexteriors.com/marlton-nj/
https://pandaexteriors.com/marlton-nj/blog/offer/10-off-roof-replacement/,part of separate sub-site /marlton-nj/,https://pandaexteriors.com/marlton-nj/
https://pandaexteriors.com/marlton-nj/blog/offer/1500-off-solar-project/,part of separate sub-site /marlton-nj/,https://pandaexteriors.com/marlton-nj/
https://pandaexteriors.com/marlton-nj/blog/offer/find-out-about-our-no-interest-financial-options/,part of separate sub-site /marlton-nj/,https://pandaexteriors.com/marlton-nj/
https://pandaexteriors.com/marlton-nj/blog/offer/professional-remodels-backed-by-a-100-satisfaction-guarantee/,part of separate sub-site /marlton-nj/,https://pandaexteriors.com/marlton-nj/
https://pandaexteriors.com/marlton-nj/charity-and-community/,part of separate sub-site /marlton-nj/,https://pandaexteriors.com/marlton-nj/
https://pandaexteriors.com/marlton-nj/commerical-roofing/,part of separate sub-site /marlton-nj/,https://pandaexteriors.com/marlton-nj/
https://pandaexteriors.com/marlton-nj/commerical-roofing/roof-replacement/,part of separate sub-site /marlton-nj/,https://pandaexteriors.com/marlton-nj/
https://pandaexteriors.com/marlton-nj/commerical-roofing/roof-types/,part of separate sub-site /marlton-nj/,https://pandaexteriors.com/marlton-nj/
https://pandaexteriors.com/marlton-nj/contact-us/,part of separate sub-site /marlton-nj/,https://pandaexteriors.com/marlton-nj/
https://pandaexteriors.com/marlton-nj/customer-service/,part of separate sub-site /marlton-nj/,https://pandaexteriors.com/marlton-nj/
https://pandaexteriors.com/marlton-nj/faqs/,part of separate sub-site /marlton-nj/,https://pandaexteriors.com/marlton-nj/
https://pandaexteriors.com/marlton-nj/gallery/,part of separate sub-site /marlton-nj/,https://pandaexteriors.com/marlton-nj/
https://pandaexteriors.com/marlton-nj/gutters/,part of separate sub-site /marlton-nj/,https://pandaexteriors.com/marlton-nj/
https://pandaexteriors.com/marlton-nj/gutters/gutter-guards/,part of separate sub-site /marlton-nj/,https://pandaexteriors.com/marlton-nj/
https://pandaexteriors.com/marlton-nj/offers/,part of separate sub-site /marlton-nj/,https://pandaexteriors.com/marlton-nj/
https://pandaexteriors.com/marlton-nj/past-projects/,part of separate sub-site /marlton-nj/,https://pandaexteriors.com/marlton-nj/
https://pandaexteriors.com/marlton-nj/privacy-policy/,part of separate sub-site /marlton-nj/,https://pandaexteriors.com/marlton-nj/
https://pandaexteriors.com/marlton-nj/reviews/,part of separate sub-site /marlton-nj/,https://pandaexteriors.com/marlton-nj/
https://pandaexteriors.com/marlton-nj/roofing-costs/,part of separate sub-site /marlton-nj/,https://pandaexteriors.com/marlton-nj/
https://pandaexteriors.com/marlton-nj/roofing/,part of separate sub-site /marlton-nj/,https://pandaexteriors.com/marlton-nj/
https://pandaexteriors.com/marlton-nj/roofing/attic-insulation/,part of separate sub-site /marlton-nj/,https://pandaexteriors.com/marlton-nj/
https://pandaexteriors.com/marlton-nj/roofing/repairs/,part of separate sub-site /marlton-nj/,https://pandaexteriors.com/marlton-nj/
https://pandaexteriors.com/marlton-nj/roofing/replacement/,part of separate sub-site /marlton-nj/,https://pandaexteriors.com/marlton-nj/
https://pandaexteriors.com/marlton-nj/roofing/residential/,part of separate sub-site /marlton-nj/,https://pandaexteriors.com/marlton-nj/
https://pandaexteriors.com/marlton-nj/roofing/types/,part of separate sub-site /marlton-nj/,https://pandaexteriors.com/marlton-nj/
https://pandaexteriors.com/marlton-nj/services/,part of separate sub-site /marlton-nj/,https://pandaexteriors.com/marlton-nj/
https://pandaexteriors.com/marlton-nj/siding/,part of separate sub-site /marlton-nj/,https://pandaexteriors.com/marlton-nj/
https://pandaexteriors.com/marlton-nj/site-map/,part of separate sub-site /marlton-nj/,https://pandaexteriors.com/marlton-nj/
https://pandaexteriors.com/marlton-nj/solar/,part of separate sub-site /marlton-nj/,https://pandaexteriors.com/marlton-nj/
https://pandaexteriors.com/marlton-nj/solar/gaf-solar-roof/,part of separate sub-site /marlton-nj/,https://pandaexteriors.com/marlton-nj/
https://pandaexteriors.com/marlton-nj/solar/solar-panel-installations/,part of separate sub-site /marlton-nj/,https://pandaexteriors.com/marlton-nj/
https://pandaexteriors.com/marlton-nj/terms-and-conditions/,part of separate sub-site /marlton-nj/,https://pandaexteriors.com/marlton-nj/
https://www.pandaexteriors.com/marlton-nj/,part of separate sub-site /marlton-nj/,https://pandaexteriors.com/site-map/
https://pandaexteriors.com/marvin-nc/,part of separate sub-site /marvin-nc/,
https://pandaexteriors.com/marvin-nc/about/,part of separate sub-site /marvin-nc/,https://pandaexteriors.com/marvin-nc/
https://pandaexteriors.com/marvin-nc/blog/,part of separate sub-site /marvin-nc/,https://pandaexteriors.com/marvin-nc/
https://pandaexteriors.com/marvin-nc/blog/offer/10-off-roof-replacement/,part of separate sub-site /marvin-nc/,https://pandaexteriors.com/marvin-nc/
https://pandaexteriors.com/marvin-nc/blog/offer/1500-off-solar-project/,part of separate sub-site /marvin-nc/,https://pandaexteriors.com/marvin-nc/
https://pandaexteriors.com/marvin-nc/blog/offer/find-out-about-our-no-interest-financial-options/,part of separate sub-site /marvin-nc/,https://pandaexteriors.com/marvin-nc/
https://pandaexteriors.com/marvin-nc/blog/offer/professional-remodels-backed-by-a-100-satisfaction-guarantee/,part of separate sub-site /marvin-nc/,https://pandaexteriors.com/marvin-nc/
https://pandaexteriors.com/marvin-nc/charity-and-community/,part of separate sub-site /marvin-nc/,https://pandaexteriors.com/marvin-nc/
https://pandaexteriors.com/marvin-nc/commerical-roofing/,part of separate sub-site /marvin-nc/,https://pandaexteriors.com/marvin-nc/
https://pandaexteriors.com/marvin-nc/commerical-roofing/roof-replacement/,part of separate sub-site /marvin-nc/,https://pandaexteriors.com/marvin-nc/
https://pandaexteriors.com/marvin-nc/commerical-roofing/roof-types/,part of separate sub-site /marvin-nc/,https://pandaexteriors.com/marvin-nc/
https://pandaexteriors.com/marvin-nc/contact-us/,part of separate sub-site /marvin-nc/,https://pandaexteriors.com/marvin-nc/
https://pandaexteriors.com/marvin-nc/customer-service/,part of separate sub-site /marvin-nc/,https://pandaexteriors.com/marvin-nc/
https://pandaexteriors.com/marvin-nc/faqs/,part of separate sub-site /marvin-nc/,https://pandaexteriors.com/marvin-nc/
https://pandaexteriors.com/marvin-nc/gallery/,part of separate sub-site /marvin-nc/,https://pandaexteriors.com/marvin-nc/
https://pandaexteriors.com/marvin-nc/gutters/,part of separate sub-site /marvin-nc/,https://pandaexteriors.com/marvin-nc/
https://pandaexteriors.com/marvin-nc/gutters/gutter-guards/,part of separate sub-site /marvin-nc/,https://pandaexteriors.com/marvin-nc/
https://pandaexteriors.com/marvin-nc/offers/,part of separate sub-site /marvin-nc/,https://pandaexteriors.com/marvin-nc/
https://pandaexteriors.com/marvin-nc/past-projects/,part of separate sub-site /marvin-nc/,https://pandaexteriors.com/marvin-nc/
https://pandaexteriors.com/marvin-nc/privacy-policy/,part of separate sub-site /marvin-nc/,https://pandaexteriors.com/marvin-nc/
https://pandaexteriors.com/marvin-nc/reviews/,part of separate sub-site /marvin-nc/,https://pandaexteriors.com/marvin-nc/
https://pandaexteriors.com/marvin-nc/roofing-costs/,part of separate sub-site /marvin-nc/,https://pandaexteriors.com/marvin-nc/
https://pandaexteriors.com/marvin-nc/roofing/,part of separate sub-site /marvin-nc/,https://pandaexteriors.com/marvin-nc/
https://pandaexteriors.com/marvin-nc/roofing/attic-insulation/,part of separate sub-site /marvin-nc/,https://pandaexteriors.com/marvin-nc/
https://pandaexteriors.com/marvin-nc/roofing/repairs/,part of separate sub-site /marvin-nc/,https://pandaexteriors.com/marvin-nc/
https://pandaexteriors.com/marvin-nc/roofing/replacement/,part of separate sub-site /marvin-nc/,https://pandaexteriors.com/marvin-nc/
https://pandaexteriors.com/marvin-nc/roofing/residential/,part of separate sub-site /marvin-nc/,https://pandaexteriors.com/marvin-nc/
https://pandaexteriors.com/marvin-nc/roofing/types/,part of separate sub-site /marvin-nc/,https://pandaexteriors.com/marvin-nc/
https://pandaexteriors.com/marvin-nc/services/,part of separate sub-site /marvin-nc/,https://pandaexteriors.com/marvin-nc/
https://pandaexteriors.com/marvin-nc/siding/,part of separate sub-site /marvin-nc/,https://pandaexteriors.com/marvin-nc/
https://pandaexteriors.com/marvin-nc/site-map/,part of separate sub-site /marvin-nc/,https://pandaexteriors.com/marvin-nc/
https://pandaexteriors.com/marvin-nc/solar/,part of separate sub-site /marvin-nc/,https://pandaexteriors.com/marvin-nc/
https://pandaexteriors.com/marvin-nc/solar/gaf-solar-roof/,part of separate sub-site /marvin-nc/,https://pandaexteriors.com/marvin-nc/
https://pandaexteriors.com/marvin-nc/solar/solar-panel-installations/,part of separate sub-site /marvin-nc/,https://pandaexteriors.com/marvin-nc/
https://pandaexteriors.com/marvin-nc/terms-and-conditions/,part of separate sub-site /marvin-nc/,https://pandaexteriors.com/marvin-nc/
https://www.pandaexteriors.com/marvin-nc/,part of separate sub-site /marvin-nc/,https://pandaexteriors.com/site-map/
https://pandaexteriors.com/medford-nj/,part of separate sub-site /medford-nj/,
https://pandaexteriors.com/medford-nj/about/,part of separate sub-site /medford-nj/,https://pandaexteriors.com/medford-nj/
https://pandaexteriors.com/medford-nj/blog/,part of separate sub-site /medford-nj/,https://pandaexteriors.com/medford-nj/
https://pandaexteriors.com/medford-nj/blog/offer/10-off-roof-replacement/,part of separate sub-site /medford-nj/,https://pandaexteriors.com/medford-nj/
https://pandaexteriors.com/medford-nj/blog/offer/1500-off-solar-project/,part of separate sub-site /medford-nj/,https://pandaexteriors.com/medford-nj/
https://pandaexteriors.com/medford-nj/blog/offer/find-out-about-our-no-interest-financial-options/,part of separate sub-site /medford-nj/,https://pandaexteriors.com/medford-nj/
https://pandaexteriors.com/medford-nj/blog/offer/professional-remodels-backed-by-a-100-satisfaction-guarantee/,part of separate sub-site /medford-nj/,https://pandaexteriors.com/medford-nj/
https://pandaexteriors.com/medford-nj/charity-and-community/,part of separate sub-site /medford-nj/,https://pandaexteriors.com/medford-nj/
https://pandaexteriors.com/medford-nj/commerical-roofing/,part of separate sub-site /medford-nj/,https://pandaexteriors.com/medford-nj/
https://pandaexteriors.com/medford-nj/commerical-roofing/roof-replacement/,part of separate sub-site /medford-nj/,https://pandaexteriors.com/medford-nj/
https://pandaexteriors.com/medford-nj/commerical-roofing/roof-types/,part of separate sub-site /medford-nj/,https://pandaexteriors.com/medford-nj/
https://pandaexteriors.com/medford-nj/contact-us/,part of separate sub-site /medford-nj/,https://pandaexteriors.com/medford-nj/
https://pandaexteriors.com/medford-nj/customer-service/,part of separate sub-site /medford-nj/,https://pandaexteriors.com/medford-nj/
https://pandaexteriors.com/medford-nj/faqs/,part of separate sub-site /medford-nj/,https://pandaexteriors.com/medford-nj/
https://pandaexteriors.com/medford-nj/gallery/,part of separate sub-site /medford-nj/,https://pandaexteriors.com/medford-nj/
https://pandaexteriors.com/medford-nj/gutters/,part of separate sub-site /medford-nj/,https://pandaexteriors.com/medford-nj/
https://pandaexteriors.com/medford-nj/gutters/gutter-guards/,part of separate sub-site /medford-nj/,https://pandaexteriors.com/medford-nj/
https://pandaexteriors.com/medford-nj/offers/,part of separate sub-site /medford-nj/,https://pandaexteriors.com/medford-nj/
https://pandaexteriors.com/medford-nj/past-projects/,part of separate sub-site /medford-nj/,https://pandaexteriors.com/medford-nj/
https://pandaexteriors.com/medford-nj/privacy-policy/,part of separate sub-site /medford-nj/,https://pandaexteriors.com/medford-nj/
https://pandaexteriors.com/medford-nj/reviews/,part of separate sub-site /medford-nj/,https://pandaexteriors.com/medford-nj/
https://pandaexteriors.com/medford-nj/roofing-costs/,part of separate sub-site /medford-nj/,https://pandaexteriors.com/medford-nj/
https://pandaexteriors.com/medford-nj/roofing/,part of separate sub-site /medford-nj/,https://pandaexteriors.com/medford-nj/
https://pandaexteriors.com/medford-nj/roofing/attic-insulation/,part of separate sub-site /medford-nj/,https://pandaexteriors.com/medford-nj/
https://pandaexteriors.com/medford-nj/roofing/repairs/,part of separate sub-site /medford-nj/,https://pandaexteriors.com/medford-nj/
https://pandaexteriors.com/medford-nj/roofing/replacement/,part of separate sub-site /medford-nj/,https://pandaexteriors.com/medford-nj/
https://pandaexteriors.com/medford-nj/roofing/residential/,part of separate sub-site /medford-nj/,https://pandaexteriors.com/medford-nj/
https://pandaexteriors.com/medford-nj/roofing/types/,part of separate sub-site /medford-nj/,https://pandaexteriors.com/medford-nj/
https://pandaexteriors.com/medford-nj/services/,part of separate sub-site /medford-nj/,https://pandaexteriors.com/medford-nj/
https://pandaexteriors.com/medford-nj/siding/,part of separate sub-site /medford-nj/,https://pandaexteriors.com/medford-nj/
https://pandaexteriors.com/medford-nj/site-map/,part of separate sub-site /medford-nj/,https://pandaexteriors.com/medford-nj/
https://pandaexteriors.com/medford-nj/solar/,part of separate sub-site /medford-nj/,https://pandaexteriors.com/medford-nj/
https://pandaexteriors.com/medford-nj/solar/gaf-solar-roof/,part of separate sub-site /medford-nj/,https://pandaexteriors.com/medford-nj/
https://pandaexteriors.com/medford-nj/solar/solar-panel-installations/,part of separate sub-site /medford-nj/,https://pandaexteriors.com/medford-nj/
https://pandaexteriors.com/medford-nj/terms-and-conditions/,part of separate sub-site /medford-nj/,https://pandaexteriors.com/medford-nj/
https://www.pandaexteriors.com/medford-nj/,part of separate sub-site /medford-nj/,https://pandaexteriors.com/site-map/
https://pandaexteriors.com/philadelphia-pa/,part of separate sub-site /philadelphia-pa/,
https://pandaexteriors.com/philadelphia-pa/about/,part of separate sub-site /philadelphia-pa/,https://pandaexteriors.com/philadelphia-pa/
https://pandaexteriors.com/philadelphia-pa/blog/,part of separate sub-site /philadelphia-pa/,https://pandaexteriors.com/philadelphia-pa/
https://pandaexteriors.com/philadelphia-pa/blog/offer/10-off-roof-replacement/,part of separate sub-site /philadelphia-pa/,https://pandaexteriors.com/philadelphia-pa/
https://pandaexteriors.com/philadelphia-pa/blog/offer/1500-off-solar-project/,part of separate sub-site /philadelphia-pa/,https://pandaexteriors.com/philadelphia-pa/
https://pandaexteriors.com/philadelphia-pa/blog/offer/find-out-about-our-no-interest-financial-options/,part of separate sub-site /philadelphia-pa/,https://pandaexteriors.com/philadelphia-pa/
https://pandaexteriors.com/philadelphia-pa/blog/offer/professional-remodels-backed-by-a-100-satisfaction-guarantee/,part of separate sub-site /philadelphia-pa/,https://pandaexteriors.com/philadelphia-pa/
https://pandaexteriors.com/philadelphia-pa/charity-and-community/,part of separate sub-site /philadelphia-pa/,https://pandaexteriors.com/philadelphia-pa/
https://pandaexteriors.com/philadelphia-pa/commerical-roofing/,part of separate sub-site /philadelphia-pa/,https://pandaexteriors.com/philadelphia-pa/
https://pandaexteriors.com/philadelphia-pa/commerical-roofing/roof-replacement/,part of separate sub-site /philadelphia-pa/,https://pandaexteriors.com/philadelphia-pa/
https://pandaexteriors.com/philadelphia-pa/commerical-roofing/roof-types/,part of separate sub-site /philadelphia-pa/,https://pandaexteriors.com/philadelphia-pa/
https://pandaexteriors.com/philadelphia-pa/contact-us/,part of separate sub-site /philadelphia-pa/,https://pandaexteriors.com/philadelphia-pa/
https://pandaexteriors.com/philadelphia-pa/customer-service/,part of separate sub-site /philadelphia-pa/,https://pandaexteriors.com/philadelphia-pa/
https://pandaexteriors.com/philadelphia-pa/faqs/,part of separate sub-site /philadelphia-pa/,https://pandaexteriors.com/philadelphia-pa/
https://pandaexteriors.com/philadelphia-pa/gallery/,part of separate sub-site /philadelphia-pa/,https://pandaexteriors.com/philadelphia-pa/
https://pandaexteriors.com/philadelphia-pa/gutters/,part of separate sub-site /philadelphia-pa/,https://pandaexteriors.com/philadelphia-pa/
https://pandaexteriors.com/philadelphia-pa/gutters/gutter-guards/,part of separate sub-site /philadelphia-pa/,https://pandaexteriors.com/philadelphia-pa/
https://pandaexteriors.com/philadelphia-pa/offers/,part of separate sub-site /philadelphia-pa/,https://pandaexteriors.com/philadelphia-pa/
https://pandaexteriors.com/philadelphia-pa/past-projects/,part of separate sub-site /philadelphia-pa/,https://pandaexteriors.com/philadelphia-pa/
https://pandaexteriors.com/philadelphia-pa/privacy-policy/,part of separate sub-site /philadelphia-pa/,https://pandaexteriors.com/philadelphia-pa/
https://pandaexteriors.com/philadelphia-pa/reviews/,part of separate sub-site /philadelphia-pa/,https://pandaexteriors.com/philadelphia-pa/
https://pandaexteriors.com/philadelphia-pa/roofing-costs/,part of separate sub-site /philadelphia-pa/,https://pandaexteriors.com/philadelphia-pa/
https://pandaexteriors.com/philadelphia-pa/roofing/,part of separate sub-site /philadelphia-pa/,https://pandaexteriors.com/philadelphia-pa/
https://pandaexteriors.com/philadelphia-pa/roofing/attic-insulation/,part of separate sub-site /philadelphia-pa/,https://pandaexteriors.com/philadelphia-pa/
https://pandaexteriors.com/philadelphia-pa/roofing/repairs/,part of separate sub-site /philadelphia-pa/,https://pandaexteriors.com/philadelphia-pa/
https://pandaexteriors.com/philadelphia-pa/roofing/replacement/,part of separate sub-site /philadelphia-pa/,https://pandaexteriors.com/philadelphia-pa/
https://pandaexteriors.com/philadelphia-pa/roofing/residential/,part of separate sub-site /philadelphia-pa/,https://pandaexteriors.com/philadelphia-pa/
https://pandaexteriors.com/philadelphia-pa/roofing/types/,part of separate sub-site /philadelphia-pa/,https://pandaexteriors.com/philadelphia-pa/
https://pandaexteriors.com/philadelphia-pa/services/,part of separate sub-site /philadelphia-pa/,https://pandaexteriors.com/philadelphia-pa/
https://pandaexteriors.com/philadelphia-pa/siding/,part of separate sub-site /philadelphia-pa/,https://pandaexteriors.com/philadelphia-pa/
https://pandaexteriors.com/philadelphia-pa/site-map/,part of separate sub-site /philadelphia-pa/,https://pandaexteriors.com/philadelphia-pa/
https://pandaexteriors.com/philadelphia-pa/solar/,part of separate sub-site /philadelphia-pa/,https://pandaexteriors.com/philadelphia-pa/
https://pandaexteriors.com/philadelphia-pa/solar/gaf-solar-roof/,part of separate sub-site /philadelphia-pa/,https://pandaexteriors.com/philadelphia-pa/
https://pandaexteriors.com/philadelphia-pa/solar/solar-panel-installations/,part of separate sub-site /philadelphia-pa/,https://pandaexteriors.com/philadelphia-pa/
https://pandaexteriors.com/philadelphia-pa/terms-and-conditions/,part of separate sub-site /philadelphia-pa/,https://pandaexteriors.com/philadelphia-pa/
https://www.pandaexteriors.com/philadelphia-pa/,part of separate sub-site /philadelphia-pa/,https://pandaexteriors.com/site-map/
https://pandaexteriors.com/tampa-fl/,part of separate sub-site /tampa-fl/,
https://pandaexteriors.com/tampa-fl/about/,part of separate sub-site /tampa-fl/,https://pandaexteriors.com/tampa-fl/
https://pandaexteriors.com/tampa-fl/blog/,part of separate sub-site /tampa-fl/,https://pandaexteriors.com/tampa-fl/
https://pandaexteriors.com/tampa-fl/blog/offer/10-off-roof-replacement/,part of separate sub-site /tampa-fl/,https://pandaexteriors.com/tampa-fl/
https://pandaexteriors.com/tampa-fl/blog/offer/1500-off-solar-project/,part of separate sub-site /tampa-fl/,https://pandaexteriors.com/tampa-fl/
https://pandaexteriors.com/tampa-fl/blog/offer/find-out-about-our-no-interest-financial-options/,part of separate sub-site /tampa-fl/,https://pandaexteriors.com/tampa-fl/
https://pandaexteriors.com/tampa-fl/blog/offer/professional-remodels-backed-by-a-100-satisfaction-guarantee/,part of separate sub-site /tampa-fl/,https://pandaexteriors.com/tampa-fl/
https://pandaexteriors.com/tampa-fl/charity-and-community/,part of separate sub-site /tampa-fl/,https://pandaexteriors.com/tampa-fl/
https://pandaexteriors.com/tampa-fl/commerical-roofing/,part of separate sub-site /tampa-fl/,https://pandaexteriors.com/tampa-fl/
https://pandaexteriors.com/tampa-fl/commerical-roofing/roof-replacement/,part of separate sub-site /tampa-fl/,https://pandaexteriors.com/tampa-fl/
https://pandaexteriors.com/tampa-fl/commerical-roofing/roof-types/,part of separate sub-site /tampa-fl/,https://pandaexteriors.com/tampa-fl/
https://pandaexteriors.com/tampa-fl/contact-us/,part of separate sub-site /tampa-fl/,https://pandaexteriors.com/tampa-fl/
https://pandaexteriors.com/tampa-fl/customer-service/,part of separate sub-site /tampa-fl/,https://pandaexteriors.com/tampa-fl/
https://pandaexteriors.com/tampa-fl/faqs/,part of separate sub-site /tampa-fl/,https://pandaexteriors.com/tampa-fl/
https://pandaexteriors.com/tampa-fl/gallery/,part of separate sub-site /tampa-fl/,https://pandaexteriors.com/tampa-fl/
https://pandaexteriors.com/tampa-fl/gutters/,part of separate sub-site /tampa-fl/,https://pandaexteriors.com/tampa-fl/
https://pandaexteriors.com/tampa-fl/gutters/gutter-guards/,part of separate sub-site /tampa-fl/,https://pandaexteriors.com/tampa-fl/
https://pandaexteriors.com/tampa-fl/offers/,part of separate sub-site /tampa-fl/,https://pandaexteriors.com/tampa-fl/
https://pandaexteriors.com/tampa-fl/privacy-policy/,part of separate sub-site /tampa-fl/,https://pandaexteriors.com/tampa-fl/
https://pandaexteriors.com/tampa-fl/reviews/,part of separate sub-site /tampa-fl/,https://pandaexteriors.com/tampa-fl/
https://pandaexteriors.com/tampa-fl/roofing-costs/,part of separate sub-site /tampa-fl/,https://pandaexteriors.com/tampa-fl/
https://pandaexteriors.com/tampa-fl/roofing/,part of separate sub-site /tampa-fl/,https://pandaexteriors.com/tampa-fl/
https://pandaexteriors.com/tampa-fl/roofing/attic-insulation/,part of separate sub-site /tampa-fl/,https://pandaexteriors.com/tampa-fl/
https://pandaexteriors.com/tampa-fl/roofing/repairs/,part of separate sub-site /tampa-fl/,https://pandaexteriors.com/tampa-fl/
https://pandaexteriors.com/tampa-fl/roofing/replacement/,part of separate sub-site /tampa-fl/,https://pandaexteriors.com/tampa-fl/
https://pandaexteriors.com/tampa-fl/roofing/residential/,part of separate sub-site /tampa-fl/,https://pandaexteriors.com/tampa-fl/
https://pandaexteriors.com/tampa-fl/roofing/types/,part of separate sub-site /tampa-fl/,https://pandaexteriors.com/tampa-fl/
https://pandaexteriors.com/tampa-fl/services/,part of separate sub-site /tampa-fl/,https://pandaexteriors.com/tampa-fl/
https://pandaexteriors.com/tampa-fl/siding/,part of separate sub-site /tampa-fl/,https://pandaexteriors.com/tampa-fl/
https://pandaexteriors.com/tampa-fl/site-map/,part of separate sub-site /tampa-fl/,https://pandaexteriors.com/tampa-fl/
https://pandaexteriors.com/tampa-fl/solar/,part of separate sub-site /tampa-fl/,https://pandaexteriors.com/tampa-fl/
https://pandaexteriors.com/tampa-fl/solar/gaf-solar-roof/,part of separate sub-site /tampa-fl/,https://pandaexteriors.com/tampa-fl/
https://pandaexteriors.com/tampa-fl/solar/solar-panel-installations/,part of separate sub-site /tampa-fl/,https://pandaexteriors.com/tampa-fl/
https://pandaexteriors.com/tampa-fl/terms-and-conditions/,part of separate sub-site /tampa-fl/,https://pandaexteriors.com/tampa-fl/
https://pandaexteriors.com/washington-dc/,part of separate sub-site /washington-dc/,
https://pandaexteriors.com/washington-dc/about/,part of separate sub-site /washington-dc/,https://pandaexteriors.com/washington-dc/
https://pandaexteriors.com/washington-dc/blog/,part of separate sub-site /washington-dc/,https://pandaexteriors.com/washington-dc/
https://pandaexteriors.com/washington-dc/blog/offer/10-off-roof-replacement/,part of separate sub-site /washington-dc/,https://pandaexteriors.com/washington-dc/
https://pandaexteriors.com/washington-dc/blog/offer/1500-off-solar-project/,part of separate sub-site /washington-dc/,https://pandaexteriors.com/washington-dc/
https://pandaexteriors.com/washington-dc/blog/offer/find-out-about-our-no-interest-financial-options/,part of separate sub-site /washington-dc/,https://pandaexteriors.com/washington-dc/
https://pandaexteriors.com/washington-dc/blog/offer/professional-remodels-backed-by-a-100-satisfaction-guarantee/,part of separate sub-site /washington-dc/,https://pandaexteriors.com/washington-dc/
https://pandaexteriors.com/washington-dc/charity-and-community/,part of separate sub-site /washington-dc/,https://pandaexteriors.com/washington-dc/
https://pandaexteriors.com/washington-dc/commerical-roofing/,part of separate sub-site /washington-dc/,https://pandaexteriors.com/washington-dc/
https://pandaexteriors.com/washington-dc/commerical-roofing/roof-replacement/,part of separate sub-site /washington-dc/,https://pandaexteriors.com/washington-dc/
https://pandaexteriors.com/washington-dc/commerical-roofing/roof-types/,part of separate sub-site /washington-dc/,https://pandaexteriors.com/washington-dc/
https://pandaexteriors.com/washington-dc/contact-us/,part of separate sub-site /washington-dc/,https://pandaexteriors.com/washington-dc/
https://pandaexteriors.com/washington-dc/customer-service/,part of separate sub-site /washington-dc/,https://pandaexteriors.com/washington-dc/
https://pandaexteriors.com/washington-dc/faqs/,part of separate sub-site /washington-dc/,https://pandaexteriors.com/washington-dc/
https://pandaexteriors.com/washington-dc/gallery/,part of separate sub-site /washington-dc/,https://pandaexteriors.com/washington-dc/
https://pandaexteriors.com/washington-dc/gutters/,part of separate sub-site /washington-dc/,https://pandaexteriors.com/washington-dc/
https://pandaexteriors.com/washington-dc/gutters/gutter-guards/,part of separate sub-site /washington-dc/,https://pandaexteriors.com/washington-dc/
https://pandaexteriors.com/washington-dc/offers/,part of separate sub-site /washington-dc/,https://pandaexteriors.com/washington-dc/
https://pandaexteriors.com/washington-dc/past-projects/,part of separate sub-site /washington-dc/,https://pandaexteriors.com/washington-dc/
https://pandaexteriors.com/washington-dc/privacy-policy/,part of separate sub-site /washington-dc/,https://pandaexteriors.com/washington-dc/
https://pandaexteriors.com/washington-dc/reviews/,part of separate sub-site /washington-dc/,https://pandaexteriors.com/washington-dc/
https://pandaexteriors.com/washington-dc/roofing-costs/,part of separate sub-site /washington-dc/,https://pandaexteriors.com/washington-dc/
https://pandaexteriors.com/washington-dc/roofing/,part of separate sub-site /washington-dc/,https://pandaexteriors.com/washington-dc/
https://pandaexteriors.com/washington-dc/roofing/attic-insulation/,part of separate sub-site /washington-dc/,https://pandaexteriors.com/washington-dc/
https://pandaexteriors.com/washington-dc/roofing/repairs/,part of separate sub-site /washington-dc/,https://pandaexteriors.com/washington-dc/
https://pandaexteriors.com/washington-dc/roofing/replacement/,part of separate sub-site /washington-dc/,https://pandaexteriors.com/washington-dc/
https://pandaexteriors.com/washington-dc/roofing/residential/,part of separate sub-site /washington-dc/,https://pandaexteriors.com/washington-dc/
https://pandaexteriors.com/washington-dc/roofing/types/,part of separate sub-site /washington-dc/,https://pandaexteriors.com/washington-dc/
https://pandaexteriors.com/washington-dc/services/,part of separate sub-site /washington-dc/,https://pandaexteriors.com/washington-dc/
https://pandaexteriors.com/washington-dc/siding/,part of separate sub-site /washington-dc/,https://pandaexteriors.com/washington-dc/
https://pandaexteriors.com/washington-dc/site-map/,part of separate sub-site /washington-dc/,https://pandaexteriors.com/washington-dc/
https://pandaexteriors.com/washington-dc/solar/,part of separate sub-site /washington-dc/,https://pandaexteriors.com/washington-dc/
https://pandaexteriors.com/washington-dc/solar/gaf-solar-roof/,part of separate sub-site /washington-dc/,https://pandaexteriors.com/washington-dc/
https://pandaexteriors.com/washington-dc/solar/solar-panel-installations/,part of separate sub-site /washington-dc/,https://pandaexteriors.com/washington-dc/
https://pandaexteriors.com/washington-dc/terms-and-conditions/,part of separate sub-site /washington-dc/,https://pandaexteriors.com/washington-dc/
https://www.pandaexteriors.com/washington-dc/,part of separate sub-site /washington-dc/,https://pandaexteriors.com/site-map/
https://pandaexteriors.com/west-laurel-md/,part of separate sub-site /west-laurel-md/,
https://pandaexteriors.com/west-laurel-md/about/,part of separate sub-site /west-laurel-md/,https://pandaexteriors.com/west-laurel-md/
https://pandaexteriors.com/west-laurel-md/blog/,part of separate sub-site /west-laurel-md/,https://pandaexteriors.com/west-laurel-md/
https://pandaexteriors.com/west-laurel-md/blog/offer/10-off-roof-replacement/,part of separate sub-site /west-laurel-md/,https://pandaexteriors.com/west-laurel-md/
https://pandaexteriors.com/west-laurel-md/blog/offer/1500-off-solar-project/,part of separate sub-site /west-laurel-md/,https://pandaexteriors.com/west-laurel-md/
https://pandaexteriors.com/west-laurel-md/blog/offer/find-out-about-our-no-interest-financial-options/,part of separate sub-site /west-laurel-md/,https://pandaexteriors.com/west-laurel-md/
https://pandaexteriors.com/west-laurel-md/blog/offer/professional-remodels-backed-by-a-100-satisfaction-guarantee/,part of separate sub-site /west-laurel-md/,https://pandaexteriors.com/west-laurel-md/
https://pandaexteriors.com/west-laurel-md/charity-and-community/,part of separate sub-site /west-laurel-md/,https://pandaexteriors.com/west-laurel-md/
https://pandaexteriors.com/west-laurel-md/commerical-roofing/,part of separate sub-site /west-laurel-md/,https://pandaexteriors.com/west-laurel-md/
https://pandaexteriors.com/west-laurel-md/commerical-roofing/roof-replacement/,part of separate sub-site /west-laurel-md/,https://pandaexteriors.com/west-laurel-md/
https://pandaexteriors.com/west-laurel-md/commerical-roofing/roof-types/,part of separate sub-site /west-laurel-md/,https://pandaexteriors.com/west-laurel-md/
https://pandaexteriors.com/west-laurel-md/contact-us/,part of separate sub-site /west-laurel-md/,https://pandaexteriors.com/west-laurel-md/
https://pandaexteriors.com/west-laurel-md/customer-service/,part of separate sub-site /west-laurel-md/,https://pandaexteriors.com/west-laurel-md/
https://pandaexteriors.com/west-laurel-md/faqs/,part of separate sub-site /west-laurel-md/,https://pandaexteriors.com/west-laurel-md/
https://pandaexteriors.com/west-laurel-md/gallery/,part of separate sub-site /west-laurel-md/,https://pandaexteriors.com/west-laurel-md/
https://pandaexteriors.com/west-laurel-md/gutters/,part of separate sub-site /west-laurel-md/,https://pandaexteriors.com/west-laurel-md/
https://pandaexteriors.com/west-laurel-md/gutters/gutter-guards/,part of separate sub-site /west-laurel-md/,https://pandaexteriors.com/west-laurel-md/
https://pandaexteriors.com/west-laurel-md/offers/,part of separate sub-site /west-laurel-md/,https://pandaexteriors.com/west-laurel-md/
https://pandaexteriors.com/west-laurel-md/past-projects/,part of separate sub-site /west-laurel-md/,https://pandaexteriors.com/west-laurel-md/
https://pandaexteriors.com/west-laurel-md/privacy-policy/,part of separate sub-site /west-laurel-md/,https://pandaexteriors.com/west-laurel-md/
https://pandaexteriors.com/west-laurel-md/reviews/,part of separate sub-site /west-laurel-md/,https://pandaexteriors.com/west-laurel-md/
https://pandaexteriors.com/west-laurel-md/roofing-costs/,part of separate sub-site /west-laurel-md/,https://pandaexteriors.com/west-laurel-md/
https://pandaexteriors.com/west-laurel-md/roofing/,part of separate sub-site /west-laurel-md/,https://pandaexteriors.com/west-laurel-md/
https://pandaexteriors.com/west-laurel-md/roofing/attic-insulation/,part of separate sub-site /west-laurel-md/,https://pandaexteriors.com/west-laurel-md/
https://pandaexteriors.com/west-laurel-md/roofing/repairs/,part of separate sub-site /west-laurel-md/,https://pandaexteriors.com/west-laurel-md/
https://pandaexteriors.com/west-laurel-md/roofing/replacement/,part of separate sub-site /west-laurel-md/,https://pandaexteriors.com/west-laurel-md/
https://pandaexteriors.com/west-laurel-md/roofing/residential/,part of separate sub-site /west-laurel-md/,https://pandaexteriors.com/west-laurel-md/
https://pandaexteriors.com/west-laurel-md/roofing/types/,part of separate sub-site /west-laurel-md/,https://pandaexteriors.com/west-laurel-md/
https://pandaexteriors.com/west-laurel-md/services/,part of separate sub-site /west-laurel-md/,https://pandaexteriors.com/west-laurel-md/
https://pandaexteriors.com/west-laurel-md/siding/,part of separate sub-site /west-laurel-md/,https://pandaexteriors.com/west-laurel-md/
https://pandaexteriors.com/west-laurel-md/site-map/,part of separate sub-site /west-laurel-md/,https://pandaexteriors.com/west-laurel-md/
https://pandaexteriors.com/west-laurel-md/solar/,part of separate sub-site /west-laurel-md/,https://pandaexteriors.com/west-laurel-md/
https://pandaexteriors.com/west-laurel-md/solar/gaf-solar-roof/,part of separate sub-site /west-laurel-md/,https://pandaexteriors.com/west-laurel-md/
https://pandaexteriors.com/west-laurel-md/solar/solar-panel-installations/,part of separate sub-site /west-laurel-md/,https://pandaexteriors.com/west-laurel-md/
https://pandaexteriors.com/west-laurel-md/terms-and-conditions/,part of separate sub-site /west-laurel-md/,https://pandaexteriors.com/west-laurel-md/
https://www.pandaexteriors.com/west-laurel-md/,part of separate sub-site /west-laurel-md/,https://pandaexteriors.com/site-map/
https://pandaexteriors.com/wilmington-de/,part of separate sub-site /wilmington-de/,
https://pandaexteriors.com/wilmington-de/about/,part of separate sub-site /wilmington-de/,https://pandaexteriors.com/wilmington-de/
https://pandaexteriors.com/wilmington-de/blog/,part of separate sub-site /wilmington-de/,https://pandaexteriors.com/wilmington-de/
https://pandaexteriors.com/wilmington-de/blog/offer/10-off-roof-replacement/,part of separate sub-site /wilmington-de/,https://pandaexteriors.com/wilmington-de/
https://pandaexteriors.com/wilmington-de/blog/offer/1500-off-solar-project/,part of separate sub-site /wilmington-de/,https://pandaexteriors.com/wilmington-de/
https://pandaexteriors.com/wilmington-de/blog/offer/find-out-about-our-no-interest-financial-options/,part of separate sub-site /wilmington-de/,https://pandaexteriors.com/wilmington-de/
https://pandaexteriors.com/wilmington-de/blog/offer/professional-remodels-backed-by-a-100-satisfaction-guarantee/,part of separate sub-site /wilmington-de/,https://pandaexteriors.com/wilmington-de/
https://pandaexteriors.com/wilmington-de/charity-and-community/,part of separate sub-site /wilmington-de/,https://pandaexteriors.com/wilmington-de/
https://pandaexteriors.com/wilmington-de/commerical-roofing/,part of separate sub-site /wilmington-de/,https://pandaexteriors.com/wilmington-de/
https://pandaexteriors.com/wilmington-de/commerical-roofing/roof-replacement/,part of separate sub-site /wilmington-de/,https://pandaexteriors.com/wilmington-de/
https://pandaexteriors.com/wilmington-de/commerical-roofing/roof-types/,part of separate sub-site /wilmington-de/,https://pandaexteriors.com/wilmington-de/
https://pandaexteriors.com/wilmington-de/contact-us/,part of separate sub-site /wilmington-de/,https://pandaexteriors.com/wilmington-de/
https://pandaexteriors.com/wilmington-de/customer-service/,part of separate sub-site /wilmington-de/,https://pandaexteriors.com/wilmington-de/
https://pandaexteriors.com/wilmington-de/faqs/,part of separate sub-site /wilmington-de/,https://pandaexteriors.com/wilmington-de/
https://pandaexteriors.com/wilmington-de/gallery/,part of separate sub-site /wilmington-de/,https://pandaexteriors.com/wilmington-de/
https://pandaexteriors.com/wilmington-de/gutters/,part of separate sub-site /wilmington-de/,https://pandaexteriors.com/wilmington-de/
https://pandaexteriors.com/wilmington-de/gutters/gutter-guards/,part of separate sub-site /wilmington-de/,https://pandaexteriors.com/wilmington-de/
https://pandaexteriors.com/wilmington-de/offers/,part of separate sub-site /wilmington-de/,https://pandaexteriors.com/wilmington-de/
https://pandaexteriors.com/wilmington-de/past-projects/,part of separate sub-site /wilmington-de/,https://pandaexteriors.com/wilmington-de/
https://pandaexteriors.com/wilmington-de/privacy-policy/,part of separate sub-site /wilmington-de/,https://pandaexteriors.com/wilmington-de/
https://pandaexteriors.com/wilmington-de/reviews/,part of separate sub-site /wilmington-de/,https://pandaexteriors.com/wilmington-de/
https://pandaexteriors.com/wilmington-de/roofing-costs/,part of separate sub-site /wilmington-de/,https://pandaexteriors.com/wilmington-de/
https://pandaexteriors.com/wilmington-de/roofing/,part of separate sub-site /wilmington-de/,https://pandaexteriors.com/wilmington-de/
https://pandaexteriors.com/wilmington-de/roofing/attic-insulation/,part of separate sub-site /wilmington-de/,https://pandaexteriors.com/wilmington-de/
https://pandaexteriors.com/wilmington-de/roofing/repairs/,part of separate sub-site /wilmington-de/,https://pandaexteriors.com/wilmington-de/
https://pandaexteriors.com/wilmington-de/roofing/replacement/,part of separate sub-site /wilmington-de/,https://pandaexteriors.com/wilmington-de/
https://pandaexteriors.com/wilmington-de/roofing/residential/,part of separate sub-site /wilmington-de/,https://pandaexteriors.com/wilmington-de/
https://pandaexteriors.com/wilmington-de/roofing/types/,part of separate sub-site /wilmington-de/,https://pandaexteriors.com/wilmington-de/
https://pandaexteriors.com/wilmington-de/services/,part of separate sub-site /wilmington-de/,https://pandaexteriors.com/wilmington-de/
https://pandaexteriors.com/wilmington-de/siding/,part of separate sub-site /wilmington-de/,https://pandaexteriors.com/wilmington-de/
https://pandaexteriors.com/wilmington-de/site-map/,part of separate sub-site /wilmington-de/,https://pandaexteriors.com/wilmington-de/
https://pandaexteriors.com/wilmington-de/solar/,part of separate sub-site /wilmington-de/,https://pandaexteriors.com/wilmington-de/
https://pandaexteriors.com/wilmington-de/solar/gaf-solar-roof/,part of separate sub-site /wilmington-de/,https://pandaexteriors.com/wilmington-de/
https://pandaexteriors.com/wilmington-de/solar/solar-panel-installations/,part of separate sub-site /wilmington-de/,https://pandaexteriors.com/wilmington-de/
https://pandaexteriors.com/wilmington-de/terms-and-conditions/,part of separate sub-site /wilmington-de/,https://pandaexteriors.com/wilmington-de/
https://www.pandaexteriors.com/wilmington-de/,part of separate sub-site /wilmington-de/,https://pandaexteriors.com/site-map/
